[0.008s][info][gc] Using G1
[0.219s][info][gc] GC(0) Pause Young (Normal) (G1 Evacuation Pause) 6M->1M(16M) 2.099ms
[0.347s][info][gc] GC(1) Pause Young (Normal) (G1 Evacuation Pause) 6M->1M(16M) 2.134ms
[0.422s][info][gc] GC(2) Pause Young (Normal) (G1 Evacuation Pause) 6M->2M(16M) 1.224ms
[0.494s][info][gc] GC(3) Pause Young (Normal) (G1 Evacuation Pause) 8M->2M(16M) 1.653ms
[0.610s][info][gc] GC(4) Pause Young (Normal) (G1 Evacuation Pause) 9M->2M(16M) 0.943ms
[0.799s][info][gc] GC(5) Pause Young (Normal) (G1 Evacuation Pause) 10M->2M(16M) 1.739ms
[0.919s][info][gc] GC(6) Pause Young (Normal) (G1 Evacuation Pause) 10M->2M(16M) 1.393ms
[1.043s][info][gc] GC(7) Pause Young (Normal) (G1 Evacuation Pause) 10M->2M(16M) 1.569ms
[1.174s][info][gc] GC(8) Pause Young (Normal) (G1 Evacuation Pause) 10M->2M(16M) 1.377ms
[1.267s][info][gc] GC(9) Pause Young (Normal) (G1 Evacuation Pause) 10M->2M(16M) 1.534ms
[1.352s][info][gc] GC(10) Pause Young (Normal) (G1 Evacuation Pause) 10M->2M(16M) 2.390ms
[1.429s][info][gc] GC(11) Pause Young (Normal) (G1 Evacuation Pause) 10M->2M(16M) 1.703ms
[1.501s][info][gc] GC(12) Pause Young (Normal) (G1 Evacuation Pause) 10M->2M(16M) 1.691ms
[1.601s][info][gc] GC(13) Pause Young (Normal) (G1 Evacuation Pause) 10M->2M(16M) 1.714ms
[1.683s][info][gc] GC(14) Pause Young (Normal) (G1 Evacuation Pause) 10M->2M(16M) 2.037ms
[1.767s][info][gc] GC(15) Pause Young (Normal) (G1 Evacuation Pause) 10M->2M(16M) 2.783ms
[1.892s][info][gc] GC(16) Pause Young (Normal) (G1 Evacuation Pause) 10M->2M(16M) 2.397ms
[2.025s][info][gc] GC(17) Pause Young (Normal) (G1 Evacuation Pause) 10M->3M(16M) 3.817ms
[2.076s][info][gc] GC(18) Pause Young (Normal) (G1 Evacuation Pause) 10M->2M(16M) 1.774ms
[2.139s][info][gc] GC(19) Pause Young (Normal) (G1 Evacuation Pause) 10M->3M(16M) 2.469ms
[2.214s][info][gc] GC(20) Pause Young (Normal) (G1 Evacuation Pause) 11M->3M(16M) 1.902ms
[2.280s][info][gc] GC(21) Pause Young (Normal) (G1 Evacuation Pause) 11M->3M(16M) 2.213ms
[2.356s][info][gc] GC(22) Pause Young (Normal) (G1 Evacuation Pause) 10M->3M(16M) 2.352ms
[2.422s][info][gc] GC(23) Pause Young (Normal) (G1 Evacuation Pause) 11M->3M(16M) 1.418ms
[2.480s][info][gc] GC(24) Pause Young (Normal) (G1 Evacuation Pause) 11M->3M(16M) 1.650ms
[2.528s][info][gc] GC(25) Pause Young (Normal) (G1 Evacuation Pause) 11M->3M(16M) 2.376ms
[2.600s][info][gc] GC(26) Pause Young (Normal) (G1 Evacuation Pause) 11M->3M(16M) 2.561ms
[2.676s][info][gc] GC(27) Pause Young (Normal) (G1 Evacuation Pause) 10M->3M(16M) 1.793ms
[2.729s][info][gc] GC(28) Pause Young (Normal) (G1 Evacuation Pause) 11M->3M(16M) 2.226ms
[2.800s][info][gc] GC(29) Pause Young (Normal) (G1 Evacuation Pause) 11M->3M(16M) 2.493ms
[2.851s][info][gc] GC(30) Pause Young (Normal) (G1 Evacuation Pause) 11M->3M(16M) 1.469ms
[2.907s][info][gc] GC(31) Pause Young (Normal) (G1 Evacuation Pause) 11M->3M(16M) 2.327ms
[2.970s][info][gc] GC(32) Pause Young (Normal) (G1 Evacuation Pause) 11M->3M(16M) 2.122ms
[3.026s][info][gc] GC(33) Pause Young (Normal) (G1 Evacuation Pause) 11M->3M(16M) 2.208ms
[3.086s][info][gc] GC(34) Pause Young (Normal) (G1 Evacuation Pause) 11M->3M(16M) 2.143ms
[3.149s][info][gc] GC(35) Pause Young (Normal) (G1 Evacuation Pause) 11M->4M(16M) 2.786ms
[3.233s][info][gc] GC(36) Pause Young (Normal) (G1 Evacuation Pause) 12M->4M(16M) 1.693ms
[3.289s][info][gc] GC(37) Pause Young (Normal) (G1 Evacuation Pause) 12M->4M(16M) 1.656ms
[3.339s][info][gc] GC(38) Pause Young (Normal) (G1 Evacuation Pause) 12M->4M(16M) 1.853ms
[3.407s][info][gc] GC(39) Pause Young (Normal) (G1 Evacuation Pause) 12M->4M(16M) 1.416ms
[3.461s][info][gc] GC(40) Pause Young (Normal) (G1 Evacuation Pause) 12M->4M(16M) 2.079ms
[3.530s][info][gc] GC(41) Pause Young (Normal) (G1 Evacuation Pause) 12M->4M(16M) 2.133ms
[3.572s][info][gc] GC(42) Pause Young (Concurrent Start) (Metadata GC Threshold) 6M->4M(16M) 3.402ms
[3.572s][info][gc] GC(43) Concurrent Mark Cycle
[3.611s][info][gc] GC(43) Pause Remark 4M->4M(16M) 15.361ms
[3.613s][info][gc] GC(43) Pause Cleanup 4M->4M(16M) 0.046ms
[3.613s][info][gc] GC(43) Concurrent Mark Cycle 41.091ms
[3.684s][info][gc] GC(44) Pause Young (Prepare Mixed) (G1 Evacuation Pause) 12M->4M(16M) 1.613ms
[3.693s][info][gc] GC(45) Pause Young (Mixed) (G1 Evacuation Pause) 5M->3M(16M) 1.921ms
[3.757s][info][gc] GC(46) Pause Young (Normal) (G1 Evacuation Pause) 11M->3M(16M) 1.998ms
[3.816s][info][gc] GC(47) Pause Young (Normal) (G1 Evacuation Pause) 11M->3M(16M) 1.630ms
[3.881s][info][gc] GC(48) Pause Young (Normal) (G1 Evacuation Pause) 11M->3M(16M) 1.075ms
[3.927s][info][gc] GC(49) Pause Young (Normal) (G1 Evacuation Pause) 11M->3M(16M) 1.742ms
[4.008s][info][gc] GC(50) Pause Young (Normal) (G1 Evacuation Pause) 11M->3M(16M) 1.386ms
[4.071s][info][gc] GC(51) Pause Young (Normal) (G1 Evacuation Pause) 11M->3M(16M) 1.446ms
[4.132s][info][gc] GC(52) Pause Young (Normal) (G1 Evacuation Pause) 11M->3M(16M) 1.894ms
[4.197s][info][gc] GC(53) Pause Young (Normal) (G1 Evacuation Pause) 11M->4M(16M) 2.028ms
[4.249s][info][gc] GC(54) Pause Young (Normal) (G1 Evacuation Pause) 12M->4M(16M) 1.684ms
[4.290s][info][gc] GC(55) Pause Young (Normal) (G1 Evacuation Pause) 12M->4M(16M) 1.380ms
[4.332s][info][gc] GC(56) Pause Young (Normal) (G1 Evacuation Pause) 12M->4M(16M) 1.199ms
[4.386s][info][gc] GC(57) Pause Young (Normal) (G1 Evacuation Pause) 12M->4M(16M) 1.293ms
[4.425s][info][gc] GC(58) Pause Young (Normal) (G1 Evacuation Pause) 12M->4M(16M) 1.765ms
[4.476s][info][gc] GC(59) Pause Young (Normal) (G1 Evacuation Pause) 12M->4M(16M) 1.865ms
[4.538s][info][gc] GC(60) Pause Young (Normal) (G1 Evacuation Pause) 12M->4M(16M) 1.768ms
[4.612s][info][gc] GC(61) Pause Young (Normal) (G1 Evacuation Pause) 12M->4M(16M) 2.395ms
[4.659s][info][gc] GC(62) Pause Young (Normal) (G1 Evacuation Pause) 12M->4M(16M) 1.966ms
[4.699s][info][gc] GC(63) Pause Young (Normal) (G1 Evacuation Pause) 12M->4M(16M) 1.442ms
[4.736s][info][gc] GC(64) Pause Young (Normal) (G1 Evacuation Pause) 12M->4M(16M) 2.013ms
[4.786s][info][gc] GC(65) Pause Young (Normal) (G1 Evacuation Pause) 12M->4M(16M) 1.502ms
[4.851s][info][gc] GC(66) Pause Young (Normal) (G1 Evacuation Pause) 12M->4M(16M) 1.654ms
[4.888s][info][gc] GC(67) Pause Young (Normal) (G1 Evacuation Pause) 12M->4M(16M) 1.903ms
[4.926s][info][gc] GC(68) Pause Young (Normal) (G1 Evacuation Pause) 12M->5M(16M) 1.533ms
[4.946s][info][gc] GC(69) Pause Young (Normal) (G1 Evacuation Pause) 10M->5M(16M) 1.576ms
[4.988s][info][gc] GC(70) Pause Young (Normal) (G1 Evacuation Pause) 12M->5M(16M) 1.579ms
[5.018s][info][gc] GC(71) Pause Young (Normal) (G1 Evacuation Pause) 12M->5M(16M) 1.115ms
[5.048s][info][gc] GC(72) Pause Young (Normal) (G1 Evacuation Pause) 12M->5M(16M) 1.288ms
[5.086s][info][gc] GC(73) Pause Young (Normal) (G1 Evacuation Pause) 12M->5M(16M) 0.932ms
[5.113s][info][gc] GC(74) Pause Young (Normal) (G1 Evacuation Pause) 12M->5M(16M) 1.036ms
[5.147s][info][gc] GC(75) Pause Young (Normal) (G1 Evacuation Pause) 12M->5M(16M) 1.291ms
[5.194s][info][gc] GC(76) Pause Young (Normal) (G1 Evacuation Pause) 12M->5M(16M) 1.399ms
[5.230s][info][gc] GC(77) Pause Young (Normal) (G1 Evacuation Pause) 12M->5M(16M) 1.738ms
[5.265s][info][gc] GC(78) Pause Young (Normal) (G1 Evacuation Pause) 12M->5M(16M) 1.377ms
[5.296s][info][gc] GC(79) Pause Young (Normal) (G1 Evacuation Pause) 12M->5M(16M) 0.972ms
[5.325s][info][gc] GC(80) Pause Young (Normal) (G1 Evacuation Pause) 11M->5M(16M) 1.120ms
[5.354s][info][gc] GC(81) Pause Young (Normal) (G1 Evacuation Pause) 11M->5M(16M) 2.027ms
[5.395s][info][gc] GC(82) Pause Young (Normal) (G1 Evacuation Pause) 11M->5M(16M) 1.153ms
[5.419s][info][gc] GC(83) Pause Young (Normal) (G1 Evacuation Pause) 11M->5M(16M) 1.093ms
[5.448s][info][gc] GC(84) Pause Young (Normal) (G1 Evacuation Pause) 11M->5M(16M) 0.931ms
[5.475s][info][gc] GC(85) Pause Young (Normal) (G1 Evacuation Pause) 11M->5M(16M) 1.528ms
[5.503s][info][gc] GC(86) Pause Young (Normal) (G1 Evacuation Pause) 11M->5M(16M) 0.982ms
[5.530s][info][gc] GC(87) Pause Young (Normal) (G1 Evacuation Pause) 11M->6M(16M) 1.409ms
[5.558s][info][gc] GC(88) Pause Young (Normal) (G1 Evacuation Pause) 12M->5M(16M) 1.883ms
[5.597s][info][gc] GC(89) Pause Young (Normal) (G1 Evacuation Pause) 11M->6M(16M) 1.637ms
[5.630s][info][gc] GC(90) Pause Young (Normal) (G1 Evacuation Pause) 12M->6M(16M) 1.321ms
[5.662s][info][gc] GC(91) Pause Young (Normal) (G1 Evacuation Pause) 12M->6M(16M) 1.714ms
[5.692s][info][gc] GC(92) Pause Young (Normal) (G1 Evacuation Pause) 12M->6M(16M) 1.380ms
[5.726s][info][gc] GC(93) Pause Young (Normal) (G1 Evacuation Pause) 12M->6M(16M) 1.365ms
[5.751s][info][gc] GC(94) Pause Young (Normal) (G1 Evacuation Pause) 12M->6M(16M) 1.245ms
[5.794s][info][gc] GC(95) Pause Young (Normal) (G1 Evacuation Pause) 12M->6M(16M) 1.620ms
[5.835s][info][gc] GC(96) Pause Young (Normal) (G1 Evacuation Pause) 12M->6M(16M) 1.573ms
[5.874s][info][gc] GC(97) Pause Young (Normal) (G1 Evacuation Pause) 12M->6M(16M) 1.189ms
[5.905s][info][gc] GC(98) Pause Young (Normal) (G1 Evacuation Pause) 12M->6M(16M) 1.404ms
[5.932s][info][gc] GC(99) Pause Young (Normal) (G1 Evacuation Pause) 12M->6M(16M) 1.804ms
[5.954s][info][gc] GC(100) Pause Young (Normal) (G1 Evacuation Pause) 11M->6M(16M) 1.061ms
[5.983s][info][gc] GC(101) Pause Young (Normal) (G1 Evacuation Pause) 11M->6M(16M) 0.966ms
[6.004s][info][gc] GC(102) Pause Young (Normal) (G1 Evacuation Pause) 11M->6M(16M) 0.990ms
[6.025s][info][gc] GC(103) Pause Young (Normal) (G1 Evacuation Pause) 11M->6M(16M) 1.343ms
[6.044s][info][gc] GC(104) Pause Young (Normal) (G1 Evacuation Pause) 11M->6M(16M) 0.962ms
[6.064s][info][gc] GC(105) Pause Young (Normal) (G1 Evacuation Pause) 11M->6M(16M) 1.130ms
[6.083s][info][gc] GC(106) Pause Young (Normal) (G1 Evacuation Pause) 11M->6M(16M) 1.237ms
[6.104s][info][gc] GC(107) Pause Young (Normal) (G1 Evacuation Pause) 11M->6M(16M) 1.131ms
[6.123s][info][gc] GC(108) Pause Young (Normal) (G1 Evacuation Pause) 11M->6M(16M) 1.060ms
[6.142s][info][gc] GC(109) Pause Young (Normal) (G1 Evacuation Pause) 11M->6M(16M) 1.066ms
[6.167s][info][gc] GC(110) Pause Young (Normal) (G1 Evacuation Pause) 11M->7M(16M) 2.122ms
[6.187s][info][gc] GC(111) Pause Young (Normal) (G1 Evacuation Pause) 12M->6M(16M) 1.268ms
[6.208s][info][gc] GC(112) Pause Young (Normal) (G1 Evacuation Pause) 11M->7M(16M) 1.051ms
[6.229s][info][gc] GC(113) Pause Young (Normal) (G1 Evacuation Pause) 12M->7M(16M) 1.097ms
[6.237s][info][gc] GC(114) Pause Young (Concurrent Start) (Metadata GC Threshold) 8M->7M(16M) 2.131ms
[6.237s][info][gc] GC(115) Concurrent Mark Cycle
[6.261s][info][gc] GC(115) Pause Remark 7M->7M(16M) 22.253ms
[6.263s][info][gc] GC(115) Pause Cleanup 7M->7M(16M) 0.039ms
[6.263s][info][gc] GC(115) Concurrent Mark Cycle 26.114ms
[6.281s][info][gc] GC(116) Pause Young (Prepare Mixed) (G1 Evacuation Pause) 12M->7M(16M) 1.024ms
[6.286s][info][gc] GC(117) Pause Young (Mixed) (G1 Evacuation Pause) 8M->5M(16M) 0.909ms
[6.293s][info][gc] GC(118) Pause Young (Mixed) (G1 Evacuation Pause) 6M->3M(16M) 1.533ms
[6.333s][info][gc] GC(119) Pause Young (Normal) (G1 Evacuation Pause) 11M->3M(16M) 1.209ms
[6.372s][info][gc] GC(120) Pause Young (Normal) (G1 Evacuation Pause) 11M->3M(16M) 1.449ms
[6.401s][info][gc] GC(121) Pause Young (Normal) (G1 Evacuation Pause) 11M->3M(16M) 1.025ms
[6.426s][info][gc] GC(122) Pause Young (Normal) (G1 Evacuation Pause) 11M->3M(16M) 0.889ms
[6.450s][info][gc] GC(123) Pause Young (Normal) (G1 Evacuation Pause) 11M->3M(16M) 1.029ms
[6.476s][info][gc] GC(124) Pause Young (Normal) (G1 Evacuation Pause) 11M->3M(16M) 1.035ms
[6.501s][info][gc] GC(125) Pause Young (Normal) (G1 Evacuation Pause) 11M->3M(16M) 1.129ms
[6.529s][info][gc] GC(126) Pause Young (Normal) (G1 Evacuation Pause) 11M->3M(16M) 1.295ms
[6.572s][info][gc] GC(127) Pause Young (Normal) (G1 Evacuation Pause) 11M->4M(16M) 2.815ms
[6.600s][info][gc] GC(128) Pause Young (Normal) (G1 Evacuation Pause) 10M->4M(16M) 1.888ms
[6.648s][info][gc] GC(129) Pause Young (Normal) (G1 Evacuation Pause) 11M->4M(16M) 1.654ms
[6.721s][info][gc] GC(130) Pause Young (Normal) (G1 Evacuation Pause) 12M->4M(16M) 1.722ms
[6.789s][info][gc] GC(131) Pause Young (Normal) (G1 Evacuation Pause) 11M->5M(16M) 3.138ms
[6.864s][info][gc] GC(132) Pause Young (Normal) (G1 Evacuation Pause) 12M->6M(16M) 6.271ms
[7.062s][info][gc] GC(133) Pause Young (Normal) (G1 Evacuation Pause) 11M->6M(16M) 2.365ms
[7.188s][info][gc] GC(134) Pause Young (Normal) (G1 Evacuation Pause) 11M->6M(16M) 1.849ms
[7.291s][info][gc] GC(135) Pause Young (Normal) (G1 Evacuation Pause) 10M->6M(16M) 2.251ms
[7.414s][info][gc] GC(136) Pause Young (Normal) (G1 Evacuation Pause) 10M->7M(16M) 2.887ms
[7.496s][info][gc] GC(137) Pause Young (Normal) (G1 Evacuation Pause) 11M->7M(16M) 2.854ms
[7.576s][info][gc] GC(138) Pause Young (Normal) (G1 Evacuation Pause) 11M->7M(16M) 3.605ms
[7.676s][info][gc] GC(139) Pause Young (Normal) (G1 Evacuation Pause) 11M->7M(16M) 1.715ms
[7.742s][info][gc] GC(140) Pause Young (Normal) (G1 Evacuation Pause) 11M->7M(16M) 1.457ms
[7.806s][info][gc] GC(141) Pause Young (Concurrent Start) (G1 Evacuation Pause) 11M->7M(16M) 2.494ms
[7.806s][info][gc] GC(142) Concurrent Mark Cycle
[7.826s][info][gc] GC(142) Pause Remark 8M->8M(16M) 14.797ms
[7.829s][info][gc] GC(142) Pause Cleanup 8M->8M(16M) 0.040ms
[7.829s][info][gc] GC(142) Concurrent Mark Cycle 22.441ms
[7.870s][info][gc] GC(143) Pause Young (Prepare Mixed) (G1 Evacuation Pause) 11M->7M(16M) 3.112ms
[7.882s][info][gc] GC(144) Pause Young (Mixed) (G1 Evacuation Pause) 8M->6M(16M) 2.176ms
[7.894s][info][gc] GC(145) Pause Young (Mixed) (G1 Evacuation Pause) 7M->5M(16M) 2.218ms
[7.958s][info][gc] GC(146) Pause Young (Normal) (G1 Evacuation Pause) 11M->5M(16M) 1.955ms
[8.084s][info][gc] GC(147) Pause Young (Normal) (G1 Evacuation Pause) 12M->5M(16M) 2.411ms
[8.267s][info][gc] GC(148) Pause Young (Concurrent Start) (G1 Evacuation Pause) 11M->5M(16M) 2.222ms
[8.267s][info][gc] GC(149) Concurrent Mark Cycle
[8.283s][info][gc] GC(149) Pause Remark 6M->6M(16M) 9.294ms
[8.287s][info][gc] GC(149) Pause Cleanup 6M->6M(16M) 0.070ms
[8.288s][info][gc] GC(149) Concurrent Mark Cycle 20.918ms
[8.358s][info][gc] GC(150) Pause Young (Normal) (G1 Evacuation Pause) 11M->5M(16M) 2.102ms
[8.440s][info][gc] GC(151) Pause Young (Concurrent Start) (G1 Evacuation Pause) 11M->5M(16M) 2.268ms
[8.441s][info][gc] GC(152) Concurrent Mark Cycle
[8.456s][info][gc] GC(152) Pause Remark 6M->6M(16M) 10.587ms
[8.459s][info][gc] GC(152) Pause Cleanup 6M->6M(16M) 0.053ms
[8.459s][info][gc] GC(152) Concurrent Mark Cycle 18.484ms
[8.509s][info][gc] GC(153) Pause Young (Normal) (G1 Evacuation Pause) 11M->5M(16M) 1.632ms
[8.577s][info][gc] GC(154) Pause Young (Normal) (G1 Evacuation Pause) 11M->6M(16M) 1.972ms
[8.641s][info][gc] GC(155) Pause Young (Normal) (G1 Evacuation Pause) 12M->6M(16M) 1.568ms
[8.697s][info][gc] GC(156) Pause Young (Normal) (G1 Evacuation Pause) 12M->6M(16M) 1.824ms
[8.753s][info][gc] GC(157) Pause Young (Normal) (G1 Evacuation Pause) 12M->6M(16M) 2.791ms
[8.875s][info][gc] GC(158) Pause Young (Normal) (G1 Evacuation Pause) 12M->6M(16M) 2.244ms
[8.965s][info][gc] GC(159) Pause Young (Normal) (G1 Evacuation Pause) 12M->6M(16M) 2.501ms
[9.121s][info][gc] GC(160) Pause Young (Normal) (G1 Evacuation Pause) 12M->6M(16M) 2.659ms
[9.345s][info][gc] GC(161) Pause Young (Normal) (G1 Evacuation Pause) 12M->6M(16M) 1.562ms
[9.470s][info][gc] GC(162) Pause Young (Normal) (G1 Evacuation Pause) 12M->6M(16M) 1.551ms
[9.534s][info][gc] GC(163) Pause Young (Normal) (G1 Evacuation Pause) 12M->6M(16M) 1.461ms
[9.622s][info][gc] GC(164) Pause Young (Normal) (G1 Evacuation Pause) 12M->6M(16M) 2.040ms
[9.686s][info][gc] GC(165) Pause Young (Concurrent Start) (G1 Evacuation Pause) 11M->6M(16M) 2.341ms
[9.686s][info][gc] GC(166) Concurrent Mark Cycle
[9.701s][info][gc] GC(166) Pause Remark 7M->7M(16M) 8.795ms
[9.704s][info][gc] GC(166) Pause Cleanup 7M->7M(16M) 0.046ms
[9.704s][info][gc] GC(166) Concurrent Mark Cycle 17.632ms
[9.738s][info][gc] GC(167) Pause Young (Prepare Mixed) (G1 Evacuation Pause) 11M->6M(16M) 1.957ms
[9.750s][info][gc] GC(168) Pause Young (Mixed) (G1 Evacuation Pause) 7M->5M(16M) 3.049ms
[9.823s][info][gc] GC(169) Pause Young (Normal) (G1 Evacuation Pause) 11M->6M(16M) 1.532ms
[9.884s][info][gc] GC(170) Pause Young (Normal) (G1 Evacuation Pause) 12M->6M(16M) 1.472ms
[9.949s][info][gc] GC(171) Pause Young (Normal) (G1 Evacuation Pause) 12M->6M(16M) 1.050ms
[10.020s][info][gc] GC(172) Pause Young (Normal) (G1 Evacuation Pause) 12M->6M(16M) 1.734ms
[10.095s][info][gc] GC(173) Pause Young (Normal) (G1 Evacuation Pause) 12M->6M(16M) 1.372ms
[10.144s][info][gc] GC(174) Pause Young (Normal) (G1 Evacuation Pause) 12M->6M(16M) 1.549ms
[10.241s][info][gc] GC(175) Pause Young (Normal) (G1 Evacuation Pause) 12M->6M(16M) 1.460ms
[10.301s][info][gc] GC(176) Pause Young (Normal) (G1 Evacuation Pause) 12M->6M(16M) 1.629ms
[10.359s][info][gc] GC(177) Pause Young (Normal) (G1 Evacuation Pause) 12M->6M(16M) 1.368ms
[10.462s][info][gc] GC(178) Pause Young (Normal) (G1 Evacuation Pause) 12M->6M(16M) 1.328ms
[10.517s][info][gc] GC(179) Pause Young (Concurrent Start) (G1 Evacuation Pause) 11M->6M(16M) 2.479ms
[10.517s][info][gc] GC(180) Concurrent Mark Cycle
[10.534s][info][gc] GC(180) Pause Remark 7M->7M(16M) 10.827ms
[10.539s][info][gc] GC(180) Pause Cleanup 7M->7M(16M) 0.060ms
[10.540s][info][gc] GC(180) Concurrent Mark Cycle 22.191ms
[10.583s][info][gc] GC(181) Pause Young (Prepare Mixed) (G1 Evacuation Pause) 11M->6M(16M) 2.479ms
[10.608s][info][gc] GC(182) Pause Young (Mixed) (G1 Evacuation Pause) 7M->6M(16M) 2.617ms
[10.664s][info][gc] GC(183) Pause Young (Normal) (G1 Evacuation Pause) 12M->6M(16M) 1.559ms
[10.725s][info][gc] GC(184) Pause Young (Normal) (G1 Evacuation Pause) 12M->6M(16M) 1.383ms
[10.784s][info][gc] GC(185) Pause Young (Normal) (G1 Evacuation Pause) 12M->6M(16M) 1.558ms
[10.971s][info][gc] GC(186) Pause Young (Normal) (G1 Evacuation Pause) 12M->6M(16M) 3.886ms
[11.083s][info][gc] GC(187) Pause Young (Normal) (G1 Evacuation Pause) 12M->6M(16M) 1.791ms
[11.135s][info][gc] GC(188) Pause Young (Concurrent Start) (G1 Evacuation Pause) 11M->6M(16M) 1.867ms
[11.135s][info][gc] GC(189) Concurrent Mark Cycle
[11.149s][info][gc] GC(189) Pause Remark 7M->7M(16M) 7.878ms
[11.151s][info][gc] GC(189) Pause Cleanup 7M->7M(16M) 0.050ms
[11.152s][info][gc] GC(189) Concurrent Mark Cycle 16.345ms
[11.221s][info][gc] GC(190) Pause Young (Prepare Mixed) (G1 Evacuation Pause) 11M->6M(16M) 1.724ms
[11.237s][info][gc] GC(191) Pause Young (Mixed) (G1 Evacuation Pause) 7M->6M(16M) 3.080ms
[11.299s][info][gc] GC(192) Pause Young (Normal) (G1 Evacuation Pause) 12M->6M(16M) 1.396ms
[11.366s][info][gc] GC(193) Pause Young (Normal) (G1 Evacuation Pause) 12M->6M(16M) 1.762ms
[11.459s][info][gc] GC(194) Pause Full (System.gc()) 9M->5M(16M) 44.465ms
[11.533s][info][gc] GC(195) Pause Young (Normal) (G1 Evacuation Pause) 12M->5M(16M) 0.674ms
[11.580s][info][gc] GC(196) Pause Young (Normal) (G1 Evacuation Pause) 11M->5M(16M) 0.759ms
[11.640s][info][gc] GC(197) Pause Young (Normal) (G1 Evacuation Pause) 11M->5M(16M) 1.006ms
[11.690s][info][gc] GC(198) Pause Young (Normal) (G1 Evacuation Pause) 11M->5M(16M) 0.826ms
[11.741s][info][gc] GC(199) Pause Young (Normal) (G1 Evacuation Pause) 11M->5M(16M) 0.838ms
[11.800s][info][gc] GC(200) Pause Young (Normal) (G1 Evacuation Pause) 11M->5M(16M) 1.461ms
[11.855s][info][gc] GC(201) Pause Young (Normal) (G1 Evacuation Pause) 11M->5M(16M) 1.339ms
[11.891s][info][gc] GC(202) Pause Young (Normal) (G1 Evacuation Pause) 11M->5M(16M) 0.862ms
[11.912s][info][gc] GC(203) Pause Young (Normal) (G1 Evacuation Pause) 11M->5M(16M) 0.984ms
[11.933s][info][gc] GC(204) Pause Young (Normal) (G1 Evacuation Pause) 11M->5M(16M) 1.025ms
[11.953s][info][gc] GC(205) Pause Young (Concurrent Start) (G1 Evacuation Pause) 10M->5M(16M) 1.458ms
[11.953s][info][gc] GC(206) Concurrent Mark Cycle
[11.963s][info][gc] GC(206) Pause Remark 6M->6M(16M) 5.541ms
[11.966s][info][gc] GC(206) Pause Cleanup 7M->7M(16M) 0.050ms
[11.966s][info][gc] GC(206) Concurrent Mark Cycle 13.157ms
[11.996s][info][gc] GC(207) Pause Young (Prepare Mixed) (G1 Evacuation Pause) 10M->5M(16M) 2.269ms
[12.008s][info][gc] GC(208) Pause Young (Mixed) (G1 Evacuation Pause) 6M->5M(16M) 1.345ms
[12.034s][info][gc] GC(209) Pause Young (Normal) (G1 Evacuation Pause) 11M->5M(16M) 1.213ms
[12.065s][info][gc] GC(210) Pause Young (Normal) (G1 Evacuation Pause) 11M->5M(16M) 1.755ms
[12.096s][info][gc] GC(211) Pause Young (Normal) (G1 Evacuation Pause) 11M->5M(16M) 1.174ms
[12.140s][info][gc] GC(212) Pause Young (Normal) (G1 Evacuation Pause) 11M->6M(16M) 1.295ms
[12.180s][info][gc] GC(213) Pause Young (Normal) (G1 Evacuation Pause) 12M->6M(16M) 1.539ms
[12.223s][info][gc] GC(214) Pause Young (Normal) (G1 Evacuation Pause) 12M->6M(16M) 1.108ms
[12.248s][info][gc] GC(215) Pause Young (Normal) (G1 Evacuation Pause) 12M->6M(16M) 1.047ms
[12.276s][info][gc] GC(216) Pause Young (Normal) (G1 Evacuation Pause) 12M->6M(16M) 1.011ms
[12.306s][info][gc] GC(217) Pause Young (Normal) (G1 Evacuation Pause) 12M->6M(16M) 1.463ms
[12.341s][info][gc] GC(218) Pause Young (Normal) (G1 Evacuation Pause) 12M->6M(16M) 1.297ms
[12.381s][info][gc] GC(219) Pause Young (Normal) (G1 Evacuation Pause) 12M->6M(16M) 1.286ms
[12.432s][info][gc] GC(220) Pause Young (Normal) (G1 Evacuation Pause) 12M->6M(16M) 1.301ms
[12.480s][info][gc] GC(221) Pause Full (System.gc()) 8M->5M(16M) 34.218ms
[12.518s][info][gc] GC(222) Pause Young (Normal) (G1 Evacuation Pause) 12M->5M(16M) 0.723ms
[12.550s][info][gc] GC(223) Pause Young (Normal) (G1 Evacuation Pause) 11M->5M(16M) 0.891ms
[12.577s][info][gc] GC(224) Pause Young (Normal) (G1 Evacuation Pause) 11M->5M(16M) 0.987ms
[12.617s][info][gc] GC(225) Pause Young (Normal) (G1 Evacuation Pause) 11M->5M(16M) 0.852ms
[12.650s][info][gc] GC(226) Pause Young (Normal) (G1 Evacuation Pause) 11M->5M(16M) 0.702ms
[12.692s][info][gc] GC(227) Pause Young (Normal) (G1 Evacuation Pause) 11M->5M(16M) 0.912ms
[12.720s][info][gc] GC(228) Pause Young (Normal) (G1 Evacuation Pause) 11M->5M(16M) 0.752ms
[12.745s][info][gc] GC(229) Pause Young (Normal) (G1 Evacuation Pause) 11M->5M(16M) 1.079ms
[12.772s][info][gc] GC(230) Pause Young (Normal) (G1 Evacuation Pause) 11M->5M(16M) 1.207ms
[12.818s][info][gc] GC(231) Pause Young (Normal) (G1 Evacuation Pause) 11M->6M(16M) 1.219ms
[12.860s][info][gc] GC(232) Pause Young (Concurrent Start) (G1 Evacuation Pause) 11M->6M(16M) 2.057ms
[12.860s][info][gc] GC(233) Concurrent Mark Cycle
[12.876s][info][gc] GC(233) Pause Remark 6M->6M(16M) 9.064ms
[12.879s][info][gc] GC(233) Pause Cleanup 6M->6M(16M) 0.045ms
[12.879s][info][gc] GC(233) Concurrent Mark Cycle 18.797ms
[12.901s][info][gc] GC(234) Pause Young (Prepare Mixed) (G1 Evacuation Pause) 11M->6M(16M) 1.359ms
[12.908s][info][gc] GC(235) Pause Young (Mixed) (G1 Evacuation Pause) 7M->6M(16M) 1.300ms
[12.936s][info][gc] GC(236) Pause Young (Normal) (G1 Evacuation Pause) 12M->6M(16M) 1.023ms
[12.964s][info][gc] GC(237) Pause Young (Normal) (G1 Evacuation Pause) 12M->6M(16M) 1.383ms
[13.012s][info][gc] GC(238) Pause Young (Normal) (G1 Evacuation Pause) 12M->6M(16M) 1.722ms
[13.044s][info][gc] GC(239) Pause Young (Normal) (G1 Evacuation Pause) 12M->6M(16M) 1.564ms
[13.077s][info][gc] GC(240) Pause Young (Normal) (G1 Evacuation Pause) 12M->6M(16M) 1.277ms
[13.102s][info][gc] GC(241) Pause Young (Normal) (G1 Evacuation Pause) 12M->6M(16M) 1.047ms
[13.127s][info][gc] GC(242) Pause Young (Normal) (G1 Evacuation Pause) 12M->6M(16M) 1.185ms
[13.150s][info][gc] GC(243) Pause Young (Normal) (G1 Evacuation Pause) 12M->6M(16M) 0.908ms
[13.170s][info][gc] GC(244) Pause Young (Concurrent Start) (G1 Evacuation Pause) 11M->6M(16M) 1.438ms
[13.170s][info][gc] GC(245) Concurrent Mark Cycle
[13.184s][info][gc] GC(245) Pause Remark 7M->7M(16M) 8.556ms
[13.186s][info][gc] GC(245) Pause Cleanup 8M->8M(16M) 0.040ms
[13.186s][info][gc] GC(245) Concurrent Mark Cycle 15.940ms
[13.214s][info][gc] GC(246) Pause Young (Prepare Mixed) (G1 Evacuation Pause) 11M->6M(16M) 1.332ms
[13.220s][info][gc] GC(247) Pause Young (Mixed) (G1 Evacuation Pause) 7M->6M(16M) 1.206ms
[13.244s][info][gc] GC(248) Pause Young (Normal) (G1 Evacuation Pause) 12M->6M(16M) 2.268ms
[13.299s][info][gc] GC(249) Pause Young (Normal) (G1 Evacuation Pause) 12M->6M(16M) 1.576ms
[13.329s][info][gc] GC(250) Pause Young (Normal) (G1 Evacuation Pause) 12M->6M(16M) 1.847ms
[13.362s][info][gc] GC(251) Pause Young (Normal) (G1 Evacuation Pause) 12M->6M(16M) 1.363ms
[13.391s][info][gc] GC(252) Pause Young (Normal) (G1 Evacuation Pause) 12M->6M(16M) 1.037ms
[13.416s][info][gc] GC(253) Pause Young (Normal) (G1 Evacuation Pause) 12M->6M(16M) 1.185ms
[13.436s][info][gc] GC(254) Pause Young (Normal) (G1 Evacuation Pause) 12M->6M(16M) 0.978ms
[13.454s][info][gc] GC(255) Pause Young (Normal) (G1 Evacuation Pause) 12M->6M(16M) 0.811ms
[13.470s][info][gc] GC(256) Pause Young (Concurrent Start) (G1 Evacuation Pause) 11M->6M(16M) 1.163ms
[13.470s][info][gc] GC(257) Concurrent Mark Cycle
[13.482s][info][gc] GC(257) Pause Remark 8M->8M(16M) 6.455ms
[13.484s][info][gc] GC(257) Pause Cleanup 8M->8M(16M) 0.032ms
[13.484s][info][gc] GC(257) Concurrent Mark Cycle 13.474ms
[13.496s][info][gc] GC(258) Pause Young (Prepare Mixed) (G1 Evacuation Pause) 11M->6M(16M) 0.840ms
[13.500s][info][gc] GC(259) Pause Young (Mixed) (G1 Evacuation Pause) 7M->6M(16M) 1.468ms
[13.518s][info][gc] GC(260) Pause Young (Normal) (G1 Evacuation Pause) 12M->6M(16M) 0.870ms
[13.537s][info][gc] GC(261) Pause Young (Normal) (G1 Evacuation Pause) 12M->6M(16M) 1.028ms
[13.555s][info][gc] GC(262) Pause Young (Normal) (G1 Evacuation Pause) 12M->6M(16M) 1.182ms
[13.573s][info][gc] GC(263) Pause Young (Normal) (G1 Evacuation Pause) 12M->6M(16M) 0.911ms
[13.592s][info][gc] GC(264) Pause Young (Normal) (G1 Evacuation Pause) 12M->6M(16M) 0.975ms
[13.618s][info][gc] GC(265) Pause Young (Normal) (G1 Evacuation Pause) 12M->6M(16M) 1.389ms
[13.636s][info][gc] GC(266) Pause Young (Concurrent Start) (G1 Evacuation Pause) 11M->6M(16M) 1.265ms
[13.636s][info][gc] GC(267) Concurrent Mark Cycle
[13.647s][info][gc] GC(267) Pause Remark 8M->8M(16M) 6.623ms
[13.649s][info][gc] GC(267) Pause Cleanup 8M->8M(16M) 0.032ms
[13.649s][info][gc] GC(267) Concurrent Mark Cycle 13.358ms
[13.661s][info][gc] GC(268) Pause Young (Prepare Mixed) (G1 Evacuation Pause) 11M->6M(16M) 0.901ms
[13.665s][info][gc] GC(269) Pause Young (Mixed) (G1 Evacuation Pause) 7M->6M(16M) 1.036ms
[13.684s][info][gc] GC(270) Pause Young (Normal) (G1 Evacuation Pause) 12M->6M(16M) 0.735ms
[13.718s][info][gc] GC(271) Pause Young (Normal) (G1 Evacuation Pause) 12M->6M(16M) 1.120ms
[13.754s][info][gc] GC(272) Pause Young (Normal) (G1 Evacuation Pause) 12M->6M(16M) 1.345ms
[13.790s][info][gc] GC(273) Pause Young (Normal) (G1 Evacuation Pause) 12M->6M(16M) 1.260ms
[13.831s][info][gc] GC(274) Pause Young (Concurrent Start) (G1 Evacuation Pause) 11M->6M(16M) 1.911ms
[13.831s][info][gc] GC(275) Concurrent Mark Cycle
[13.845s][info][gc] GC(275) Pause Remark 7M->7M(16M) 7.744ms
[13.848s][info][gc] GC(275) Pause Cleanup 7M->7M(16M) 0.053ms
[13.848s][info][gc] GC(275) Concurrent Mark Cycle 17.155ms
[13.866s][info][gc] GC(276) Pause Young (Prepare Mixed) (G1 Evacuation Pause) 11M->6M(16M) 1.106ms
[13.876s][info][gc] GC(277) Pause Young (Mixed) (G1 Evacuation Pause) 7M->6M(16M) 2.362ms
[13.907s][info][gc] GC(278) Pause Young (Normal) (G1 Evacuation Pause) 12M->6M(16M) 1.115ms
[13.942s][info][gc] GC(279) Pause Young (Normal) (G1 Evacuation Pause) 12M->6M(16M) 1.233ms
[13.984s][info][gc] GC(280) Pause Young (Concurrent Start) (G1 Evacuation Pause) 11M->6M(16M) 2.219ms
[13.984s][info][gc] GC(281) Concurrent Mark Cycle
[14.003s][info][gc] GC(281) Pause Remark 7M->7M(16M) 10.887ms
[14.007s][info][gc] GC(281) Pause Cleanup 7M->7M(16M) 0.091ms
[14.008s][info][gc] GC(281) Concurrent Mark Cycle 23.294ms
[14.053s][info][gc] GC(282) Pause Young (Prepare Mixed) (G1 Evacuation Pause) 11M->6M(16M) 1.884ms
[14.061s][info][gc] GC(283) Pause Young (Mixed) (G1 Evacuation Pause) 7M->6M(16M) 2.071ms
[14.103s][info][gc] GC(284) Pause Young (Normal) (G1 Evacuation Pause) 12M->6M(16M) 1.680ms
[14.163s][info][gc] GC(285) Pause Young (Normal) (G1 Evacuation Pause) 12M->6M(16M) 1.850ms
[14.222s][info][gc] GC(286) Pause Young (Concurrent Start) (G1 Evacuation Pause) 11M->6M(16M) 4.119ms
[14.223s][info][gc] GC(287) Concurrent Mark Cycle
[14.244s][info][gc] GC(287) Pause Remark 7M->7M(16M) 12.673ms
[14.247s][info][gc] GC(287) Pause Cleanup 7M->7M(16M) 0.060ms
[14.247s][info][gc] GC(287) Concurrent Mark Cycle 24.624ms
[14.271s][info][gc] GC(288) Pause Young (Prepare Mixed) (G1 Evacuation Pause) 11M->6M(16M) 1.626ms
[14.284s][info][gc] GC(289) Pause Young (Mixed) (G1 Evacuation Pause) 7M->6M(16M) 2.171ms
[14.343s][info][gc] GC(290) Pause Full (System.gc()) 10M->6M(16M) 37.161ms
[14.400s][info][gc] GC(291) Pause Young (Normal) (G1 Evacuation Pause) 12M->6M(16M) 0.870ms
[14.442s][info][gc] GC(292) Pause Young (Normal) (G1 Evacuation Pause) 11M->6M(16M) 0.561ms
[14.463s][info][gc] GC(293) Pause Young (Normal) (G1 Evacuation Pause) 11M->6M(16M) 0.561ms
[14.477s][info][gc] GC(294) Pause Young (Normal) (G1 Evacuation Pause) 11M->6M(16M) 0.545ms
[14.493s][info][gc] GC(295) Pause Young (Normal) (G1 Evacuation Pause) 11M->6M(16M) 0.781ms
[14.507s][info][gc] GC(296) Pause Young (Normal) (G1 Evacuation Pause) 11M->6M(16M) 0.779ms
[14.522s][info][gc] GC(297) Pause Young (Normal) (G1 Evacuation Pause) 11M->6M(16M) 0.889ms
[14.538s][info][gc] GC(298) Pause Young (Normal) (G1 Evacuation Pause) 11M->6M(16M) 0.730ms
[14.555s][info][gc] GC(299) Pause Young (Normal) (G1 Evacuation Pause) 11M->6M(16M) 0.988ms
[14.571s][info][gc] GC(300) Pause Young (Normal) (G1 Evacuation Pause) 11M->6M(16M) 0.986ms
[14.589s][info][gc] GC(301) Pause Young (Normal) (G1 Evacuation Pause) 11M->6M(16M) 1.113ms
[14.611s][info][gc] GC(302) Pause Young (Concurrent Start) (G1 Evacuation Pause) 10M->6M(16M) 2.292ms
[14.611s][info][gc] GC(303) Concurrent Mark Cycle
[14.623s][info][gc] GC(303) Pause Remark 7M->7M(16M) 6.012ms
[14.625s][info][gc] GC(303) Pause Cleanup 8M->8M(16M) 0.041ms
[14.625s][info][gc] GC(303) Concurrent Mark Cycle 13.981ms
[14.634s][info][gc] GC(304) Pause Young (Prepare Mixed) (G1 Evacuation Pause) 10M->6M(16M) 1.290ms
[14.639s][info][gc] GC(305) Pause Young (Mixed) (G1 Evacuation Pause) 7M->6M(16M) 1.107ms
[14.657s][info][gc] GC(306) Pause Young (Normal) (G1 Evacuation Pause) 11M->6M(16M) 0.862ms
[14.674s][info][gc] GC(307) Pause Young (Normal) (G1 Evacuation Pause) 11M->6M(16M) 1.053ms
[14.690s][info][gc] GC(308) Pause Young (Normal) (G1 Evacuation Pause) 11M->6M(16M) 1.004ms
[14.706s][info][gc] GC(309) Pause Young (Normal) (G1 Evacuation Pause) 11M->7M(16M) 0.814ms
[14.725s][info][gc] GC(310) Pause Young (Normal) (G1 Evacuation Pause) 12M->7M(16M) 1.127ms
[14.741s][info][gc] GC(311) Pause Young (Normal) (G1 Evacuation Pause) 12M->7M(16M) 0.848ms
[14.756s][info][gc] GC(312) Pause Young (Normal) (G1 Evacuation Pause) 12M->7M(16M) 0.990ms
[14.771s][info][gc] GC(313) Pause Young (Normal) (G1 Evacuation Pause) 12M->7M(16M) 1.113ms
[14.788s][info][gc] GC(314) Pause Young (Normal) (G1 Evacuation Pause) 12M->7M(16M) 1.143ms
[14.808s][info][gc] GC(315) Pause Young (Normal) (G1 Evacuation Pause) 12M->7M(16M) 1.756ms
[14.826s][info][gc] GC(316) Pause Young (Normal) (G1 Evacuation Pause) 12M->7M(16M) 1.027ms
[14.842s][info][gc] GC(317) Pause Young (Normal) (G1 Evacuation Pause) 12M->7M(16M) 0.936ms
[14.860s][info][gc] GC(318) Pause Young (Normal) (G1 Evacuation Pause) 12M->7M(16M) 1.131ms
[14.879s][info][gc] GC(319) Pause Young (Normal) (G1 Evacuation Pause) 12M->7M(16M) 0.875ms
[14.905s][info][gc] GC(320) Pause Young (Normal) (G1 Evacuation Pause) 12M->7M(16M) 1.466ms
[14.935s][info][gc] GC(321) Pause Young (Normal) (G1 Evacuation Pause) 12M->7M(16M) 0.839ms
[14.952s][info][gc] GC(322) Pause Young (Concurrent Start) (G1 Evacuation Pause) 11M->7M(16M) 1.525ms
[14.952s][info][gc] GC(323) Concurrent Mark Cycle
[14.966s][info][gc] GC(323) Pause Remark 8M->8M(16M) 9.689ms
[14.970s][info][gc] GC(323) Pause Cleanup 9M->9M(16M) 0.040ms
[14.970s][info][gc] GC(323) Concurrent Mark Cycle 17.886ms
[14.981s][info][gc] GC(324) Pause Young (Prepare Mixed) (G1 Evacuation Pause) 11M->7M(16M) 1.030ms
[14.986s][info][gc] GC(325) Pause Young (Mixed) (G1 Evacuation Pause) 8M->6M(16M) 1.314ms
[15.004s][info][gc] GC(326) Pause Young (Normal) (G1 Evacuation Pause) 11M->6M(16M) 1.386ms
[15.023s][info][gc] GC(327) Pause Young (Normal) (G1 Evacuation Pause) 11M->7M(16M) 1.146ms
[15.041s][info][gc] GC(328) Pause Young (Normal) (G1 Evacuation Pause) 12M->7M(16M) 0.990ms
[15.058s][info][gc] GC(329) Pause Young (Normal) (G1 Evacuation Pause) 12M->7M(16M) 1.117ms
[15.075s][info][gc] GC(330) Pause Young (Normal) (G1 Evacuation Pause) 12M->7M(16M) 1.048ms
[15.092s][info][gc] GC(331) Pause Young (Normal) (G1 Evacuation Pause) 12M->7M(16M) 1.011ms
[15.115s][info][gc] GC(332) Pause Young (Normal) (G1 Evacuation Pause) 12M->7M(16M) 0.955ms
[15.176s][info][gc] GC(333) Pause Young (Normal) (G1 Evacuation Pause) 12M->7M(16M) 1.437ms
[15.240s][info][gc] GC(334) Pause Young (Normal) (G1 Evacuation Pause) 12M->7M(16M) 1.239ms
[15.263s][info][gc] GC(335) Pause Young (Normal) (G1 Evacuation Pause) 12M->7M(16M) 1.600ms
[15.319s][info][gc] GC(336) Pause Young (Normal) (G1 Evacuation Pause) 12M->7M(16M) 1.306ms
[15.337s][info][gc] GC(337) Pause Young (Normal) (G1 Evacuation Pause) 12M->7M(16M) 1.065ms
[15.357s][info][gc] GC(338) Pause Young (Normal) (G1 Evacuation Pause) 12M->7M(16M) 0.914ms
[15.373s][info][gc] GC(339) Pause Young (Concurrent Start) (G1 Evacuation Pause) 11M->7M(16M) 1.287ms
[15.373s][info][gc] GC(340) Concurrent Mark Cycle
[15.385s][info][gc] GC(340) Pause Remark 9M->9M(16M) 7.334ms
[15.388s][info][gc] GC(340) Pause Cleanup 9M->9M(16M) 0.041ms
[15.388s][info][gc] GC(340) Concurrent Mark Cycle 15.024ms
[15.397s][info][gc] GC(341) Pause Young (Prepare Mixed) (G1 Evacuation Pause) 11M->7M(16M) 1.328ms
[15.403s][info][gc] GC(342) Pause Young (Mixed) (G1 Evacuation Pause) 8M->7M(16M) 1.425ms
[15.428s][info][gc] GC(343) Pause Young (Normal) (G1 Evacuation Pause) 12M->7M(16M) 1.288ms
[15.448s][info][gc] GC(344) Pause Young (Normal) (G1 Evacuation Pause) 12M->7M(16M) 0.971ms
[15.466s][info][gc] GC(345) Pause Young (Normal) (G1 Evacuation Pause) 12M->7M(16M) 1.388ms
[15.486s][info][gc] GC(346) Pause Young (Normal) (G1 Evacuation Pause) 12M->7M(16M) 0.951ms
[15.503s][info][gc] GC(347) Pause Young (Normal) (G1 Evacuation Pause) 12M->7M(16M) 1.132ms
[15.520s][info][gc] GC(348) Pause Young (Normal) (G1 Evacuation Pause) 12M->7M(16M) 1.041ms
[15.535s][info][gc] GC(349) Pause Young (Normal) (G1 Evacuation Pause) 12M->7M(16M) 1.002ms
[15.551s][info][gc] GC(350) Pause Young (Normal) (G1 Evacuation Pause) 12M->7M(16M) 1.194ms
[15.568s][info][gc] GC(351) Pause Young (Normal) (G1 Evacuation Pause) 12M->7M(16M) 1.085ms
[15.584s][info][gc] GC(352) Pause Young (Concurrent Start) (G1 Evacuation Pause) 11M->7M(16M) 1.506ms
[15.584s][info][gc] GC(353) Concurrent Mark Cycle
[15.597s][info][gc] GC(353) Pause Remark 9M->9M(16M) 6.326ms
[15.599s][info][gc] GC(353) Pause Cleanup 9M->9M(16M) 0.036ms
[15.599s][info][gc] GC(353) Concurrent Mark Cycle 14.785ms
[15.607s][info][gc] GC(354) Pause Young (Prepare Mixed) (G1 Evacuation Pause) 11M->7M(16M) 1.780ms
[15.613s][info][gc] GC(355) Pause Young (Mixed) (G1 Evacuation Pause) 8M->7M(16M) 2.058ms
[15.633s][info][gc] GC(356) Pause Young (Normal) (G1 Evacuation Pause) 12M->7M(16M) 1.061ms
[15.649s][info][gc] GC(357) Pause Young (Normal) (G1 Evacuation Pause) 12M->7M(16M) 1.117ms
[15.669s][info][gc] GC(358) Pause Young (Normal) (G1 Evacuation Pause) 12M->7M(16M) 1.192ms
[15.685s][info][gc] GC(359) Pause Young (Normal) (G1 Evacuation Pause) 12M->7M(16M) 0.811ms
[15.700s][info][gc] GC(360) Pause Young (Normal) (G1 Evacuation Pause) 12M->7M(16M) 1.070ms
[15.715s][info][gc] GC(361) Pause Young (Normal) (G1 Evacuation Pause) 12M->7M(16M) 0.947ms
[15.732s][info][gc] GC(362) Pause Young (Normal) (G1 Evacuation Pause) 12M->7M(16M) 1.189ms
[15.746s][info][gc] GC(363) Pause Young (Concurrent Start) (G1 Evacuation Pause) 11M->7M(16M) 1.449ms
[15.746s][info][gc] GC(364) Concurrent Mark Cycle
[15.757s][info][gc] GC(364) Pause Remark 9M->9M(16M) 5.632ms
[15.760s][info][gc] GC(364) Pause Cleanup 9M->9M(16M) 0.042ms
[15.760s][info][gc] GC(364) Concurrent Mark Cycle 13.827ms
[15.766s][info][gc] GC(365) Pause Young (Prepare Mixed) (G1 Evacuation Pause) 11M->7M(16M) 0.997ms
[15.770s][info][gc] GC(366) Pause Young (Mixed) (G1 Evacuation Pause) 8M->7M(16M) 1.349ms
[15.785s][info][gc] GC(367) Pause Young (Normal) (G1 Evacuation Pause) 12M->7M(16M) 0.945ms
[15.801s][info][gc] GC(368) Pause Young (Normal) (G1 Evacuation Pause) 12M->7M(16M) 1.012ms
[15.816s][info][gc] GC(369) Pause Young (Concurrent Start) (G1 Evacuation Pause) 11M->7M(16M) 1.972ms
[15.816s][info][gc] GC(370) Concurrent Mark Cycle
[15.829s][info][gc] GC(370) Pause Remark 9M->9M(16M) 5.138ms
[15.831s][info][gc] GC(370) Pause Cleanup 9M->9M(16M) 0.030ms
[15.831s][info][gc] GC(370) Concurrent Mark Cycle 15.400ms
[15.839s][info][gc] GC(371) Pause Young (Prepare Mixed) (G1 Evacuation Pause) 11M->7M(16M) 0.986ms
[15.844s][info][gc] GC(372) Pause Young (Mixed) (G1 Evacuation Pause) 8M->7M(16M) 1.250ms
[15.860s][info][gc] GC(373) Pause Young (Normal) (G1 Evacuation Pause) 12M->7M(16M) 1.005ms
[15.876s][info][gc] GC(374) Pause Young (Normal) (G1 Evacuation Pause) 12M->7M(16M) 1.176ms
[15.892s][info][gc] GC(375) Pause Young (Normal) (G1 Evacuation Pause) 12M->7M(16M) 0.871ms
[15.907s][info][gc] GC(376) Pause Young (Normal) (G1 Evacuation Pause) 12M->7M(16M) 0.925ms
[15.920s][info][gc] GC(377) Pause Young (Concurrent Start) (G1 Evacuation Pause) 11M->7M(16M) 1.131ms
[15.920s][info][gc] GC(378) Concurrent Mark Cycle
[15.931s][info][gc] GC(378) Pause Remark 9M->9M(16M) 5.115ms
[15.933s][info][gc] GC(378) Pause Cleanup 9M->9M(16M) 0.036ms
[15.933s][info][gc] GC(378) Concurrent Mark Cycle 12.732ms
[15.940s][info][gc] GC(379) Pause Young (Prepare Mixed) (G1 Evacuation Pause) 11M->7M(16M) 1.098ms
[15.944s][info][gc] GC(380) Pause Young (Mixed) (G1 Evacuation Pause) 8M->7M(16M) 1.701ms
[15.960s][info][gc] GC(381) Pause Young (Normal) (G1 Evacuation Pause) 12M->7M(16M) 0.897ms
[15.979s][info][gc] GC(382) Pause Young (Normal) (G1 Evacuation Pause) 12M->7M(16M) 1.349ms
[15.995s][info][gc] GC(383) Pause Young (Normal) (G1 Evacuation Pause) 12M->7M(16M) 1.104ms
[16.009s][info][gc] GC(384) Pause Young (Concurrent Start) (G1 Evacuation Pause) 11M->7M(16M) 2.190ms
[16.009s][info][gc] GC(385) Concurrent Mark Cycle
[16.023s][info][gc] GC(385) Pause Remark 8M->8M(16M) 6.848ms
[16.025s][info][gc] GC(385) Pause Cleanup 9M->9M(16M) 0.026ms
[16.026s][info][gc] GC(385) Concurrent Mark Cycle 16.198ms
[16.035s][info][gc] GC(386) Pause Young (Prepare Mixed) (G1 Evacuation Pause) 11M->7M(16M) 1.033ms
[16.040s][info][gc] GC(387) Pause Young (Mixed) (G1 Evacuation Pause) 8M->7M(16M) 1.409ms
[16.056s][info][gc] GC(388) Pause Young (Normal) (G1 Evacuation Pause) 12M->7M(16M) 0.965ms
[16.069s][info][gc] GC(389) Pause Young (Normal) (G1 Evacuation Pause) 11M->7M(16M) 1.122ms
[16.083s][info][gc] GC(390) Pause Young (Normal) (G1 Evacuation Pause) 11M->7M(16M) 1.241ms
[16.097s][info][gc] GC(391) Pause Young (Normal) (G1 Evacuation Pause) 11M->7M(16M) 1.143ms
[16.110s][info][gc] GC(392) Pause Young (Normal) (G1 Evacuation Pause) 11M->7M(16M) 1.124ms
[16.123s][info][gc] GC(393) Pause Young (Normal) (G1 Evacuation Pause) 11M->7M(16M) 1.028ms
[16.137s][info][gc] GC(394) Pause Young (Normal) (G1 Evacuation Pause) 11M->7M(16M) 1.083ms
[16.186s][info][gc] GC(395) Pause Full (System.gc()) 9M->6M(16M) 40.363ms
[16.207s][info][gc] GC(396) Pause Young (Normal) (G1 Evacuation Pause) 12M->6M(16M) 1.215ms
[16.229s][info][gc] GC(397) Pause Young (Normal) (G1 Evacuation Pause) 11M->6M(16M) 0.730ms
[16.246s][info][gc] GC(398) Pause Young (Normal) (G1 Evacuation Pause) 11M->6M(16M) 0.678ms
[16.262s][info][gc] GC(399) Pause Young (Normal) (G1 Evacuation Pause) 11M->6M(16M) 0.713ms
[16.277s][info][gc] GC(400) Pause Young (Normal) (G1 Evacuation Pause) 11M->6M(16M) 0.941ms
[16.294s][info][gc] GC(401) Pause Young (Normal) (G1 Evacuation Pause) 11M->7M(16M) 0.752ms
[16.309s][info][gc] GC(402) Pause Young (Normal) (G1 Evacuation Pause) 12M->7M(16M) 0.663ms
[16.324s][info][gc] GC(403) Pause Young (Normal) (G1 Evacuation Pause) 12M->7M(16M) 0.775ms
[16.340s][info][gc] GC(404) Pause Young (Normal) (G1 Evacuation Pause) 12M->7M(16M) 1.008ms
[16.356s][info][gc] GC(405) Pause Young (Normal) (G1 Evacuation Pause) 12M->7M(16M) 0.851ms
[16.371s][info][gc] GC(406) Pause Young (Normal) (G1 Evacuation Pause) 12M->7M(16M) 0.947ms
[16.384s][info][gc] GC(407) Pause Young (Concurrent Start) (G1 Evacuation Pause) 11M->7M(16M) 1.350ms
[16.384s][info][gc] GC(408) Concurrent Mark Cycle
[16.393s][info][gc] GC(408) Pause Remark 9M->9M(16M) 4.420ms
[16.396s][info][gc] GC(408) Pause Cleanup 9M->9M(16M) 0.037ms
[16.396s][info][gc] GC(408) Concurrent Mark Cycle 12.513ms
[16.403s][info][gc] GC(409) Pause Young (Prepare Mixed) (G1 Evacuation Pause) 11M->7M(16M) 1.196ms
[16.409s][info][gc] GC(410) Pause Young (Mixed) (G1 Evacuation Pause) 8M->7M(16M) 1.563ms
[16.433s][info][gc] GC(411) Pause Young (Normal) (G1 Evacuation Pause) 12M->7M(16M) 1.042ms
[16.449s][info][gc] GC(412) Pause Young (Normal) (G1 Evacuation Pause) 12M->7M(16M) 0.907ms
[16.464s][info][gc] GC(413) Pause Young (Normal) (G1 Evacuation Pause) 12M->7M(16M) 1.014ms
[16.481s][info][gc] GC(414) Pause Young (Normal) (G1 Evacuation Pause) 12M->7M(16M) 1.256ms
[16.497s][info][gc] GC(415) Pause Young (Normal) (G1 Evacuation Pause) 12M->7M(16M) 0.993ms
[16.510s][info][gc] GC(416) Pause Young (Concurrent Start) (G1 Evacuation Pause) 11M->7M(16M) 1.279ms
[16.511s][info][gc] GC(417) Concurrent Mark Cycle
[16.521s][info][gc] GC(417) Pause Remark 9M->9M(16M) 5.408ms
[16.524s][info][gc] GC(417) Pause Cleanup 9M->9M(16M) 0.039ms
[16.524s][info][gc] GC(417) Concurrent Mark Cycle 13.955ms
[16.532s][info][gc] GC(418) Pause Young (Prepare Mixed) (G1 Evacuation Pause) 11M->7M(16M) 1.201ms
[16.536s][info][gc] GC(419) Pause Young (Mixed) (G1 Evacuation Pause) 8M->7M(16M) 1.445ms
[16.551s][info][gc] GC(420) Pause Young (Normal) (G1 Evacuation Pause) 12M->7M(16M) 0.856ms
[16.566s][info][gc] GC(421) Pause Young (Normal) (G1 Evacuation Pause) 12M->7M(16M) 0.787ms
[16.579s][info][gc] GC(422) Pause Young (Concurrent Start) (G1 Evacuation Pause) 11M->7M(16M) 1.279ms
[16.579s][info][gc] GC(423) Concurrent Mark Cycle
[16.592s][info][gc] GC(423) Pause Remark 9M->9M(16M) 5.611ms
[16.595s][info][gc] GC(423) Pause Cleanup 9M->9M(16M) 0.041ms
[16.595s][info][gc] GC(423) Concurrent Mark Cycle 15.276ms
[16.601s][info][gc] GC(424) Pause Young (Prepare Mixed) (G1 Evacuation Pause) 11M->7M(16M) 1.017ms
[16.606s][info][gc] GC(425) Pause Young (Mixed) (G1 Evacuation Pause) 8M->7M(16M) 1.580ms
[16.625s][info][gc] GC(426) Pause Young (Normal) (G1 Evacuation Pause) 12M->7M(16M) 1.058ms
[16.641s][info][gc] GC(427) Pause Young (Normal) (G1 Evacuation Pause) 12M->7M(16M) 1.003ms
[16.661s][info][gc] GC(428) Pause Young (Normal) (G1 Evacuation Pause) 12M->7M(16M) 1.452ms
[16.678s][info][gc] GC(429) Pause Young (Normal) (G1 Evacuation Pause) 12M->7M(16M) 0.834ms
[16.694s][info][gc] GC(430) Pause Young (Concurrent Start) (G1 Evacuation Pause) 11M->7M(16M) 1.399ms
[16.694s][info][gc] GC(431) Concurrent Mark Cycle
[16.705s][info][gc] GC(431) Pause Remark 9M->9M(16M) 6.112ms
[16.708s][info][gc] GC(431) Pause Cleanup 9M->9M(16M) 0.045ms
[16.708s][info][gc] GC(431) Concurrent Mark Cycle 14.031ms
[16.716s][info][gc] GC(432) Pause Young (Prepare Mixed) (G1 Evacuation Pause) 11M->7M(16M) 1.164ms
[16.723s][info][gc] GC(433) Pause Young (Mixed) (G1 Evacuation Pause) 8M->7M(16M) 2.042ms
[16.749s][info][gc] GC(434) Pause Young (Normal) (G1 Evacuation Pause) 12M->7M(16M) 1.285ms
[16.773s][info][gc] GC(435) Pause Young (Normal) (G1 Evacuation Pause) 12M->7M(16M) 1.599ms
[16.803s][info][gc] GC(436) Pause Young (Normal) (G1 Evacuation Pause) 12M->7M(16M) 1.267ms
[16.840s][info][gc] GC(437) Pause Young (Concurrent Start) (G1 Evacuation Pause) 11M->7M(16M) 1.724ms
[16.840s][info][gc] GC(438) Concurrent Mark Cycle
[16.852s][info][gc] GC(438) Pause Remark 9M->9M(16M) 5.954ms
[16.856s][info][gc] GC(438) Pause Cleanup 9M->9M(16M) 0.053ms
[16.856s][info][gc] GC(438) Concurrent Mark Cycle 15.808ms
[16.866s][info][gc] GC(439) Pause Young (Prepare Mixed) (G1 Evacuation Pause) 11M->7M(16M) 1.084ms
[16.872s][info][gc] GC(440) Pause Young (Mixed) (G1 Evacuation Pause) 8M->7M(16M) 1.880ms
[16.884s][info][gc] GC(441) Pause Young (Normal) (G1 Evacuation Pause) 11M->7M(16M) 1.288ms
[16.896s][info][gc] GC(442) Pause Young (Normal) (G1 Evacuation Pause) 11M->7M(16M) 0.981ms
[16.908s][info][gc] GC(443) Pause Young (Normal) (G1 Evacuation Pause) 11M->7M(16M) 0.717ms
[16.919s][info][gc] GC(444) Pause Young (Normal) (G1 Evacuation Pause) 11M->7M(16M) 0.847ms
[16.932s][info][gc] GC(445) Pause Young (Normal) (G1 Evacuation Pause) 11M->7M(16M) 0.968ms
[16.943s][info][gc] GC(446) Pause Young (Normal) (G1 Evacuation Pause) 11M->7M(16M) 1.028ms
[16.955s][info][gc] GC(447) Pause Young (Normal) (G1 Evacuation Pause) 11M->7M(16M) 0.972ms
[16.967s][info][gc] GC(448) Pause Young (Normal) (G1 Evacuation Pause) 11M->8M(16M) 0.953ms
[16.982s][info][gc] GC(449) Pause Young (Normal) (G1 Evacuation Pause) 12M->8M(16M) 1.044ms
[16.994s][info][gc] GC(450) Pause Young (Normal) (G1 Evacuation Pause) 12M->8M(16M) 0.941ms
[17.005s][info][gc] GC(451) Pause Young (Normal) (G1 Evacuation Pause) 12M->8M(16M) 0.991ms
[17.021s][info][gc] GC(452) Pause Young (Normal) (G1 Evacuation Pause) 12M->8M(16M) 1.368ms
[17.035s][info][gc] GC(453) Pause Young (Normal) (G1 Evacuation Pause) 12M->8M(16M) 1.190ms
[17.047s][info][gc] GC(454) Pause Young (Normal) (G1 Evacuation Pause) 12M->8M(16M) 0.820ms
[17.059s][info][gc] GC(455) Pause Young (Normal) (G1 Evacuation Pause) 12M->8M(16M) 1.017ms
[17.071s][info][gc] GC(456) Pause Young (Normal) (G1 Evacuation Pause) 12M->8M(16M) 0.938ms
[17.082s][info][gc] GC(457) Pause Young (Normal) (G1 Evacuation Pause) 12M->8M(16M) 1.078ms
[17.095s][info][gc] GC(458) Pause Young (Normal) (G1 Evacuation Pause) 12M->8M(16M) 1.021ms
[17.106s][info][gc] GC(459) Pause Young (Normal) (G1 Evacuation Pause) 12M->8M(16M) 1.263ms
[17.118s][info][gc] GC(460) Pause Young (Normal) (G1 Evacuation Pause) 12M->8M(16M) 1.044ms
[17.127s][info][gc] GC(461) Pause Young (Concurrent Start) (G1 Evacuation Pause) 11M->8M(16M) 1.013ms
[17.127s][info][gc] GC(462) Concurrent Mark Cycle
[17.143s][info][gc] GC(462) Pause Remark 10M->10M(16M) 10.002ms
[17.146s][info][gc] GC(462) Pause Cleanup 10M->10M(16M) 0.049ms
[17.146s][info][gc] GC(462) Concurrent Mark Cycle 18.452ms
[17.150s][info][gc] GC(463) Pause Young (Prepare Mixed) (G1 Evacuation Pause) 11M->8M(16M) 0.951ms
[17.155s][info][gc] GC(464) Pause Young (Mixed) (G1 Evacuation Pause) 9M->7M(16M) 1.433ms
[17.170s][info][gc] GC(465) Pause Young (Normal) (G1 Evacuation Pause) 11M->7M(16M) 1.448ms
[17.184s][info][gc] GC(466) Pause Young (Normal) (G1 Evacuation Pause) 11M->8M(16M) 1.089ms
[17.196s][info][gc] GC(467) Pause Young (Normal) (G1 Evacuation Pause) 12M->8M(16M) 1.348ms
[17.210s][info][gc] GC(468) Pause Young (Normal) (G1 Evacuation Pause) 12M->8M(16M) 0.778ms
[17.226s][info][gc] GC(469) Pause Young (Normal) (G1 Evacuation Pause) 12M->8M(16M) 0.796ms
[17.237s][info][gc] GC(470) Pause Young (Normal) (G1 Evacuation Pause) 12M->8M(16M) 1.012ms
[17.248s][info][gc] GC(471) Pause Young (Normal) (G1 Evacuation Pause) 12M->8M(16M) 0.889ms
[17.260s][info][gc] GC(472) Pause Young (Normal) (G1 Evacuation Pause) 12M->8M(16M) 0.959ms
[17.271s][info][gc] GC(473) Pause Young (Normal) (G1 Evacuation Pause) 12M->8M(16M) 1.065ms
[17.283s][info][gc] GC(474) Pause Young (Normal) (G1 Evacuation Pause) 12M->8M(16M) 0.724ms
[17.294s][info][gc] GC(475) Pause Young (Normal) (G1 Evacuation Pause) 12M->8M(16M) 0.868ms
[17.307s][info][gc] GC(476) Pause Young (Normal) (G1 Evacuation Pause) 12M->8M(16M) 0.963ms
[17.319s][info][gc] GC(477) Pause Young (Normal) (G1 Evacuation Pause) 12M->8M(16M) 1.099ms
[17.332s][info][gc] GC(478) Pause Young (Normal) (G1 Evacuation Pause) 12M->8M(16M) 1.021ms
[17.344s][info][gc] GC(479) Pause Young (Normal) (G1 Evacuation Pause) 12M->8M(16M) 0.769ms
[17.357s][info][gc] GC(480) Pause Young (Normal) (G1 Evacuation Pause) 12M->8M(16M) 1.156ms
[17.366s][info][gc] GC(481) Pause Young (Concurrent Start) (G1 Evacuation Pause) 11M->8M(16M) 1.183ms
[17.366s][info][gc] GC(482) Concurrent Mark Cycle
[17.380s][info][gc] GC(482) Pause Remark 10M->10M(16M) 7.060ms
[17.382s][info][gc] GC(482) Pause Cleanup 11M->11M(16M) 0.047ms
[17.383s][info][gc] GC(482) Concurrent Mark Cycle 16.109ms
[17.385s][info][gc] GC(483) Pause Young (Normal) (G1 Evacuation Pause) 11M->8M(16M) 0.914ms
[17.394s][info][gc] GC(484) Pause Young (Normal) (G1 Evacuation Pause) 11M->8M(16M) 0.824ms
[17.404s][info][gc] GC(485) Pause Young (Normal) (G1 Evacuation Pause) 11M->8M(16M) 0.877ms
[17.414s][info][gc] GC(486) Pause Young (Normal) (G1 Evacuation Pause) 11M->8M(16M) 1.348ms
[17.426s][info][gc] GC(487) Pause Young (Normal) (G1 Evacuation Pause) 11M->8M(16M) 1.109ms
[17.436s][info][gc] GC(488) Pause Young (Normal) (G1 Evacuation Pause) 11M->8M(16M) 0.746ms
[17.445s][info][gc] GC(489) Pause Young (Normal) (G1 Evacuation Pause) 11M->8M(16M) 0.942ms
[17.454s][info][gc] GC(490) Pause Young (Normal) (G1 Evacuation Pause) 11M->8M(16M) 0.916ms
[17.462s][info][gc] GC(491) Pause Young (Normal) (G1 Evacuation Pause) 11M->8M(16M) 0.688ms
[17.471s][info][gc] GC(492) Pause Young (Normal) (G1 Evacuation Pause) 11M->9M(16M) 0.749ms
[17.481s][info][gc] GC(493) Pause Young (Normal) (G1 Evacuation Pause) 12M->9M(16M) 1.514ms
[17.491s][info][gc] GC(494) Pause Young (Normal) (G1 Evacuation Pause) 12M->9M(16M) 0.849ms
[17.500s][info][gc] GC(495) Pause Young (Normal) (G1 Evacuation Pause) 12M->9M(16M) 1.039ms
[17.510s][info][gc] GC(496) Pause Young (Normal) (G1 Evacuation Pause) 12M->9M(16M) 0.818ms
[17.520s][info][gc] GC(497) Pause Young (Normal) (G1 Evacuation Pause) 12M->9M(16M) 1.241ms
[17.531s][info][gc] GC(498) Pause Young (Normal) (G1 Evacuation Pause) 12M->9M(16M) 0.878ms
[17.541s][info][gc] GC(499) Pause Young (Normal) (G1 Evacuation Pause) 12M->9M(16M) 0.931ms
[17.552s][info][gc] GC(500) Pause Young (Normal) (G1 Evacuation Pause) 12M->9M(16M) 0.834ms
[17.561s][info][gc] GC(501) Pause Young (Normal) (G1 Evacuation Pause) 12M->9M(16M) 0.979ms
[17.571s][info][gc] GC(502) Pause Young (Normal) (G1 Evacuation Pause) 12M->9M(16M) 1.022ms
[17.580s][info][gc] GC(503) Pause Young (Normal) (G1 Evacuation Pause) 12M->9M(16M) 0.977ms
[17.591s][info][gc] GC(504) Pause Young (Normal) (G1 Evacuation Pause) 12M->9M(16M) 0.942ms
[17.601s][info][gc] GC(505) Pause Young (Normal) (G1 Evacuation Pause) 12M->9M(16M) 0.726ms
[17.609s][info][gc] GC(506) Pause Young (Normal) (G1 Evacuation Pause) 12M->9M(16M) 0.770ms
[17.621s][info][gc] GC(507) Pause Young (Normal) (G1 Evacuation Pause) 12M->9M(16M) 1.639ms
[17.632s][info][gc] GC(508) Pause Young (Normal) (G1 Evacuation Pause) 12M->9M(16M) 0.957ms
[17.640s][info][gc] GC(509) Pause Young (Concurrent Start) (G1 Evacuation Pause) 11M->9M(16M) 1.346ms
[17.640s][info][gc] GC(510) Concurrent Mark Cycle
[17.674s][info][gc] GC(511) Pause Full (System.gc()) 10M->7M(16M) 31.286ms
[17.674s][info][gc] GC(510) Concurrent Mark Cycle 34.538ms
[17.689s][info][gc] GC(512) Pause Young (Normal) (G1 Evacuation Pause) 12M->7M(16M) 0.599ms
[17.700s][info][gc] GC(513) Pause Young (Normal) (G1 Evacuation Pause) 11M->7M(16M) 0.574ms
[17.711s][info][gc] GC(514) Pause Young (Normal) (G1 Evacuation Pause) 11M->8M(16M) 0.665ms
[17.721s][info][gc] GC(515) Pause Young (Normal) (G1 Evacuation Pause) 12M->8M(16M) 0.638ms
[17.732s][info][gc] GC(516) Pause Young (Normal) (G1 Evacuation Pause) 12M->8M(16M) 0.503ms
[17.743s][info][gc] GC(517) Pause Young (Normal) (G1 Evacuation Pause) 12M->8M(16M) 0.748ms
[17.754s][info][gc] GC(518) Pause Young (Normal) (G1 Evacuation Pause) 12M->8M(16M) 0.597ms
[17.766s][info][gc] GC(519) Pause Young (Normal) (G1 Evacuation Pause) 12M->8M(16M) 0.765ms
[17.776s][info][gc] GC(520) Pause Young (Normal) (G1 Evacuation Pause) 12M->8M(16M) 0.834ms
[17.788s][info][gc] GC(521) Pause Young (Normal) (G1 Evacuation Pause) 12M->8M(16M) 0.756ms
[17.799s][info][gc] GC(522) Pause Young (Normal) (G1 Evacuation Pause) 12M->8M(16M) 0.967ms
[17.810s][info][gc] GC(523) Pause Young (Normal) (G1 Evacuation Pause) 12M->8M(16M) 0.876ms
[17.825s][info][gc] GC(524) Pause Young (Concurrent Start) (G1 Evacuation Pause) 11M->8M(16M) 1.788ms
[17.825s][info][gc] GC(525) Concurrent Mark Cycle
[17.835s][info][gc] GC(525) Pause Remark 10M->10M(16M) 4.338ms
[17.838s][info][gc] GC(525) Pause Cleanup 10M->10M(16M) 0.033ms
[17.838s][info][gc] GC(525) Concurrent Mark Cycle 13.256ms
[17.841s][info][gc] GC(526) Pause Young (Prepare Mixed) (G1 Evacuation Pause) 11M->8M(16M) 1.011ms
[17.846s][info][gc] GC(527) Pause Young (Mixed) (G1 Evacuation Pause) 9M->8M(16M) 1.836ms
[17.858s][info][gc] GC(528) Pause Young (Normal) (G1 Evacuation Pause) 12M->8M(16M) 0.999ms
[17.870s][info][gc] GC(529) Pause Young (Normal) (G1 Evacuation Pause) 12M->8M(16M) 0.881ms
[17.880s][info][gc] GC(530) Pause Young (Normal) (G1 Evacuation Pause) 12M->8M(16M) 0.933ms
[17.892s][info][gc] GC(531) Pause Young (Normal) (G1 Evacuation Pause) 12M->8M(16M) 0.686ms
[17.904s][info][gc] GC(532) Pause Young (Normal) (G1 Evacuation Pause) 12M->8M(16M) 1.067ms
[17.913s][info][gc] GC(533) Pause Young (Concurrent Start) (G1 Evacuation Pause) 11M->8M(16M) 0.920ms
[17.913s][info][gc] GC(534) Concurrent Mark Cycle
[17.924s][info][gc] GC(534) Pause Remark 10M->10M(16M) 4.618ms
[17.927s][info][gc] GC(534) Pause Cleanup 11M->11M(16M) 0.032ms
[17.927s][info][gc] GC(534) Concurrent Mark Cycle 13.765ms
[17.928s][info][gc] GC(535) Pause Young (Prepare Mixed) (G1 Evacuation Pause) 11M->8M(16M) 0.699ms
[17.933s][info][gc] GC(536) Pause Young (Mixed) (G1 Evacuation Pause) 9M->8M(16M) 1.444ms
[17.944s][info][gc] GC(537) Pause Young (Normal) (G1 Evacuation Pause) 12M->8M(16M) 0.867ms
[17.955s][info][gc] GC(538) Pause Young (Normal) (G1 Evacuation Pause) 12M->8M(16M) 0.794ms
[17.966s][info][gc] GC(539) Pause Young (Normal) (G1 Evacuation Pause) 12M->8M(16M) 0.837ms
[17.976s][info][gc] GC(540) Pause Young (Concurrent Start) (G1 Evacuation Pause) 11M->8M(16M) 1.074ms
[17.976s][info][gc] GC(541) Concurrent Mark Cycle
[17.988s][info][gc] GC(541) Pause Remark 10M->10M(16M) 5.146ms
[17.990s][info][gc] GC(541) Pause Cleanup 10M->10M(16M) 0.031ms
[17.990s][info][gc] GC(541) Concurrent Mark Cycle 14.302ms
[17.994s][info][gc] GC(542) Pause Young (Prepare Mixed) (G1 Evacuation Pause) 11M->8M(16M) 1.074ms
[17.998s][info][gc] GC(543) Pause Young (Mixed) (G1 Evacuation Pause) 9M->8M(16M) 1.107ms
[18.007s][info][gc] GC(544) Pause Young (Normal) (G1 Evacuation Pause) 11M->8M(16M) 0.867ms
[18.017s][info][gc] GC(545) Pause Young (Normal) (G1 Evacuation Pause) 11M->8M(16M) 1.063ms
[18.037s][info][gc] GC(546) Pause Young (Normal) (G1 Evacuation Pause) 11M->8M(16M) 1.043ms
[18.049s][info][gc] GC(547) Pause Young (Normal) (G1 Evacuation Pause) 11M->8M(16M) 1.247ms
[18.060s][info][gc] GC(548) Pause Young (Normal) (G1 Evacuation Pause) 11M->8M(16M) 1.090ms
[18.072s][info][gc] GC(549) Pause Young (Normal) (G1 Evacuation Pause) 11M->8M(16M) 1.197ms
[18.081s][info][gc] GC(550) Pause Young (Normal) (G1 Evacuation Pause) 11M->8M(16M) 1.131ms
[18.093s][info][gc] GC(551) Pause Young (Normal) (G1 Evacuation Pause) 11M->8M(16M) 1.337ms
[18.102s][info][gc] GC(552) Pause Young (Normal) (G1 Evacuation Pause) 11M->8M(16M) 0.739ms
[18.111s][info][gc] GC(553) Pause Young (Normal) (G1 Evacuation Pause) 11M->8M(16M) 0.755ms
[18.120s][info][gc] GC(554) Pause Young (Normal) (G1 Evacuation Pause) 11M->8M(16M) 0.783ms
[18.129s][info][gc] GC(555) Pause Young (Normal) (G1 Evacuation Pause) 11M->9M(16M) 0.915ms
[18.137s][info][gc] GC(556) Pause Young (Normal) (G1 Evacuation Pause) 12M->9M(16M) 0.687ms
[18.146s][info][gc] GC(557) Pause Young (Normal) (G1 Evacuation Pause) 12M->9M(16M) 0.919ms
[18.155s][info][gc] GC(558) Pause Young (Normal) (G1 Evacuation Pause) 12M->9M(16M) 0.755ms
[18.163s][info][gc] GC(559) Pause Young (Normal) (G1 Evacuation Pause) 12M->9M(16M) 0.726ms
[18.171s][info][gc] GC(560) Pause Young (Normal) (G1 Evacuation Pause) 12M->9M(16M) 0.713ms
[18.180s][info][gc] GC(561) Pause Young (Normal) (G1 Evacuation Pause) 12M->9M(16M) 0.920ms
[18.189s][info][gc] GC(562) Pause Young (Normal) (G1 Evacuation Pause) 12M->9M(16M) 1.014ms
[18.197s][info][gc] GC(563) Pause Young (Normal) (G1 Evacuation Pause) 12M->9M(16M) 0.765ms
[18.207s][info][gc] GC(564) Pause Young (Normal) (G1 Evacuation Pause) 12M->9M(16M) 0.838ms
[18.217s][info][gc] GC(565) Pause Young (Normal) (G1 Evacuation Pause) 12M->9M(16M) 1.398ms
[18.229s][info][gc] GC(566) Pause Young (Normal) (G1 Evacuation Pause) 12M->9M(16M) 0.957ms
[18.238s][info][gc] GC(567) Pause Young (Normal) (G1 Evacuation Pause) 12M->9M(16M) 1.001ms
[18.247s][info][gc] GC(568) Pause Young (Normal) (G1 Evacuation Pause) 12M->9M(16M) 0.842ms
[18.255s][info][gc] GC(569) Pause Young (Normal) (G1 Evacuation Pause) 12M->9M(16M) 0.849ms
[18.265s][info][gc] GC(570) Pause Young (Normal) (G1 Evacuation Pause) 12M->9M(16M) 1.126ms
[18.275s][info][gc] GC(571) Pause Young (Normal) (G1 Evacuation Pause) 12M->9M(16M) 0.847ms
[18.281s][info][gc] GC(572) Pause Young (Concurrent Start) (G1 Evacuation Pause) 11M->9M(16M) 0.971ms
[18.281s][info][gc] GC(573) Concurrent Mark Cycle
[18.295s][info][gc] GC(573) Pause Remark 11M->11M(16M) 7.341ms
[18.297s][info][gc] GC(574) Pause Young (Normal) (G1 Evacuation Pause) 11M->9M(16M) 0.970ms
[18.300s][info][gc] GC(573) Pause Cleanup 10M->10M(16M) 0.042ms
[18.300s][info][gc] GC(573) Concurrent Mark Cycle 19.022ms
[18.306s][info][gc] GC(575) Pause Young (Prepare Mixed) (G1 Evacuation Pause) 11M->9M(16M) 0.847ms
[18.310s][info][gc] GC(576) Pause Young (Mixed) (G1 Evacuation Pause) 10M->8M(16M) 0.878ms
[18.320s][info][gc] GC(577) Pause Young (Normal) (G1 Evacuation Pause) 11M->9M(16M) 1.009ms
[18.331s][info][gc] GC(578) Pause Young (Normal) (G1 Evacuation Pause) 12M->9M(16M) 0.947ms
[18.341s][info][gc] GC(579) Pause Young (Normal) (G1 Evacuation Pause) 12M->9M(16M) 0.910ms
[18.352s][info][gc] GC(580) Pause Young (Normal) (G1 Evacuation Pause) 12M->9M(16M) 0.994ms
[18.363s][info][gc] GC(581) Pause Young (Normal) (G1 Evacuation Pause) 12M->9M(16M) 1.214ms
[18.374s][info][gc] GC(582) Pause Young (Normal) (G1 Evacuation Pause) 12M->9M(16M) 0.862ms
[18.385s][info][gc] GC(583) Pause Young (Normal) (G1 Evacuation Pause) 12M->9M(16M) 0.902ms
[18.395s][info][gc] GC(584) Pause Young (Normal) (G1 Evacuation Pause) 12M->9M(16M) 1.019ms
[18.405s][info][gc] GC(585) Pause Young (Normal) (G1 Evacuation Pause) 12M->9M(16M) 0.943ms
[18.415s][info][gc] GC(586) Pause Young (Normal) (G1 Evacuation Pause) 12M->9M(16M) 0.814ms
[18.430s][info][gc] GC(587) Pause Young (Normal) (G1 Evacuation Pause) 12M->9M(16M) 1.764ms
[18.442s][info][gc] GC(588) Pause Young (Normal) (G1 Evacuation Pause) 12M->9M(16M) 0.958ms
[18.452s][info][gc] GC(589) Pause Young (Normal) (G1 Evacuation Pause) 12M->9M(16M) 0.939ms
[18.463s][info][gc] GC(590) Pause Young (Normal) (G1 Evacuation Pause) 12M->9M(16M) 0.808ms
[18.473s][info][gc] GC(591) Pause Young (Normal) (G1 Evacuation Pause) 12M->9M(16M) 1.044ms
[18.484s][info][gc] GC(592) Pause Young (Normal) (G1 Evacuation Pause) 12M->9M(16M) 0.764ms
[18.494s][info][gc] GC(593) Pause Young (Normal) (G1 Evacuation Pause) 12M->9M(16M) 1.139ms
[18.505s][info][gc] GC(594) Pause Young (Normal) (G1 Evacuation Pause) 12M->9M(16M) 0.847ms
[18.512s][info][gc] GC(595) Pause Young (Concurrent Start) (G1 Evacuation Pause) 11M->9M(16M) 1.014ms
[18.512s][info][gc] GC(596) Concurrent Mark Cycle
[18.519s][info][gc] GC(597) Pause Young (Normal) (G1 Evacuation Pause) 11M->9M(16M) 0.941ms
[18.525s][info][gc] GC(596) Pause Remark 9M->9M(16M) 5.949ms
[18.528s][info][gc] GC(596) Pause Cleanup 10M->10M(16M) 0.044ms
[18.528s][info][gc] GC(596) Concurrent Mark Cycle 16.661ms
[18.534s][info][gc] GC(598) Pause Young (Normal) (G1 Evacuation Pause) 11M->9M(16M) 1.080ms
[18.543s][info][gc] GC(599) Pause Young (Normal) (G1 Evacuation Pause) 11M->9M(16M) 1.336ms
[18.550s][info][gc] GC(600) Pause Young (Normal) (G1 Evacuation Pause) 11M->9M(16M) 0.841ms
[18.556s][info][gc] GC(601) Pause Young (Normal) (G1 Evacuation Pause) 11M->9M(16M) 0.876ms
[18.561s][info][gc] GC(602) Pause Young (Normal) (G1 Evacuation Pause) 11M->9M(16M) 0.806ms
[18.568s][info][gc] GC(603) Pause Young (Normal) (G1 Evacuation Pause) 11M->9M(16M) 0.831ms
[18.574s][info][gc] GC(604) Pause Young (Normal) (G1 Evacuation Pause) 11M->9M(16M) 0.857ms
[18.581s][info][gc] GC(605) Pause Young (Normal) (G1 Evacuation Pause) 11M->9M(16M) 0.807ms
[18.587s][info][gc] GC(606) Pause Young (Normal) (G1 Evacuation Pause) 11M->9M(16M) 0.913ms
[18.593s][info][gc] GC(607) Pause Young (Normal) (G1 Evacuation Pause) 11M->9M(16M) 0.806ms
[18.599s][info][gc] GC(608) Pause Young (Normal) (G1 Evacuation Pause) 11M->10M(16M) 0.774ms
[18.605s][info][gc] GC(609) Pause Young (Normal) (G1 Evacuation Pause) 12M->9M(16M) 0.879ms
[18.611s][info][gc] GC(610) Pause Young (Normal) (G1 Evacuation Pause) 11M->10M(16M) 0.901ms
[18.619s][info][gc] GC(611) Pause Young (Normal) (G1 Evacuation Pause) 12M->10M(16M) 1.164ms
[18.628s][info][gc] GC(612) Pause Young (Normal) (G1 Evacuation Pause) 12M->10M(16M) 0.662ms
[18.634s][info][gc] GC(613) Pause Young (Normal) (G1 Evacuation Pause) 12M->10M(16M) 0.671ms
[18.640s][info][gc] GC(614) Pause Young (Normal) (G1 Evacuation Pause) 12M->10M(16M) 0.774ms
[18.647s][info][gc] GC(615) Pause Young (Normal) (G1 Evacuation Pause) 12M->10M(16M) 0.990ms
[18.654s][info][gc] GC(616) Pause Young (Normal) (G1 Evacuation Pause) 12M->10M(16M) 1.056ms
[18.662s][info][gc] GC(617) Pause Young (Normal) (G1 Evacuation Pause) 12M->10M(16M) 1.124ms
[18.669s][info][gc] GC(618) Pause Young (Normal) (G1 Evacuation Pause) 12M->10M(16M) 0.819ms
[18.675s][info][gc] GC(619) Pause Young (Normal) (G1 Evacuation Pause) 12M->10M(16M) 0.790ms
[18.681s][info][gc] GC(620) Pause Young (Normal) (G1 Evacuation Pause) 12M->10M(16M) 1.204ms
[18.688s][info][gc] GC(621) Pause Young (Normal) (G1 Evacuation Pause) 12M->10M(16M) 0.739ms
[18.694s][info][gc] GC(622) Pause Young (Normal) (G1 Evacuation Pause) 12M->10M(16M) 0.767ms
[18.700s][info][gc] GC(623) Pause Young (Normal) (G1 Evacuation Pause) 12M->10M(16M) 0.656ms
[18.705s][info][gc] GC(624) Pause Young (Normal) (G1 Evacuation Pause) 12M->10M(16M) 0.642ms
[18.711s][info][gc] GC(625) Pause Young (Normal) (G1 Evacuation Pause) 12M->10M(16M) 0.895ms
[18.717s][info][gc] GC(626) Pause Young (Normal) (G1 Evacuation Pause) 12M->10M(16M) 0.820ms
[18.722s][info][gc] GC(627) Pause Young (Concurrent Start) (G1 Evacuation Pause) 11M->10M(16M) 1.370ms
[18.722s][info][gc] GC(628) Concurrent Mark Cycle
[18.726s][info][gc] GC(629) Pause Young (Normal) (G1 Evacuation Pause) 11M->10M(16M) 0.681ms
[18.735s][info][gc] GC(628) Pause Remark 11M->11M(16M) 5.874ms
[18.736s][info][gc] GC(630) Pause Young (Normal) (G1 Evacuation Pause) 11M->10M(16M) 0.851ms
[18.739s][info][gc] GC(628) Pause Cleanup 11M->11M(16M) 0.039ms
[18.739s][info][gc] GC(628) Concurrent Mark Cycle 17.016ms
[18.741s][info][gc] GC(631) Pause Young (Prepare Mixed) (G1 Evacuation Pause) 11M->10M(16M) 0.737ms
[18.745s][info][gc] GC(632) Pause Young (Mixed) (G1 Evacuation Pause) 11M->9M(16M) 0.963ms
[18.752s][info][gc] GC(633) Pause Young (Normal) (G1 Evacuation Pause) 11M->9M(16M) 0.815ms
[18.758s][info][gc] GC(634) Pause Young (Normal) (G1 Evacuation Pause) 11M->10M(16M) 0.870ms
[18.765s][info][gc] GC(635) Pause Young (Normal) (G1 Evacuation Pause) 12M->10M(16M) 0.844ms
[18.771s][info][gc] GC(636) Pause Young (Normal) (G1 Evacuation Pause) 12M->10M(16M) 0.879ms
[18.778s][info][gc] GC(637) Pause Young (Normal) (G1 Evacuation Pause) 12M->10M(16M) 0.817ms
[18.784s][info][gc] GC(638) Pause Young (Normal) (G1 Evacuation Pause) 12M->10M(16M) 0.875ms
[18.791s][info][gc] GC(639) Pause Young (Normal) (G1 Evacuation Pause) 12M->10M(16M) 0.776ms
[18.797s][info][gc] GC(640) Pause Young (Normal) (G1 Evacuation Pause) 12M->10M(16M) 0.829ms
[18.804s][info][gc] GC(641) Pause Young (Normal) (G1 Evacuation Pause) 12M->10M(16M) 0.814ms
[18.810s][info][gc] GC(642) Pause Young (Normal) (G1 Evacuation Pause) 12M->10M(16M) 0.860ms
[18.819s][info][gc] GC(643) Pause Young (Normal) (G1 Evacuation Pause) 12M->10M(16M) 1.166ms
[18.829s][info][gc] GC(644) Pause Young (Normal) (G1 Evacuation Pause) 12M->10M(16M) 0.810ms
[18.835s][info][gc] GC(645) Pause Young (Normal) (G1 Evacuation Pause) 12M->10M(16M) 0.750ms
[18.841s][info][gc] GC(646) Pause Young (Normal) (G1 Evacuation Pause) 12M->10M(16M) 1.072ms
[18.848s][info][gc] GC(647) Pause Young (Normal) (G1 Evacuation Pause) 12M->10M(16M) 1.006ms
[18.855s][info][gc] GC(648) Pause Young (Normal) (G1 Evacuation Pause) 12M->10M(16M) 0.925ms
[18.861s][info][gc] GC(649) Pause Young (Normal) (G1 Evacuation Pause) 12M->10M(16M) 0.788ms
[18.868s][info][gc] GC(650) Pause Young (Normal) (G1 Evacuation Pause) 12M->10M(16M) 0.939ms
[18.874s][info][gc] GC(651) Pause Young (Normal) (G1 Evacuation Pause) 12M->10M(16M) 0.746ms
[18.878s][info][gc] GC(652) Pause Young (Concurrent Start) (G1 Evacuation Pause) 11M->10M(16M) 1.017ms
[18.878s][info][gc] GC(653) Concurrent Mark Cycle
[18.882s][info][gc] GC(654) Pause Young (Normal) (G1 Evacuation Pause) 11M->10M(16M) 1.132ms
[18.887s][info][gc] GC(655) Pause Young (Normal) (G1 Evacuation Pause) 11M->10M(16M) 0.581ms
[18.893s][info][gc] GC(653) Pause Remark 10M->10M(16M) 5.775ms
[18.896s][info][gc] GC(653) Pause Cleanup 11M->11M(16M) 0.045ms
[18.896s][info][gc] GC(653) Concurrent Mark Cycle 18.187ms
[18.897s][info][gc] GC(656) Pause Young (Prepare Mixed) (G1 Evacuation Pause) 11M->10M(16M) 0.841ms
[18.901s][info][gc] GC(657) Pause Young (Mixed) (G1 Evacuation Pause) 11M->10M(16M) 1.191ms
[18.908s][info][gc] GC(658) Pause Young (Normal) (G1 Evacuation Pause) 12M->10M(16M) 0.715ms
[18.915s][info][gc] GC(659) Pause Young (Normal) (G1 Evacuation Pause) 12M->10M(16M) 0.713ms
[18.921s][info][gc] GC(660) Pause Young (Normal) (G1 Evacuation Pause) 12M->10M(16M) 0.761ms
[18.928s][info][gc] GC(661) Pause Young (Normal) (G1 Evacuation Pause) 12M->10M(16M) 0.863ms
[18.934s][info][gc] GC(662) Pause Young (Normal) (G1 Evacuation Pause) 12M->10M(16M) 0.673ms
[18.941s][info][gc] GC(663) Pause Young (Normal) (G1 Evacuation Pause) 12M->10M(16M) 0.763ms
[18.948s][info][gc] GC(664) Pause Young (Normal) (G1 Evacuation Pause) 12M->10M(16M) 0.971ms
[18.955s][info][gc] GC(665) Pause Young (Normal) (G1 Evacuation Pause) 12M->10M(16M) 0.841ms
[18.960s][info][gc] GC(666) Pause Young (Concurrent Start) (G1 Evacuation Pause) 11M->10M(16M) 0.987ms
[18.960s][info][gc] GC(667) Concurrent Mark Cycle
[18.964s][info][gc] GC(668) Pause Young (Normal) (G1 Evacuation Pause) 11M->10M(16M) 0.903ms
[18.974s][info][gc] GC(667) Pause Remark 11M->11M(16M) 5.251ms
[18.975s][info][gc] GC(669) Pause Young (Normal) (G1 Evacuation Pause) 11M->10M(16M) 0.653ms
[18.979s][info][gc] GC(667) Pause Cleanup 11M->11M(16M) 0.045ms
[18.979s][info][gc] GC(667) Concurrent Mark Cycle 19.255ms
[18.981s][info][gc] GC(670) Pause Young (Prepare Mixed) (G1 Evacuation Pause) 11M->10M(16M) 0.899ms
[18.987s][info][gc] GC(671) Pause Young (Mixed) (G1 Evacuation Pause) 11M->10M(16M) 1.595ms
[18.994s][info][gc] GC(672) Pause Young (Normal) (G1 Evacuation Pause) 12M->10M(16M) 0.851ms
[19.002s][info][gc] GC(673) Pause Young (Normal) (G1 Evacuation Pause) 12M->10M(16M) 0.991ms
[19.010s][info][gc] GC(674) Pause Young (Normal) (G1 Evacuation Pause) 12M->10M(16M) 0.689ms
[19.018s][info][gc] GC(675) Pause Young (Normal) (G1 Evacuation Pause) 12M->10M(16M) 0.792ms
[19.030s][info][gc] GC(676) Pause Young (Normal) (G1 Evacuation Pause) 12M->10M(16M) 1.489ms
[19.040s][info][gc] GC(677) Pause Young (Normal) (G1 Evacuation Pause) 12M->10M(16M) 0.825ms
[19.048s][info][gc] GC(678) Pause Young (Normal) (G1 Evacuation Pause) 12M->10M(16M) 1.018ms
[19.056s][info][gc] GC(679) Pause Young (Normal) (G1 Evacuation Pause) 12M->10M(16M) 1.133ms
[19.062s][info][gc] GC(680) Pause Young (Concurrent Start) (G1 Evacuation Pause) 11M->10M(16M) 1.315ms
[19.062s][info][gc] GC(681) Concurrent Mark Cycle
[19.067s][info][gc] GC(682) Pause Young (Normal) (G1 Evacuation Pause) 11M->10M(16M) 0.876ms
[19.077s][info][gc] GC(681) Pause Remark 11M->11M(16M) 5.602ms
[19.078s][info][gc] GC(683) Pause Young (Normal) (G1 Evacuation Pause) 11M->10M(16M) 0.712ms
[19.081s][info][gc] GC(681) Pause Cleanup 11M->11M(16M) 0.054ms
[19.081s][info][gc] GC(681) Concurrent Mark Cycle 19.514ms
[19.084s][info][gc] GC(684) Pause Young (Normal) (G1 Evacuation Pause) 11M->10M(16M) 0.796ms
[19.088s][info][gc] GC(685) Pause Young (Normal) (G1 Evacuation Pause) 11M->10M(16M) 0.785ms
[19.092s][info][gc] GC(686) Pause Young (Normal) (G1 Evacuation Pause) 11M->10M(16M) 0.856ms
[19.096s][info][gc] GC(687) Pause Young (Normal) (G1 Evacuation Pause) 11M->10M(16M) 0.659ms
[19.100s][info][gc] GC(688) Pause Young (Normal) (G1 Evacuation Pause) 11M->10M(16M) 0.710ms
[19.104s][info][gc] GC(689) Pause Young (Normal) (G1 Evacuation Pause) 11M->10M(16M) 0.804ms
[19.108s][info][gc] GC(690) Pause Young (Normal) (G1 Evacuation Pause) 11M->10M(16M) 0.543ms
[19.111s][info][gc] GC(691) Pause Young (Normal) (G1 Evacuation Pause) 11M->10M(16M) 0.798ms
[19.115s][info][gc] GC(692) Pause Young (Normal) (G1 Evacuation Pause) 11M->10M(16M) 0.509ms
[19.118s][info][gc] GC(693) Pause Young (Normal) (G1 Evacuation Pause) 11M->10M(16M) 0.785ms
[19.122s][info][gc] GC(694) Pause Young (Normal) (G1 Evacuation Pause) 11M->10M(16M) 0.564ms
[19.125s][info][gc] GC(695) Pause Young (Normal) (G1 Evacuation Pause) 11M->10M(16M) 0.660ms
[19.128s][info][gc] GC(696) Pause Young (Normal) (G1 Evacuation Pause) 11M->10M(16M) 0.510ms
[19.131s][info][gc] GC(697) Pause Young (Normal) (G1 Evacuation Pause) 11M->10M(16M) 0.690ms
[19.136s][info][gc] GC(698) Pause Young (Normal) (G1 Evacuation Pause) 11M->10M(16M) 0.564ms
[19.139s][info][gc] GC(699) Pause Young (Normal) (G1 Evacuation Pause) 11M->10M(16M) 0.731ms
[19.143s][info][gc] GC(700) Pause Young (Normal) (G1 Evacuation Pause) 11M->10M(16M) 0.593ms
[19.147s][info][gc] GC(701) Pause Young (Normal) (G1 Evacuation Pause) 11M->10M(16M) 0.894ms
[19.150s][info][gc] GC(702) Pause Young (Normal) (G1 Evacuation Pause) 11M->10M(16M) 0.588ms
[19.155s][info][gc] GC(703) Pause Young (Normal) (G1 Evacuation Pause) 11M->10M(16M) 0.598ms
[19.158s][info][gc] GC(704) Pause Young (Normal) (G1 Evacuation Pause) 11M->10M(16M) 0.524ms
[19.161s][info][gc] GC(705) Pause Young (Normal) (G1 Evacuation Pause) 11M->10M(16M) 0.696ms
[19.165s][info][gc] GC(706) Pause Young (Normal) (G1 Evacuation Pause) 11M->10M(16M) 0.922ms
[19.169s][info][gc] GC(707) Pause Young (Normal) (G1 Evacuation Pause) 11M->11M(16M) 0.731ms
[19.173s][info][gc] GC(708) Pause Young (Normal) (G1 Evacuation Pause) 12M->10M(16M) 0.717ms
[19.177s][info][gc] GC(709) Pause Young (Normal) (G1 Evacuation Pause) 11M->11M(16M) 0.804ms
[19.181s][info][gc] GC(710) Pause Young (Normal) (G1 Evacuation Pause) 12M->11M(16M) 0.802ms
[19.185s][info][gc] GC(711) Pause Young (Normal) (G1 Evacuation Pause) 12M->11M(16M) 0.703ms
[19.189s][info][gc] GC(712) Pause Young (Normal) (G1 Evacuation Pause) 12M->11M(16M) 0.731ms
[19.192s][info][gc] GC(713) Pause Young (Normal) (G1 Evacuation Pause) 12M->11M(16M) 0.606ms
[19.196s][info][gc] GC(714) Pause Young (Normal) (G1 Evacuation Pause) 12M->11M(16M) 0.740ms
[19.199s][info][gc] GC(715) Pause Young (Normal) (G1 Evacuation Pause) 12M->11M(16M) 0.519ms
[19.203s][info][gc] GC(716) Pause Young (Normal) (G1 Evacuation Pause) 12M->11M(16M) 0.901ms
[19.206s][info][gc] GC(717) Pause Young (Normal) (G1 Evacuation Pause) 12M->11M(16M) 0.553ms
[19.210s][info][gc] GC(718) Pause Young (Normal) (G1 Evacuation Pause) 12M->11M(16M) 0.770ms
[19.214s][info][gc] GC(719) Pause Young (Normal) (G1 Evacuation Pause) 12M->11M(16M) 0.895ms
[19.219s][info][gc] GC(720) Pause Young (Normal) (G1 Evacuation Pause) 12M->11M(16M) 0.934ms
[19.224s][info][gc] GC(721) Pause Young (Normal) (G1 Evacuation Pause) 12M->11M(16M) 1.162ms
[19.231s][info][gc] GC(722) Pause Young (Normal) (G1 Evacuation Pause) 12M->11M(16M) 0.918ms
[19.235s][info][gc] GC(723) Pause Young (Normal) (G1 Evacuation Pause) 12M->11M(16M) 0.733ms
[19.239s][info][gc] GC(724) Pause Young (Normal) (G1 Evacuation Pause) 12M->11M(16M) 0.644ms
[19.243s][info][gc] GC(725) Pause Young (Normal) (G1 Evacuation Pause) 12M->11M(16M) 0.776ms
[19.246s][info][gc] GC(726) Pause Young (Normal) (G1 Evacuation Pause) 12M->11M(16M) 0.613ms
[19.250s][info][gc] GC(727) Pause Young (Concurrent Start) (G1 Evacuation Pause) 12M->11M(16M) 0.929ms
[19.250s][info][gc] GC(728) Concurrent Mark Cycle
[19.254s][info][gc] GC(729) Pause Young (Normal) (G1 Evacuation Pause) 12M->11M(16M) 0.769ms
[19.258s][info][gc] GC(730) Pause Young (Normal) (G1 Evacuation Pause) 12M->11M(16M) 0.782ms
[19.265s][info][gc] GC(728) Pause Remark 11M->11M(16M) 6.265ms
[19.269s][info][gc] GC(731) Pause Young (Normal) (G1 Evacuation Pause) 12M->11M(16M) 0.703ms
[19.270s][info][gc] GC(728) Pause Cleanup 11M->11M(16M) 0.032ms
[19.270s][info][gc] GC(728) Concurrent Mark Cycle 19.937ms
[19.273s][info][gc] GC(732) Pause Young (Prepare Mixed) (G1 Evacuation Pause) 12M->11M(16M) 0.640ms
[19.277s][info][gc] GC(733) Pause Young (Mixed) (G1 Preventive Collection) 12M->11M(16M) 1.022ms
[19.280s][info][gc] GC(734) Pause Young (Normal) (G1 Evacuation Pause) 12M->11M(16M) 0.538ms
[19.283s][info][gc] GC(735) Pause Young (Normal) (G1 Evacuation Pause) 12M->10M(16M) 0.632ms
[19.288s][info][gc] GC(736) Pause Young (Normal) (G1 Evacuation Pause) 11M->11M(16M) 0.634ms
[19.291s][info][gc] GC(737) Pause Young (Normal) (G1 Evacuation Pause) 12M->11M(16M) 0.643ms
[19.295s][info][gc] GC(738) Pause Young (Normal) (G1 Evacuation Pause) 12M->11M(16M) 0.535ms
[19.298s][info][gc] GC(739) Pause Young (Normal) (G1 Evacuation Pause) 12M->11M(16M) 0.698ms
[19.302s][info][gc] GC(740) Pause Young (Normal) (G1 Evacuation Pause) 12M->11M(16M) 0.522ms
[19.305s][info][gc] GC(741) Pause Young (Normal) (G1 Evacuation Pause) 12M->11M(16M) 0.700ms
[19.308s][info][gc] GC(742) Pause Young (Normal) (G1 Evacuation Pause) 12M->11M(16M) 0.488ms
[19.312s][info][gc] GC(743) Pause Young (Normal) (G1 Evacuation Pause) 12M->11M(16M) 0.753ms
[19.316s][info][gc] GC(744) Pause Young (Normal) (G1 Evacuation Pause) 12M->11M(16M) 0.846ms
[19.320s][info][gc] GC(745) Pause Young (Normal) (G1 Evacuation Pause) 12M->11M(16M) 0.934ms
[19.325s][info][gc] GC(746) Pause Young (Normal) (G1 Evacuation Pause) 12M->11M(16M) 0.683ms
[19.330s][info][gc] GC(747) Pause Young (Normal) (G1 Evacuation Pause) 12M->11M(16M) 0.820ms
[19.335s][info][gc] GC(748) Pause Young (Normal) (G1 Evacuation Pause) 12M->11M(16M) 0.751ms
[19.338s][info][gc] GC(749) Pause Young (Normal) (G1 Evacuation Pause) 12M->11M(16M) 0.724ms
[19.343s][info][gc] GC(750) Pause Young (Normal) (G1 Evacuation Pause) 12M->11M(16M) 0.728ms
[19.347s][info][gc] GC(751) Pause Young (Normal) (G1 Evacuation Pause) 12M->11M(16M) 0.672ms
[19.350s][info][gc] GC(752) Pause Young (Concurrent Start) (G1 Evacuation Pause) 12M->11M(16M) 0.933ms
[19.350s][info][gc] GC(753) Concurrent Mark Cycle
[19.354s][info][gc] GC(754) Pause Young (Normal) (G1 Evacuation Pause) 12M->11M(16M) 0.761ms
[19.358s][info][gc] GC(755) Pause Young (Normal) (G1 Evacuation Pause) 12M->11M(16M) 0.663ms
[19.364s][info][gc] GC(753) Pause Remark 11M->11M(16M) 4.572ms
[19.367s][info][gc] GC(753) Pause Cleanup 12M->12M(16M) 0.037ms
[19.367s][info][gc] GC(753) Concurrent Mark Cycle 16.485ms
[19.368s][info][gc] GC(756) Pause Young (Prepare Mixed) (G1 Evacuation Pause) 12M->11M(16M) 0.717ms
[19.372s][info][gc] GC(757) Pause Young (Mixed) (G1 Preventive Collection) 12M->11M(16M) 1.030ms
[19.375s][info][gc] GC(758) Pause Young (Normal) (G1 Evacuation Pause) 12M->11M(16M) 0.776ms
[19.379s][info][gc] GC(759) Pause Young (Normal) (G1 Evacuation Pause) 12M->11M(16M) 0.485ms
[19.382s][info][gc] GC(760) Pause Young (Normal) (G1 Evacuation Pause) 12M->11M(16M) 0.774ms
[19.386s][info][gc] GC(761) Pause Young (Normal) (G1 Evacuation Pause) 12M->11M(16M) 0.540ms
[19.389s][info][gc] GC(762) Pause Young (Normal) (G1 Evacuation Pause) 12M->11M(16M) 0.950ms
[19.393s][info][gc] GC(763) Pause Young (Concurrent Start) (G1 Evacuation Pause) 12M->11M(16M) 0.707ms
[19.393s][info][gc] GC(764) Concurrent Mark Cycle
[19.397s][info][gc] GC(765) Pause Young (Normal) (G1 Evacuation Pause) 12M->11M(16M) 0.748ms
[19.400s][info][gc] GC(766) Pause Young (Normal) (G1 Evacuation Pause) 12M->11M(16M) 0.512ms
[19.406s][info][gc] GC(764) Pause Remark 11M->11M(16M) 4.024ms
[19.410s][info][gc] GC(767) Pause Young (Normal) (G1 Evacuation Pause) 12M->11M(16M) 0.890ms
[19.410s][info][gc] GC(764) Pause Cleanup 11M->11M(16M) 0.041ms
[19.411s][info][gc] GC(764) Concurrent Mark Cycle 17.653ms
[19.414s][info][gc] GC(768) Pause Young (Prepare Mixed) (G1 Evacuation Pause) 12M->11M(16M) 0.586ms
[19.419s][info][gc] GC(769) Pause Young (Mixed) (G1 Preventive Collection) 12M->11M(16M) 2.029ms
[19.424s][info][gc] GC(770) Pause Young (Normal) (G1 Evacuation Pause) 12M->11M(16M) 1.082ms
[19.430s][info][gc] GC(771) Pause Young (Normal) (G1 Evacuation Pause) 12M->11M(16M) 0.795ms
[19.435s][info][gc] GC(772) Pause Young (Concurrent Start) (G1 Evacuation Pause) 12M->11M(16M) 0.798ms
[19.435s][info][gc] GC(773) Concurrent Mark Cycle
[19.439s][info][gc] GC(774) Pause Young (Normal) (G1 Evacuation Pause) 12M->11M(16M) 0.910ms
[19.443s][info][gc] GC(775) Pause Young (Normal) (G1 Evacuation Pause) 12M->11M(16M) 0.538ms
[19.448s][info][gc] GC(773) Pause Remark 11M->11M(16M) 4.046ms
[19.452s][info][gc] GC(776) Pause Young (Normal) (G1 Evacuation Pause) 12M->11M(16M) 0.673ms
[19.453s][info][gc] GC(773) Pause Cleanup 11M->11M(16M) 0.033ms
[19.453s][info][gc] GC(773) Concurrent Mark Cycle 18.334ms
[19.456s][info][gc] GC(777) Pause Young (Prepare Mixed) (G1 Evacuation Pause) 12M->11M(16M) 0.488ms
[19.460s][info][gc] GC(778) Pause Young (Mixed) (G1 Preventive Collection) 12M->11M(16M) 1.131ms
[19.463s][info][gc] GC(779) Pause Young (Normal) (G1 Evacuation Pause) 12M->11M(16M) 0.586ms
[19.467s][info][gc] GC(780) Pause Young (Normal) (G1 Evacuation Pause) 12M->11M(16M) 0.717ms
[19.471s][info][gc] GC(781) Pause Young (Concurrent Start) (G1 Evacuation Pause) 12M->11M(16M) 0.994ms
[19.471s][info][gc] GC(782) Concurrent Mark Cycle
[19.475s][info][gc] GC(783) Pause Young (Normal) (G1 Evacuation Pause) 12M->11M(16M) 0.706ms
[19.479s][info][gc] GC(784) Pause Young (Normal) (G1 Evacuation Pause) 12M->11M(16M) 0.747ms
[19.485s][info][gc] GC(782) Pause Remark 12M->12M(16M) 3.841ms
[19.488s][info][gc] GC(785) Pause Young (Normal) (G1 Evacuation Pause) 12M->11M(16M) 0.586ms
[19.490s][info][gc] GC(782) Pause Cleanup 11M->11M(16M) 0.036ms
[19.490s][info][gc] GC(782) Concurrent Mark Cycle 18.569ms
[19.492s][info][gc] GC(786) Pause Young (Normal) (G1 Evacuation Pause) 12M->11M(16M) 0.610ms
[19.496s][info][gc] GC(787) Pause Young (Concurrent Start) (G1 Evacuation Pause) 12M->11M(16M) 0.667ms
[19.496s][info][gc] GC(788) Concurrent Mark Cycle
[19.500s][info][gc] GC(789) Pause Young (Normal) (G1 Evacuation Pause) 12M->11M(16M) 0.774ms
[19.504s][info][gc] GC(790) Pause Young (Normal) (G1 Evacuation Pause) 12M->11M(16M) 0.558ms
[19.510s][info][gc] GC(788) Pause Remark 12M->12M(16M) 4.072ms
[19.513s][info][gc] GC(791) Pause Young (Normal) (G1 Evacuation Pause) 12M->11M(16M) 0.731ms
[19.514s][info][gc] GC(788) Pause Cleanup 11M->11M(16M) 0.041ms
[19.514s][info][gc] GC(788) Concurrent Mark Cycle 17.790ms
[19.517s][info][gc] GC(792) Pause Young (Normal) (G1 Evacuation Pause) 12M->11M(16M) 0.540ms
[19.520s][info][gc] GC(793) Pause Young (Concurrent Start) (G1 Evacuation Pause) 12M->11M(16M) 0.911ms
[19.520s][info][gc] GC(794) Concurrent Mark Cycle
[19.525s][info][gc] GC(795) Pause Young (Normal) (G1 Evacuation Pause) 12M->11M(16M) 0.855ms
[19.528s][info][gc] GC(796) Pause Young (Normal) (G1 Evacuation Pause) 12M->11M(16M) 0.702ms
[19.534s][info][gc] GC(794) Pause Remark 12M->12M(16M) 4.306ms
[19.537s][info][gc] GC(797) Pause Young (Normal) (G1 Evacuation Pause) 12M->11M(16M) 0.642ms
[19.539s][info][gc] GC(794) Pause Cleanup 11M->11M(16M) 0.046ms
[19.539s][info][gc] GC(794) Concurrent Mark Cycle 18.250ms
[19.542s][info][gc] GC(798) Pause Young (Normal) (G1 Evacuation Pause) 12M->11M(16M) 0.632ms
[19.545s][info][gc] GC(799) Pause Young (Concurrent Start) (G1 Evacuation Pause) 12M->11M(16M) 0.966ms
[19.545s][info][gc] GC(800) Concurrent Mark Cycle
[19.549s][info][gc] GC(801) Pause Young (Normal) (G1 Evacuation Pause) 12M->11M(16M) 0.824ms
[19.553s][info][gc] GC(802) Pause Young (Normal) (G1 Evacuation Pause) 12M->11M(16M) 0.654ms
[19.559s][info][gc] GC(800) Pause Remark 12M->12M(16M) 3.926ms
[19.562s][info][gc] GC(803) Pause Young (Normal) (G1 Evacuation Pause) 12M->11M(16M) 0.909ms
[19.564s][info][gc] GC(800) Pause Cleanup 12M->12M(16M) 0.038ms
[19.564s][info][gc] GC(800) Concurrent Mark Cycle 18.750ms
[19.566s][info][gc] GC(804) Pause Young (Normal) (G1 Evacuation Pause) 12M->11M(16M) 0.515ms
[19.570s][info][gc] GC(805) Pause Young (Concurrent Start) (G1 Evacuation Pause) 12M->11M(16M) 0.859ms
[19.570s][info][gc] GC(806) Concurrent Mark Cycle
[19.573s][info][gc] GC(807) Pause Young (Normal) (G1 Evacuation Pause) 12M->11M(16M) 0.582ms
[19.577s][info][gc] GC(808) Pause Young (Normal) (G1 Evacuation Pause) 12M->11M(16M) 0.619ms
[19.584s][info][gc] GC(806) Pause Remark 12M->12M(16M) 4.241ms
[19.586s][info][gc] GC(809) Pause Young (Normal) (G1 Evacuation Pause) 12M->11M(16M) 0.566ms
[19.588s][info][gc] GC(806) Pause Cleanup 12M->12M(16M) 0.030ms
[19.588s][info][gc] GC(806) Concurrent Mark Cycle 18.234ms
[19.590s][info][gc] GC(810) Pause Young (Normal) (G1 Evacuation Pause) 12M->11M(16M) 0.729ms
[19.595s][info][gc] GC(811) Pause Young (Concurrent Start) (G1 Evacuation Pause) 12M->11M(16M) 0.819ms
[19.595s][info][gc] GC(812) Concurrent Mark Cycle
[19.598s][info][gc] GC(813) Pause Young (Normal) (G1 Evacuation Pause) 12M->11M(16M) 0.825ms
[19.603s][info][gc] GC(814) Pause Young (Normal) (G1 Evacuation Pause) 12M->11M(16M) 0.790ms
[19.609s][info][gc] GC(812) Pause Remark 12M->12M(16M) 4.071ms
[19.613s][info][gc] GC(815) Pause Young (Normal) (G1 Evacuation Pause) 12M->11M(16M) 0.774ms
[19.614s][info][gc] GC(812) Pause Cleanup 12M->12M(16M) 0.041ms
[19.614s][info][gc] GC(812) Concurrent Mark Cycle 19.366ms
[19.618s][info][gc] GC(816) Pause Young (Normal) (G1 Evacuation Pause) 12M->11M(16M) 0.725ms
[19.625s][info][gc] GC(817) Pause Young (Concurrent Start) (G1 Evacuation Pause) 12M->11M(16M) 1.870ms
[19.625s][info][gc] GC(818) Concurrent Mark Cycle
[19.634s][info][gc] GC(819) Pause Young (Normal) (G1 Evacuation Pause) 12M->12M(16M) 1.240ms
[19.642s][info][gc] GC(818) Pause Remark 12M->12M(16M) 4.486ms
[19.646s][info][gc] GC(820) Pause Young (Normal) (G1 Evacuation Pause) 13M->12M(16M) 0.761ms
[19.647s][info][gc] GC(818) Pause Cleanup 12M->12M(16M) 0.039ms
[19.647s][info][gc] GC(818) Concurrent Mark Cycle 22.571ms
[19.650s][info][gc] GC(821) Pause Young (Normal) (G1 Evacuation Pause) 13M->12M(16M) 0.723ms
[19.656s][info][gc] GC(822) Pause Young (Concurrent Start) (G1 Evacuation Pause) 13M->12M(16M) 0.917ms
[19.656s][info][gc] GC(823) Concurrent Mark Cycle
[19.660s][info][gc] GC(824) Pause Young (Normal) (G1 Evacuation Pause) 13M->12M(16M) 0.892ms
[19.664s][info][gc] GC(825) Pause Young (Normal) (G1 Evacuation Pause) 13M->12M(16M) 0.588ms
[19.670s][info][gc] GC(823) Pause Remark 12M->12M(16M) 4.269ms
[19.675s][info][gc] GC(826) Pause Young (Normal) (G1 Evacuation Pause) 13M->12M(16M) 0.943ms
[19.675s][info][gc] GC(823) Pause Cleanup 12M->12M(16M) 0.048ms
[19.675s][info][gc] GC(823) Concurrent Mark Cycle 19.558ms
[19.680s][info][gc] GC(827) Pause Young (Normal) (G1 Evacuation Pause) 13M->12M(16M) 0.884ms
[19.684s][info][gc] GC(828) Pause Young (Concurrent Start) (G1 Evacuation Pause) 13M->12M(16M) 0.712ms
[19.684s][info][gc] GC(829) Concurrent Mark Cycle
[19.688s][info][gc] GC(830) Pause Young (Normal) (G1 Evacuation Pause) 13M->12M(16M) 1.282ms
[19.694s][info][gc] GC(831) Pause Young (Normal) (G1 Evacuation Pause) 13M->12M(16M) 1.010ms
[19.700s][info][gc] GC(829) Pause Remark 12M->12M(16M) 3.903ms
[19.703s][info][gc] GC(829) Pause Cleanup 13M->13M(16M) 0.044ms
[19.703s][info][gc] GC(829) Concurrent Mark Cycle 19.245ms
[19.704s][info][gc] GC(832) Pause Young (Normal) (G1 Evacuation Pause) 13M->12M(16M) 0.614ms
[19.708s][info][gc] GC(833) Pause Young (Concurrent Start) (G1 Evacuation Pause) 13M->12M(16M) 0.764ms
[19.708s][info][gc] GC(834) Concurrent Mark Cycle
[19.712s][info][gc] GC(835) Pause Young (Normal) (G1 Evacuation Pause) 13M->12M(16M) 0.811ms
[19.716s][info][gc] GC(836) Pause Young (Normal) (G1 Evacuation Pause) 13M->12M(16M) 0.688ms
[19.722s][info][gc] GC(834) Pause Remark 12M->12M(16M) 4.182ms
[19.725s][info][gc] GC(837) Pause Young (Normal) (G1 Evacuation Pause) 13M->12M(16M) 0.583ms
[19.726s][info][gc] GC(834) Pause Cleanup 12M->12M(16M) 0.034ms
[19.727s][info][gc] GC(834) Concurrent Mark Cycle 18.306ms
[19.729s][info][gc] GC(838) Pause Young (Normal) (G1 Evacuation Pause) 13M->12M(16M) 0.682ms
[19.733s][info][gc] GC(839) Pause Young (Concurrent Start) (G1 Evacuation Pause) 13M->12M(16M) 0.742ms
[19.733s][info][gc] GC(840) Concurrent Mark Cycle
[19.736s][info][gc] GC(841) Pause Young (Normal) (G1 Preventive Collection) 13M->12M(16M) 0.793ms
[19.740s][info][gc] GC(842) Pause Young (Normal) (G1 Preventive Collection) 13M->12M(16M) 0.594ms
[19.746s][info][gc] GC(840) Pause Remark 13M->13M(16M) 3.803ms
[19.749s][info][gc] GC(843) Pause Young (Normal) (G1 Preventive Collection) 13M->12M(16M) 0.808ms
[19.751s][info][gc] GC(840) Pause Cleanup 12M->12M(16M) 0.042ms
[19.751s][info][gc] GC(840) Concurrent Mark Cycle 17.828ms
[19.753s][info][gc] GC(844) Pause Young (Prepare Mixed) (G1 Preventive Collection) 13M->12M(16M) 0.687ms
[19.757s][info][gc] GC(845) Pause Young (Mixed) (G1 Preventive Collection) 13M->11M(16M) 1.077ms
[19.760s][info][gc] GC(846) Pause Young (Normal) (G1 Evacuation Pause) 12M->12M(16M) 0.512ms
[19.763s][info][gc] GC(847) Pause Young (Normal) (G1 Evacuation Pause) 13M->12M(16M) 0.662ms
[19.767s][info][gc] GC(848) Pause Young (Concurrent Start) (G1 Evacuation Pause) 13M->12M(16M) 0.633ms
[19.767s][info][gc] GC(849) Concurrent Mark Cycle
[19.771s][info][gc] GC(850) Pause Young (Normal) (G1 Evacuation Pause) 13M->12M(16M) 0.879ms
[19.775s][info][gc] GC(851) Pause Young (Normal) (G1 Evacuation Pause) 13M->12M(16M) 0.614ms
[19.780s][info][gc] GC(849) Pause Remark 12M->12M(16M) 4.265ms
[19.783s][info][gc] GC(849) Pause Cleanup 13M->13M(16M) 0.049ms
[19.783s][info][gc] GC(849) Concurrent Mark Cycle 15.960ms
[19.784s][info][gc] GC(852) Pause Young (Normal) (G1 Evacuation Pause) 13M->12M(16M) 0.590ms
[19.788s][info][gc] GC(853) Pause Young (Concurrent Start) (G1 Evacuation Pause) 13M->12M(16M) 0.830ms
[19.788s][info][gc] GC(854) Concurrent Mark Cycle
[19.791s][info][gc] GC(855) Pause Young (Normal) (G1 Evacuation Pause) 13M->12M(16M) 0.713ms
[19.796s][info][gc] GC(856) Pause Young (Normal) (G1 Evacuation Pause) 13M->12M(16M) 0.687ms
[19.802s][info][gc] GC(854) Pause Remark 12M->12M(16M) 4.301ms
[19.804s][info][gc] GC(857) Pause Young (Normal) (G1 Evacuation Pause) 13M->12M(16M) 0.732ms
[19.806s][info][gc] GC(854) Pause Cleanup 12M->12M(16M) 0.042ms
[19.806s][info][gc] GC(854) Concurrent Mark Cycle 18.216ms
[19.809s][info][gc] GC(858) Pause Young (Normal) (G1 Evacuation Pause) 13M->12M(16M) 0.582ms
[19.812s][info][gc] GC(859) Pause Young (Concurrent Start) (G1 Evacuation Pause) 13M->12M(16M) 0.873ms
[19.813s][info][gc] GC(860) Concurrent Mark Cycle
[19.816s][info][gc] GC(861) Pause Young (Normal) (G1 Evacuation Pause) 13M->12M(16M) 0.637ms
[19.821s][info][gc] GC(862) Pause Young (Normal) (G1 Evacuation Pause) 13M->12M(16M) 0.693ms
[19.831s][info][gc] GC(860) Pause Remark 12M->12M(16M) 8.002ms
[19.834s][info][gc] GC(860) Pause Cleanup 13M->13M(16M) 0.064ms
[19.834s][info][gc] GC(860) Concurrent Mark Cycle 21.771ms
[19.835s][info][gc] GC(863) Pause Young (Normal) (G1 Evacuation Pause) 13M->12M(16M) 0.760ms
[19.840s][info][gc] GC(864) Pause Young (Concurrent Start) (G1 Preventive Collection) 13M->12M(16M) 1.128ms
[19.840s][info][gc] GC(865) Concurrent Mark Cycle
[19.845s][info][gc] GC(866) Pause Young (Normal) (G1 Preventive Collection) 13M->12M(16M) 0.757ms
[19.848s][info][gc] GC(867) Pause Young (Normal) (G1 Preventive Collection) 13M->12M(16M) 0.584ms
[19.854s][info][gc] GC(865) Pause Remark 12M->12M(16M) 4.189ms
[19.857s][info][gc] GC(868) Pause Young (Normal) (G1 Preventive Collection) 13M->12M(16M) 0.597ms
[19.858s][info][gc] GC(865) Pause Cleanup 12M->12M(16M) 0.030ms
[19.858s][info][gc] GC(865) Concurrent Mark Cycle 17.963ms
[19.861s][info][gc] GC(869) Pause Young (Prepare Mixed) (G1 Preventive Collection) 13M->12M(16M) 0.856ms
[19.869s][info][gc] GC(870) Pause Young (Mixed) (G1 Preventive Collection) 13M->12M(16M) 1.870ms
[19.875s][info][gc] GC(871) Pause Young (Normal) (G1 Evacuation Pause) 13M->12M(16M) 1.143ms
[19.879s][info][gc] GC(872) Pause Young (Normal) (G1 Evacuation Pause) 13M->12M(16M) 0.769ms
[19.884s][info][gc] GC(873) Pause Young (Concurrent Start) (G1 Preventive Collection) 13M->12M(16M) 1.143ms
[19.884s][info][gc] GC(874) Concurrent Mark Cycle
[19.889s][info][gc] GC(875) Pause Young (Normal) (G1 Preventive Collection) 13M->12M(16M) 1.175ms
[19.897s][info][gc] GC(876) Pause Young (Normal) (G1 Preventive Collection) 13M->12M(16M) 1.339ms
[19.903s][info][gc] GC(874) Pause Remark 12M->12M(16M) 5.278ms
[19.907s][info][gc] GC(874) Pause Cleanup 13M->13M(16M) 0.043ms
[19.909s][info][gc] GC(877) Pause Young (Prepare Mixed) (G1 Preventive Collection) 13M->12M(16M) 0.786ms
[19.909s][info][gc] GC(874) Concurrent Mark Cycle 24.486ms
[19.914s][info][gc] GC(878) Pause Young (Mixed) (G1 Preventive Collection) 13M->12M(16M) 1.741ms
[19.918s][info][gc] GC(879) Pause Young (Normal) (G1 Evacuation Pause) 13M->12M(16M) 0.573ms
[19.921s][info][gc] GC(880) Pause Young (Normal) (G1 Preventive Collection) 13M->12M(16M) 0.567ms
[19.925s][info][gc] GC(881) Pause Young (Concurrent Start) (G1 Preventive Collection) 13M->12M(16M) 1.227ms
[19.925s][info][gc] GC(882) Concurrent Mark Cycle
[19.931s][info][gc] GC(883) Pause Young (Normal) (G1 Preventive Collection) 13M->12M(16M) 0.995ms
[19.936s][info][gc] GC(884) Pause Young (Normal) (G1 Preventive Collection) 13M->12M(16M) 0.940ms
[19.943s][info][gc] GC(882) Pause Remark 13M->13M(16M) 3.944ms
[19.945s][info][gc] GC(885) Pause Young (Normal) (G1 Preventive Collection) 13M->12M(16M) 0.781ms
[19.947s][info][gc] GC(882) Pause Cleanup 13M->13M(16M) 0.040ms
[19.948s][info][gc] GC(882) Concurrent Mark Cycle 22.102ms
[19.950s][info][gc] GC(886) Pause Young (Normal) (G1 Preventive Collection) 13M->12M(16M) 0.601ms
[19.953s][info][gc] GC(887) Pause Young (Concurrent Start) (G1 Preventive Collection) 13M->12M(16M) 0.718ms
[19.953s][info][gc] GC(888) Concurrent Mark Cycle
[19.957s][info][gc] GC(889) Pause Young (Normal) (G1 Preventive Collection) 13M->12M(16M) 1.009ms
[19.961s][info][gc] GC(890) Pause Young (Normal) (G1 Preventive Collection) 13M->12M(16M) 0.575ms
[19.968s][info][gc] GC(888) Pause Remark 13M->13M(16M) 4.199ms
[19.970s][info][gc] GC(891) Pause Young (Normal) (G1 Preventive Collection) 13M->12M(16M) 0.576ms
[19.973s][info][gc] GC(888) Pause Cleanup 13M->13M(16M) 0.042ms
[19.974s][info][gc] GC(888) Concurrent Mark Cycle 20.203ms
[19.976s][info][gc] GC(892) Pause Young (Normal) (G1 Preventive Collection) 13M->12M(16M) 0.645ms
[19.980s][info][gc] GC(893) Pause Young (Concurrent Start) (G1 Preventive Collection) 13M->12M(16M) 0.894ms
[19.980s][info][gc] GC(894) Concurrent Mark Cycle
[19.984s][info][gc] GC(895) Pause Young (Normal) (G1 Preventive Collection) 13M->12M(16M) 0.836ms
[19.988s][info][gc] GC(896) Pause Young (Normal) (G1 Preventive Collection) 13M->12M(16M) 0.754ms
[19.994s][info][gc] GC(894) Pause Remark 13M->13M(16M) 4.318ms
[19.997s][info][gc] GC(897) Pause Young (Normal) (G1 Preventive Collection) 13M->12M(16M) 0.672ms
[19.999s][info][gc] GC(894) Pause Cleanup 13M->13M(16M) 0.066ms
[19.999s][info][gc] GC(894) Concurrent Mark Cycle 19.206ms
[20.002s][info][gc] GC(898) Pause Young (Normal) (G1 Preventive Collection) 13M->12M(16M) 0.780ms
[20.007s][info][gc] GC(899) Pause Young (Concurrent Start) (G1 Preventive Collection) 13M->12M(16M) 1.024ms
[20.007s][info][gc] GC(900) Concurrent Mark Cycle
[20.011s][info][gc] GC(901) Pause Young (Normal) (G1 Preventive Collection) 13M->12M(16M) 0.702ms
[20.017s][info][gc] GC(902) Pause Young (Normal) (G1 Preventive Collection) 13M->12M(16M) 0.987ms
[20.024s][info][gc] GC(900) Pause Remark 13M->13M(16M) 5.963ms
[20.028s][info][gc] GC(900) Pause Cleanup 13M->13M(16M) 0.108ms
[20.029s][info][gc] GC(900) Concurrent Mark Cycle 21.612ms
[20.031s][info][gc] GC(903) Pause Young (Normal) (G1 Preventive Collection) 13M->12M(16M) 1.080ms
[20.038s][info][gc] GC(904) Pause Young (Concurrent Start) (G1 Preventive Collection) 13M->12M(16M) 0.887ms
[20.038s][info][gc] GC(905) Concurrent Mark Cycle
[20.043s][info][gc] GC(906) Pause Young (Normal) (G1 Preventive Collection) 13M->12M(16M) 0.875ms
[20.048s][info][gc] GC(907) Pause Young (Normal) (G1 Preventive Collection) 13M->12M(16M) 1.003ms
[20.053s][info][gc] GC(905) Pause Remark 13M->13M(16M) 4.152ms
[20.057s][info][gc] GC(905) Pause Cleanup 13M->13M(16M) 0.041ms
[20.057s][info][gc] GC(905) Concurrent Mark Cycle 19.092ms
[20.058s][info][gc] GC(908) Pause Young (Normal) (G1 Preventive Collection) 13M->12M(16M) 0.656ms
[20.063s][info][gc] GC(909) Pause Young (Concurrent Start) (G1 Preventive Collection) 13M->12M(16M) 1.282ms
[20.063s][info][gc] GC(910) Concurrent Mark Cycle
[20.067s][info][gc] GC(911) Pause Young (Normal) (G1 Preventive Collection) 13M->12M(16M) 0.672ms
[20.071s][info][gc] GC(912) Pause Young (Normal) (G1 Preventive Collection) 13M->12M(16M) 0.684ms
[20.078s][info][gc] GC(910) Pause Remark 13M->13M(16M) 4.622ms
[20.081s][info][gc] GC(913) Pause Young (Normal) (G1 Preventive Collection) 13M->13M(16M) 0.735ms
[20.082s][info][gc] GC(910) Pause Cleanup 13M->13M(16M) 0.050ms
[20.082s][info][gc] GC(910) Concurrent Mark Cycle 19.487ms
[20.085s][info][gc] GC(914) Pause Young (Normal) (G1 Preventive Collection) 14M->12M(16M) 0.654ms
[20.089s][info][gc] GC(915) Pause Young (Concurrent Start) (G1 Preventive Collection) 13M->12M(16M) 0.853ms
[20.089s][info][gc] GC(916) Concurrent Mark Cycle
[20.093s][info][gc] GC(917) Pause Young (Normal) (G1 Preventive Collection) 13M->13M(16M) 0.805ms
[20.098s][info][gc] GC(918) Pause Young (Normal) (G1 Preventive Collection) 14M->13M(16M) 0.989ms
[20.105s][info][gc] GC(916) Pause Remark 13M->13M(16M) 4.890ms
[20.108s][info][gc] GC(919) Pause Young (Normal) (G1 Preventive Collection) 14M->13M(16M) 0.693ms
[20.109s][info][gc] GC(916) Pause Cleanup 13M->13M(16M) 0.037ms
[20.110s][info][gc] GC(916) Concurrent Mark Cycle 20.473ms
[20.112s][info][gc] GC(920) Pause Young (Normal) (G1 Preventive Collection) 14M->13M(16M) 0.723ms
[20.116s][info][gc] GC(921) Pause Young (Concurrent Start) (G1 Preventive Collection) 14M->13M(16M) 0.786ms
[20.116s][info][gc] GC(922) Concurrent Mark Cycle
[20.120s][info][gc] GC(923) Pause Young (Normal) (G1 Preventive Collection) 14M->13M(16M) 0.824ms
[20.123s][info][gc] GC(924) Pause Young (Normal) (G1 Preventive Collection) 14M->13M(16M) 0.653ms
[20.131s][info][gc] GC(922) Pause Remark 13M->13M(16M) 4.608ms
[20.134s][info][gc] GC(925) Pause Young (Normal) (G1 Preventive Collection) 14M->13M(16M) 0.686ms
[20.136s][info][gc] GC(922) Pause Cleanup 13M->13M(16M) 0.037ms
[20.136s][info][gc] GC(922) Concurrent Mark Cycle 20.270ms
[20.138s][info][gc] GC(926) Pause Young (Normal) (G1 Preventive Collection) 14M->13M(16M) 0.919ms
[20.142s][info][gc] GC(927) Pause Young (Concurrent Start) (G1 Preventive Collection) 14M->13M(16M) 0.750ms
[20.142s][info][gc] GC(928) Concurrent Mark Cycle
[20.146s][info][gc] GC(929) Pause Young (Normal) (G1 Preventive Collection) 14M->13M(16M) 0.835ms
[20.150s][info][gc] GC(930) Pause Young (Normal) (G1 Preventive Collection) 14M->13M(16M) 0.888ms
[20.157s][info][gc] GC(928) Pause Remark 14M->14M(16M) 4.135ms
[20.159s][info][gc] GC(931) Pause Young (Normal) (G1 Preventive Collection) 14M->13M(16M) 0.746ms
[20.162s][info][gc] GC(928) Pause Cleanup 13M->13M(16M) 0.057ms
[20.162s][info][gc] GC(928) Concurrent Mark Cycle 20.330ms
[20.165s][info][gc] GC(932) Pause Young (Normal) (G1 Preventive Collection) 14M->13M(16M) 1.002ms
[20.170s][info][gc] GC(933) Pause Young (Concurrent Start) (G1 Preventive Collection) 14M->13M(16M) 1.215ms
[20.170s][info][gc] GC(934) Concurrent Mark Cycle
[20.175s][info][gc] GC(935) Pause Young (Normal) (G1 Preventive Collection) 14M->13M(16M) 0.710ms
[20.178s][info][gc] GC(936) Pause Young (Normal) (G1 Preventive Collection) 14M->13M(16M) 0.667ms
[20.184s][info][gc] GC(937) To-space exhausted
[20.184s][info][gc] GC(937) Pause Young (Normal) (G1 Preventive Collection) 14M->13M(16M) 0.930ms
[20.188s][info][gc] GC(934) Pause Remark 13M->13M(16M) 4.172ms
[20.193s][info][gc] GC(938) To-space exhausted
[20.193s][info][gc] GC(938) Pause Young (Normal) (G1 Evacuation Pause) 14M->14M(16M) 1.118ms
[20.233s][info][gc] GC(939) Pause Full (G1 Compaction Pause) 14M->11M(16M) 39.625ms
[20.233s][info][gc] GC(934) Concurrent Mark Cycle 62.590ms
[20.237s][info][gc] GC(940) Pause Young (Normal) (G1 Evacuation Pause) 12M->11M(16M) 0.438ms
[20.240s][info][gc] GC(941) Pause Young (Concurrent Start) (G1 Evacuation Pause) 12M->12M(16M) 0.567ms
[20.240s][info][gc] GC(942) Concurrent Mark Cycle
[20.243s][info][gc] GC(943) Pause Young (Normal) (G1 Evacuation Pause) 13M->12M(16M) 0.690ms
[20.247s][info][gc] GC(944) Pause Young (Normal) (G1 Evacuation Pause) 13M->12M(16M) 0.397ms
[20.254s][info][gc] GC(942) Pause Remark 12M->12M(16M) 3.770ms
[20.254s][info][gc] GC(942) Pause Cleanup 12M->12M(16M) 0.004ms
[20.254s][info][gc] GC(942) Concurrent Mark Cycle 14.313ms
[20.255s][info][gc] GC(945) Pause Young (Normal) (G1 Evacuation Pause) 13M->12M(16M) 0.467ms
[20.260s][info][gc] GC(946) Pause Young (Concurrent Start) (G1 Evacuation Pause) 13M->12M(16M) 0.734ms
[20.260s][info][gc] GC(947) Concurrent Mark Cycle
[20.263s][info][gc] GC(948) Pause Young (Normal) (G1 Evacuation Pause) 13M->12M(16M) 0.596ms
[20.267s][info][gc] GC(949) Pause Young (Normal) (G1 Evacuation Pause) 13M->12M(16M) 0.651ms
[20.271s][info][gc] GC(950) Pause Young (Normal) (G1 Evacuation Pause) 13M->12M(16M) 0.508ms
[20.273s][info][gc] GC(947) Pause Remark 12M->12M(16M) 1.899ms
[20.273s][info][gc] GC(947) Pause Cleanup 12M->12M(16M) 0.004ms
[20.273s][info][gc] GC(947) Concurrent Mark Cycle 13.447ms
[20.276s][info][gc] GC(951) Pause Young (Normal) (G1 Evacuation Pause) 13M->12M(16M) 0.435ms
[20.279s][info][gc] GC(952) Pause Young (Concurrent Start) (G1 Evacuation Pause) 13M->12M(16M) 0.734ms
[20.279s][info][gc] GC(953) Concurrent Mark Cycle
[20.283s][info][gc] GC(954) Pause Young (Normal) (G1 Evacuation Pause) 13M->12M(16M) 0.549ms
[20.287s][info][gc] GC(955) Pause Young (Normal) (G1 Evacuation Pause) 13M->12M(16M) 0.692ms
[20.292s][info][gc] GC(953) Pause Remark 13M->13M(16M) 2.397ms
[20.292s][info][gc] GC(953) Pause Cleanup 13M->13M(16M) 0.004ms
[20.292s][info][gc] GC(953) Concurrent Mark Cycle 13.050ms
[20.293s][info][gc] GC(956) Pause Young (Normal) (G1 Evacuation Pause) 13M->12M(16M) 0.574ms
[20.297s][info][gc] GC(957) Pause Young (Concurrent Start) (G1 Evacuation Pause) 13M->12M(16M) 0.605ms
[20.297s][info][gc] GC(958) Concurrent Mark Cycle
[20.301s][info][gc] GC(959) Pause Young (Normal) (G1 Evacuation Pause) 13M->12M(16M) 0.683ms
[20.305s][info][gc] GC(960) Pause Young (Normal) (G1 Preventive Collection) 13M->12M(16M) 0.689ms
[20.309s][info][gc] GC(961) Pause Young (Normal) (G1 Preventive Collection) 13M->12M(16M) 0.533ms
[20.312s][info][gc] GC(958) Pause Remark 12M->12M(16M) 2.494ms
[20.316s][info][gc] GC(962) Pause Young (Normal) (G1 Preventive Collection) 13M->12M(16M) 0.576ms
[20.316s][info][gc] GC(958) Pause Cleanup 12M->12M(16M) 0.029ms
[20.316s][info][gc] GC(958) Concurrent Mark Cycle 19.262ms
[20.320s][info][gc] GC(963) Pause Young (Normal) (G1 Preventive Collection) 13M->12M(16M) 0.748ms
[20.323s][info][gc] GC(964) Pause Young (Concurrent Start) (G1 Preventive Collection) 13M->12M(16M) 0.798ms
[20.323s][info][gc] GC(965) Concurrent Mark Cycle
[20.327s][info][gc] GC(966) Pause Young (Normal) (G1 Preventive Collection) 13M->12M(16M) 0.863ms
[20.331s][info][gc] GC(967) Pause Young (Normal) (G1 Preventive Collection) 13M->12M(16M) 0.485ms
[20.337s][info][gc] GC(965) Pause Remark 13M->13M(16M) 3.549ms
[20.338s][info][gc] GC(968) Pause Young (Normal) (G1 Preventive Collection) 13M->12M(16M) 0.643ms
[20.342s][info][gc] GC(965) Pause Cleanup 13M->13M(16M) 0.046ms
[20.342s][info][gc] GC(965) Concurrent Mark Cycle 18.233ms
[20.343s][info][gc] GC(969) Pause Young (Prepare Mixed) (G1 Preventive Collection) 13M->12M(16M) 0.585ms
[20.348s][info][gc] GC(970) To-space exhausted
[20.348s][info][gc] GC(970) Pause Young (Mixed) (G1 Preventive Collection) 13M->13M(16M) 2.100ms
[20.352s][info][gc] GC(971) To-space exhausted
[20.352s][info][gc] GC(971) Pause Young (Concurrent Start) (G1 Preventive Collection) 14M->13M(16M) 1.046ms
[20.352s][info][gc] GC(972) Concurrent Mark Cycle
[20.367s][info][gc] GC(972) Pause Remark 14M->14M(16M) 4.095ms
[20.369s][info][gc] GC(973) To-space exhausted
[20.369s][info][gc] GC(973) Pause Young (Normal) (G1 Evacuation Pause) 14M->14M(16M) 1.266ms
[20.402s][info][gc] GC(974) Pause Full (G1 Compaction Pause) 14M->12M(16M) 33.159ms
[20.402s][info][gc] GC(972) Concurrent Mark Cycle 49.862ms
[20.405s][info][gc] GC(975) Pause Young (Normal) (G1 Evacuation Pause) 13M->12M(16M) 0.453ms
[20.409s][info][gc] GC(976) Pause Young (Concurrent Start) (G1 Preventive Collection) 13M->12M(16M) 0.721ms
[20.409s][info][gc] GC(977) Concurrent Mark Cycle
[20.413s][info][gc] GC(978) Pause Young (Normal) (G1 Preventive Collection) 13M->12M(16M) 0.597ms
[20.416s][info][gc] GC(979) Pause Young (Normal) (G1 Preventive Collection) 13M->12M(16M) 0.521ms
[20.420s][info][gc] GC(977) Pause Remark 13M->13M(16M) 1.951ms
[20.422s][info][gc] GC(980) Pause Young (Normal) (G1 Preventive Collection) 13M->12M(16M) 0.596ms
[20.425s][info][gc] GC(977) Pause Cleanup 12M->12M(16M) 0.051ms
[20.425s][info][gc] GC(977) Concurrent Mark Cycle 15.956ms
[20.427s][info][gc] GC(981) Pause Young (Prepare Mixed) (G1 Preventive Collection) 13M->12M(16M) 0.857ms
[20.432s][info][gc] GC(982) To-space exhausted
[20.433s][info][gc] GC(982) Pause Young (Mixed) (G1 Preventive Collection) 13M->12M(16M) 1.457ms
[20.439s][info][gc] GC(983) Pause Young (Concurrent Start) (G1 Preventive Collection) 13M->12M(16M) 0.923ms
[20.439s][info][gc] GC(984) Concurrent Mark Cycle
[20.443s][info][gc] GC(985) Pause Young (Normal) (G1 Preventive Collection) 13M->12M(16M) 0.686ms
[20.447s][info][gc] GC(986) Pause Young (Normal) (G1 Preventive Collection) 13M->12M(16M) 0.687ms
[20.451s][info][gc] GC(984) Pause Remark 13M->13M(16M) 2.474ms
[20.454s][info][gc] GC(987) Pause Young (Normal) (G1 Preventive Collection) 13M->12M(16M) 0.840ms
[20.457s][info][gc] GC(984) Pause Cleanup 13M->13M(16M) 0.040ms
[20.457s][info][gc] GC(984) Concurrent Mark Cycle 18.058ms
[20.458s][info][gc] GC(988) Pause Young (Prepare Mixed) (G1 Preventive Collection) 13M->12M(16M) 0.660ms
[20.462s][info][gc] GC(989) To-space exhausted
[20.463s][info][gc] GC(989) Pause Young (Mixed) (G1 Preventive Collection) 13M->12M(16M) 0.975ms
[20.466s][info][gc] GC(990) Pause Young (Concurrent Start) (G1 Preventive Collection) 13M->12M(16M) 0.984ms
[20.466s][info][gc] GC(991) Concurrent Mark Cycle
[20.471s][info][gc] GC(992) Pause Young (Normal) (G1 Preventive Collection) 13M->12M(16M) 0.634ms
[20.474s][info][gc] GC(993) To-space exhausted
[20.474s][info][gc] GC(993) Pause Young (Normal) (G1 Preventive Collection) 13M->12M(16M) 0.810ms
[20.479s][info][gc] GC(991) Pause Remark 13M->13M(16M) 2.001ms
[20.481s][info][gc] GC(994) To-space exhausted
[20.481s][info][gc] GC(994) Pause Young (Normal) (G1 Evacuation Pause) 13M->13M(16M) 0.946ms
[20.510s][info][gc] GC(995) Pause Full (G1 Compaction Pause) 13M->12M(16M) 29.597ms
[20.511s][info][gc] GC(991) Concurrent Mark Cycle 44.282ms
[20.515s][info][gc] GC(996) Pause Young (Normal) (G1 Evacuation Pause) 13M->12M(16M) 0.564ms
[20.518s][info][gc] GC(997) Pause Young (Concurrent Start) (G1 Preventive Collection) 13M->12M(16M) 0.613ms
[20.518s][info][gc] GC(998) Concurrent Mark Cycle
[20.522s][info][gc] GC(999) Pause Young (Normal) (G1 Preventive Collection) 13M->12M(16M) 0.674ms
[20.526s][info][gc] GC(1000) Pause Young (Normal) (G1 Preventive Collection) 13M->12M(16M) 0.456ms
[20.530s][info][gc] GC(998) Pause Remark 13M->13M(16M) 2.110ms
[20.532s][info][gc] GC(1001) Pause Young (Normal) (G1 Preventive Collection) 13M->12M(16M) 0.510ms
[20.535s][info][gc] GC(1002) Pause Young (Normal) (G1 Preventive Collection) 13M->12M(16M) 0.609ms
[20.536s][info][gc] GC(998) Pause Cleanup 12M->12M(16M) 0.030ms
[20.536s][info][gc] GC(998) Concurrent Mark Cycle 17.954ms
[20.538s][info][gc] GC(1003) Pause Young (Prepare Mixed) (G1 Preventive Collection) 13M->12M(16M) 0.515ms
[20.542s][info][gc] GC(1004) To-space exhausted
[20.542s][info][gc] GC(1004) Pause Young (Mixed) (G1 Preventive Collection) 13M->12M(16M) 1.400ms
[20.547s][info][gc] GC(1005) Pause Young (Concurrent Start) (G1 Preventive Collection) 13M->12M(16M) 1.097ms
[20.547s][info][gc] GC(1006) Concurrent Mark Cycle
[20.551s][info][gc] GC(1007) Pause Young (Normal) (G1 Preventive Collection) 13M->12M(16M) 0.683ms
[20.555s][info][gc] GC(1008) Pause Young (Normal) (G1 Preventive Collection) 13M->12M(16M) 0.704ms
[20.560s][info][gc] GC(1009) Pause Young (Normal) (G1 Preventive Collection) 13M->12M(16M) 0.570ms
[20.564s][info][gc] GC(1006) Pause Remark 12M->12M(16M) 2.377ms
[20.567s][info][gc] GC(1010) Pause Young (Normal) (G1 Preventive Collection) 13M->12M(16M) 0.584ms
[20.568s][info][gc] GC(1006) Pause Cleanup 13M->13M(16M) 0.035ms
[20.568s][info][gc] GC(1006) Concurrent Mark Cycle 21.101ms
[20.571s][info][gc] GC(1011) Pause Young (Prepare Mixed) (G1 Preventive Collection) 13M->12M(16M) 0.522ms
[20.574s][info][gc] GC(1012) To-space exhausted
[20.574s][info][gc] GC(1012) Pause Young (Mixed) (G1 Preventive Collection) 13M->12M(16M) 1.155ms
[20.578s][info][gc] GC(1013) To-space exhausted
[20.578s][info][gc] GC(1013) Pause Young (Concurrent Start) (G1 Preventive Collection) 13M->13M(16M) 0.875ms
[20.578s][info][gc] GC(1014) Concurrent Mark Cycle
[20.583s][info][gc] GC(1015) To-space exhausted
[20.583s][info][gc] GC(1015) Pause Young (Normal) (G1 Evacuation Pause) 14M->14M(16M) 1.424ms
[20.615s][info][gc] GC(1016) Pause Full (G1 Compaction Pause) 14M->12M(16M) 31.731ms
[20.615s][info][gc] GC(1014) Concurrent Mark Cycle 36.440ms
[20.619s][info][gc] GC(1017) Pause Young (Normal) (G1 Evacuation Pause) 13M->12M(16M) 0.452ms
[20.622s][info][gc] GC(1018) Pause Young (Concurrent Start) (G1 Preventive Collection) 13M->12M(16M) 0.659ms
[20.622s][info][gc] GC(1019) Concurrent Mark Cycle
[20.626s][info][gc] GC(1020) Pause Young (Normal) (G1 Preventive Collection) 13M->12M(16M) 0.861ms
[20.631s][info][gc] GC(1021) Pause Young (Normal) (G1 Preventive Collection) 13M->12M(16M) 0.933ms
[20.639s][info][gc] GC(1019) Pause Remark 13M->13M(16M) 4.965ms
[20.642s][info][gc] GC(1022) Pause Young (Normal) (G1 Preventive Collection) 13M->12M(16M) 0.558ms
[20.644s][info][gc] GC(1019) Pause Cleanup 13M->13M(16M) 0.028ms
[20.644s][info][gc] GC(1019) Concurrent Mark Cycle 21.531ms
[20.646s][info][gc] GC(1023) Pause Young (Prepare Mixed) (G1 Preventive Collection) 13M->12M(16M) 0.625ms
[20.650s][info][gc] GC(1024) To-space exhausted
[20.651s][info][gc] GC(1024) Pause Young (Mixed) (G1 Preventive Collection) 13M->12M(16M) 1.644ms
[20.654s][info][gc] GC(1025) Pause Young (Concurrent Start) (G1 Preventive Collection) 13M->12M(16M) 0.790ms
[20.654s][info][gc] GC(1026) Concurrent Mark Cycle
[20.658s][info][gc] GC(1027) Pause Young (Normal) (G1 Preventive Collection) 13M->12M(16M) 0.629ms
[20.662s][info][gc] GC(1028) Pause Young (Normal) (G1 Preventive Collection) 13M->12M(16M) 0.609ms
[20.666s][info][gc] GC(1026) Pause Remark 13M->13M(16M) 2.076ms
[20.668s][info][gc] GC(1029) Pause Young (Normal) (G1 Preventive Collection) 13M->12M(16M) 0.509ms
[20.671s][info][gc] GC(1026) Pause Cleanup 13M->13M(16M) 0.034ms
[20.671s][info][gc] GC(1026) Concurrent Mark Cycle 16.540ms
[20.671s][info][gc] GC(1030) Pause Young (Prepare Mixed) (G1 Preventive Collection) 13M->12M(16M) 0.502ms
[20.676s][info][gc] GC(1031) To-space exhausted
[20.676s][info][gc] GC(1031) Pause Young (Mixed) (G1 Preventive Collection) 13M->12M(16M) 1.539ms
[20.680s][info][gc] GC(1032) Pause Young (Concurrent Start) (G1 Preventive Collection) 13M->12M(16M) 1.101ms
[20.680s][info][gc] GC(1033) Concurrent Mark Cycle
[20.683s][info][gc] GC(1034) Pause Young (Normal) (G1 Preventive Collection) 13M->12M(16M) 0.582ms
[20.687s][info][gc] GC(1035) To-space exhausted
[20.687s][info][gc] GC(1035) Pause Young (Normal) (G1 Preventive Collection) 13M->13M(16M) 0.934ms
[20.692s][info][gc] GC(1036) To-space exhausted
[20.692s][info][gc] GC(1036) Pause Young (Normal) (G1 Evacuation Pause) 14M->14M(16M) 1.224ms
[20.724s][info][gc] GC(1037) Pause Full (G1 Compaction Pause) 14M->12M(16M) 32.265ms
[20.724s][info][gc] GC(1033) Concurrent Mark Cycle 44.594ms
[20.728s][info][gc] GC(1038) Pause Young (Normal) (G1 Evacuation Pause) 13M->12M(16M) 0.527ms
[20.731s][info][gc] GC(1039) Pause Young (Concurrent Start) (G1 Preventive Collection) 13M->12M(16M) 0.651ms
[20.731s][info][gc] GC(1040) Concurrent Mark Cycle
[20.735s][info][gc] GC(1041) Pause Young (Normal) (G1 Preventive Collection) 13M->12M(16M) 0.629ms
[20.739s][info][gc] GC(1042) Pause Young (Normal) (G1 Preventive Collection) 13M->12M(16M) 0.532ms
[20.742s][info][gc] GC(1043) Pause Young (Normal) (G1 Preventive Collection) 13M->12M(16M) 0.540ms
[20.744s][info][gc] GC(1040) Pause Remark 13M->13M(16M) 2.164ms
[20.748s][info][gc] GC(1044) Pause Young (Normal) (G1 Preventive Collection) 13M->12M(16M) 0.424ms
[20.748s][info][gc] GC(1040) Pause Cleanup 12M->12M(16M) 0.030ms
[20.748s][info][gc] GC(1040) Concurrent Mark Cycle 17.138ms
[20.751s][info][gc] GC(1045) Pause Young (Prepare Mixed) (G1 Preventive Collection) 13M->12M(16M) 0.465ms
[20.755s][info][gc] GC(1046) To-space exhausted
[20.755s][info][gc] GC(1046) Pause Young (Mixed) (G1 Preventive Collection) 13M->12M(16M) 1.673ms
[20.759s][info][gc] GC(1047) Pause Young (Concurrent Start) (G1 Preventive Collection) 13M->13M(16M) 0.873ms
[20.759s][info][gc] GC(1048) Concurrent Mark Cycle
[20.763s][info][gc] GC(1049) Pause Young (Normal) (G1 Preventive Collection) 14M->12M(16M) 0.704ms
[20.767s][info][gc] GC(1050) Pause Young (Normal) (G1 Preventive Collection) 13M->13M(16M) 0.518ms
[20.772s][info][gc] GC(1048) Pause Remark 13M->13M(16M) 2.272ms
[20.773s][info][gc] GC(1051) Pause Young (Normal) (G1 Preventive Collection) 14M->13M(16M) 0.665ms
[20.777s][info][gc] GC(1052) Pause Young (Normal) (G1 Preventive Collection) 14M->13M(16M) 0.649ms
[20.777s][info][gc] GC(1048) Pause Cleanup 13M->13M(16M) 0.025ms
[20.777s][info][gc] GC(1048) Concurrent Mark Cycle 18.187ms
[20.781s][info][gc] GC(1053) Pause Young (Prepare Mixed) (G1 Preventive Collection) 14M->13M(16M) 0.551ms
[20.786s][info][gc] GC(1054) To-space exhausted
[20.786s][info][gc] GC(1054) Pause Young (Mixed) (G1 Preventive Collection) 14M->13M(16M) 2.203ms
[20.790s][info][gc] GC(1055) To-space exhausted
[20.790s][info][gc] GC(1055) Pause Young (Concurrent Start) (G1 Preventive Collection) 14M->13M(16M) 0.973ms
[20.790s][info][gc] GC(1056) Concurrent Mark Cycle
[20.794s][info][gc] GC(1057) To-space exhausted
[20.794s][info][gc] GC(1057) Pause Young (Normal) (G1 Evacuation Pause) 14M->14M(16M) 1.201ms
[20.829s][info][gc] GC(1058) Pause Full (G1 Compaction Pause) 14M->12M(16M) 35.189ms
[20.830s][info][gc] GC(1056) Concurrent Mark Cycle 39.775ms
[20.835s][info][gc] GC(1059) Pause Young (Normal) (G1 Evacuation Pause) 13M->13M(16M) 0.648ms
[20.840s][info][gc] GC(1060) Pause Young (Concurrent Start) (G1 Preventive Collection) 14M->13M(16M) 0.819ms
[20.840s][info][gc] GC(1061) Concurrent Mark Cycle
[20.844s][info][gc] GC(1062) Pause Young (Normal) (G1 Preventive Collection) 14M->13M(16M) 0.740ms
[20.848s][info][gc] GC(1063) Pause Young (Normal) (G1 Preventive Collection) 14M->13M(16M) 0.630ms
[20.853s][info][gc] GC(1064) Pause Young (Normal) (G1 Preventive Collection) 14M->13M(16M) 0.640ms
[20.855s][info][gc] GC(1061) Pause Remark 13M->13M(16M) 2.142ms
[20.855s][info][gc] GC(1061) Pause Cleanup 13M->13M(16M) 0.004ms
[20.856s][info][gc] GC(1061) Concurrent Mark Cycle 15.907ms
[20.859s][info][gc] GC(1065) Pause Young (Normal) (G1 Preventive Collection) 14M->13M(16M) 0.525ms
[20.863s][info][gc] GC(1066) Pause Young (Concurrent Start) (G1 Preventive Collection) 14M->13M(16M) 0.666ms
[20.863s][info][gc] GC(1067) Concurrent Mark Cycle
[20.866s][info][gc] GC(1068) Pause Young (Normal) (G1 Preventive Collection) 14M->13M(16M) 0.548ms
[20.870s][info][gc] GC(1069) Pause Young (Normal) (G1 Preventive Collection) 14M->13M(16M) 0.527ms
[20.873s][info][gc] GC(1070) Pause Young (Normal) (G1 Preventive Collection) 14M->13M(16M) 0.622ms
[20.876s][info][gc] GC(1067) Pause Remark 13M->13M(16M) 2.459ms
[20.877s][info][gc] GC(1067) Pause Cleanup 13M->13M(16M) 0.004ms
[20.877s][info][gc] GC(1067) Concurrent Mark Cycle 13.816ms
[20.880s][info][gc] GC(1071) Pause Young (Normal) (G1 Preventive Collection) 14M->13M(16M) 0.546ms
[20.884s][info][gc] GC(1072) Pause Young (Concurrent Start) (G1 Preventive Collection) 14M->13M(16M) 0.840ms
[20.884s][info][gc] GC(1073) Concurrent Mark Cycle
[20.887s][info][gc] GC(1074) Pause Young (Normal) (G1 Preventive Collection) 14M->13M(16M) 0.819ms
[20.892s][info][gc] GC(1075) Pause Young (Normal) (G1 Preventive Collection) 14M->13M(16M) 0.524ms
[20.896s][info][gc] GC(1076) Pause Young (Normal) (G1 Preventive Collection) 14M->13M(16M) 0.795ms
[20.898s][info][gc] GC(1073) Pause Remark 13M->13M(16M) 2.077ms
[20.898s][info][gc] GC(1073) Pause Cleanup 13M->13M(16M) 0.003ms
[20.898s][info][gc] GC(1073) Concurrent Mark Cycle 14.550ms
[20.902s][info][gc] GC(1077) To-space exhausted
[20.902s][info][gc] GC(1077) Pause Young (Normal) (G1 Preventive Collection) 14M->13M(16M) 0.928ms
[20.907s][info][gc] GC(1078) To-space exhausted
[20.907s][info][gc] GC(1078) Pause Young (Concurrent Start) (G1 Evacuation Pause) 14M->14M(16M) 1.097ms
[20.907s][info][gc] GC(1080) Concurrent Mark Cycle
[20.951s][info][gc] GC(1079) Pause Full (G1 Compaction Pause) 14M->13M(16M) 43.935ms
[20.952s][info][gc] GC(1080) Concurrent Mark Cycle 44.195ms
[20.956s][info][gc] GC(1081) Pause Young (Normal) (G1 Preventive Collection) 14M->13M(16M) 0.691ms
[20.960s][info][gc] GC(1082) To-space exhausted
[20.960s][info][gc] GC(1082) Pause Young (Concurrent Start) (G1 Evacuation Pause) 14M->14M(16M) 0.843ms
[20.960s][info][gc] GC(1084) Concurrent Mark Cycle
[20.998s][info][gc] GC(1083) Pause Full (G1 Compaction Pause) 14M->13M(16M) 38.124ms
[20.998s][info][gc] GC(1084) Concurrent Mark Cycle 38.402ms
[21.003s][info][gc] GC(1085) Pause Young (Normal) (G1 Preventive Collection) 14M->13M(16M) 0.461ms
[21.007s][info][gc] GC(1086) To-space exhausted
[21.008s][info][gc] GC(1086) Pause Young (Concurrent Start) (G1 Evacuation Pause) 14M->14M(16M) 1.447ms
[21.008s][info][gc] GC(1088) Concurrent Mark Cycle
[21.046s][info][gc] GC(1087) Pause Full (G1 Compaction Pause) 14M->13M(16M) 38.069ms
[21.046s][info][gc] GC(1088) Concurrent Mark Cycle 38.277ms
[21.049s][info][gc] GC(1089) Pause Young (Normal) (G1 Preventive Collection) 14M->13M(16M) 0.478ms
[21.053s][info][gc] GC(1090) To-space exhausted
[21.053s][info][gc] GC(1090) Pause Young (Concurrent Start) (G1 Evacuation Pause) 14M->14M(16M) 1.097ms
[21.053s][info][gc] GC(1092) Concurrent Mark Cycle
[21.084s][info][gc] GC(1091) Pause Full (G1 Compaction Pause) 14M->13M(16M) 30.962ms
[21.084s][info][gc] GC(1092) Concurrent Mark Cycle 31.185ms
[21.088s][info][gc] GC(1093) Pause Young (Normal) (G1 Preventive Collection) 14M->13M(16M) 0.432ms
[21.092s][info][gc] GC(1094) To-space exhausted
[21.092s][info][gc] GC(1094) Pause Young (Concurrent Start) (G1 Evacuation Pause) 14M->14M(16M) 1.073ms
[21.092s][info][gc] GC(1096) Concurrent Mark Cycle
[21.122s][info][gc] GC(1095) Pause Full (G1 Compaction Pause) 14M->13M(16M) 29.981ms
[21.122s][info][gc] GC(1096) Concurrent Mark Cycle 30.186ms
[21.126s][info][gc] GC(1097) Pause Young (Normal) (G1 Preventive Collection) 14M->13M(16M) 0.462ms
[21.129s][info][gc] GC(1098) To-space exhausted
[21.129s][info][gc] GC(1098) Pause Young (Concurrent Start) (G1 Evacuation Pause) 14M->14M(16M) 1.001ms
[21.129s][info][gc] GC(1100) Concurrent Mark Cycle
[21.161s][info][gc] GC(1099) Pause Full (G1 Compaction Pause) 14M->13M(16M) 31.966ms
[21.162s][info][gc] GC(1100) Concurrent Mark Cycle 32.227ms
[21.165s][info][gc] GC(1101) Pause Young (Normal) (G1 Preventive Collection) 14M->13M(16M) 0.467ms
[21.169s][info][gc] GC(1102) To-space exhausted
[21.169s][info][gc] GC(1102) Pause Young (Concurrent Start) (G1 Evacuation Pause) 14M->14M(16M) 0.886ms
[21.169s][info][gc] GC(1104) Concurrent Mark Cycle
[21.199s][info][gc] GC(1103) Pause Full (G1 Compaction Pause) 14M->13M(16M) 30.074ms
[21.199s][info][gc] GC(1104) Concurrent Mark Cycle 30.278ms
[21.203s][info][gc] GC(1105) Pause Young (Normal) (G1 Preventive Collection) 14M->13M(16M) 0.537ms
[21.207s][info][gc] GC(1106) To-space exhausted
[21.207s][info][gc] GC(1106) Pause Young (Concurrent Start) (G1 Evacuation Pause) 14M->14M(16M) 1.046ms
[21.207s][info][gc] GC(1108) Concurrent Mark Cycle
[21.241s][info][gc] GC(1107) Pause Full (G1 Compaction Pause) 14M->13M(16M) 34.143ms
[21.241s][info][gc] GC(1108) Concurrent Mark Cycle 34.414ms
[21.245s][info][gc] GC(1109) Pause Young (Normal) (G1 Preventive Collection) 14M->13M(16M) 0.437ms
[21.249s][info][gc] GC(1110) To-space exhausted
[21.249s][info][gc] GC(1110) Pause Young (Concurrent Start) (G1 Evacuation Pause) 14M->14M(16M) 1.171ms
[21.249s][info][gc] GC(1112) Concurrent Mark Cycle
[21.279s][info][gc] GC(1111) Pause Full (G1 Compaction Pause) 14M->13M(16M) 30.618ms
[21.279s][info][gc] GC(1112) Concurrent Mark Cycle 30.834ms
[21.283s][info][gc] GC(1113) Pause Young (Normal) (G1 Preventive Collection) 14M->13M(16M) 0.454ms
[21.286s][info][gc] GC(1114) To-space exhausted
[21.286s][info][gc] GC(1114) Pause Young (Concurrent Start) (G1 Evacuation Pause) 14M->14M(16M) 1.025ms
[21.286s][info][gc] GC(1116) Concurrent Mark Cycle
[21.316s][info][gc] GC(1115) Pause Full (G1 Compaction Pause) 14M->13M(16M) 29.901ms
[21.317s][info][gc] GC(1116) Concurrent Mark Cycle 30.106ms
[21.320s][info][gc] GC(1117) Pause Young (Normal) (G1 Preventive Collection) 14M->13M(16M) 0.456ms
[21.324s][info][gc] GC(1118) To-space exhausted
[21.324s][info][gc] GC(1118) Pause Young (Concurrent Start) (G1 Evacuation Pause) 14M->14M(16M) 0.927ms
[21.324s][info][gc] GC(1120) Concurrent Mark Cycle
[21.355s][info][gc] GC(1119) Pause Full (G1 Compaction Pause) 14M->13M(16M) 30.533ms
[21.355s][info][gc] GC(1120) Concurrent Mark Cycle 30.773ms
[21.358s][info][gc] GC(1121) Pause Young (Normal) (G1 Preventive Collection) 14M->13M(16M) 0.445ms
[21.362s][info][gc] GC(1122) To-space exhausted
[21.362s][info][gc] GC(1122) Pause Young (Concurrent Start) (G1 Evacuation Pause) 14M->14M(16M) 1.182ms
[21.362s][info][gc] GC(1124) Concurrent Mark Cycle
[21.393s][info][gc] GC(1123) Pause Full (G1 Compaction Pause) 14M->13M(16M) 30.370ms
[21.393s][info][gc] GC(1124) Concurrent Mark Cycle 30.568ms
[21.396s][info][gc] GC(1125) Pause Young (Normal) (G1 Preventive Collection) 14M->13M(16M) 0.458ms
[21.400s][info][gc] GC(1126) To-space exhausted
[21.400s][info][gc] GC(1126) Pause Young (Concurrent Start) (G1 Evacuation Pause) 14M->14M(16M) 0.813ms
[21.400s][info][gc] GC(1128) Concurrent Mark Cycle
[21.432s][info][gc] GC(1127) Pause Full (G1 Compaction Pause) 14M->13M(16M) 32.313ms
[21.433s][info][gc] GC(1128) Concurrent Mark Cycle 33.064ms
[21.438s][info][gc] GC(1129) Pause Young (Normal) (G1 Preventive Collection) 14M->13M(16M) 0.569ms
[21.441s][info][gc] GC(1130) To-space exhausted
[21.441s][info][gc] GC(1130) Pause Young (Concurrent Start) (G1 Evacuation Pause) 14M->14M(16M) 0.935ms
[21.441s][info][gc] GC(1132) Concurrent Mark Cycle
[21.472s][info][gc] GC(1131) Pause Full (G1 Compaction Pause) 14M->13M(16M) 30.528ms
[21.472s][info][gc] GC(1132) Concurrent Mark Cycle 30.767ms
[21.476s][info][gc] GC(1133) Pause Young (Normal) (G1 Preventive Collection) 14M->13M(16M) 0.497ms
[21.479s][info][gc] GC(1134) To-space exhausted
[21.479s][info][gc] GC(1134) Pause Young (Concurrent Start) (G1 Evacuation Pause) 14M->14M(16M) 0.924ms
[21.479s][info][gc] GC(1136) Concurrent Mark Cycle
[21.510s][info][gc] GC(1135) Pause Full (G1 Compaction Pause) 14M->13M(16M) 30.390ms
[21.510s][info][gc] GC(1136) Concurrent Mark Cycle 30.732ms
[21.514s][info][gc] GC(1137) Pause Young (Normal) (G1 Preventive Collection) 14M->13M(16M) 0.518ms
[21.518s][info][gc] GC(1138) To-space exhausted
[21.518s][info][gc] GC(1138) Pause Young (Concurrent Start) (G1 Evacuation Pause) 14M->14M(16M) 1.050ms
[21.518s][info][gc] GC(1140) Concurrent Mark Cycle
[21.550s][info][gc] GC(1139) Pause Full (G1 Compaction Pause) 14M->13M(16M) 31.731ms
[21.550s][info][gc] GC(1140) Concurrent Mark Cycle 31.940ms
[21.553s][info][gc] GC(1141) Pause Young (Normal) (G1 Preventive Collection) 14M->13M(16M) 0.451ms
[21.557s][info][gc] GC(1142) To-space exhausted
[21.557s][info][gc] GC(1142) Pause Young (Concurrent Start) (G1 Evacuation Pause) 14M->14M(16M) 0.971ms
[21.557s][info][gc] GC(1144) Concurrent Mark Cycle
[21.588s][info][gc] GC(1143) Pause Full (G1 Compaction Pause) 14M->13M(16M) 31.368ms
[21.588s][info][gc] GC(1144) Concurrent Mark Cycle 31.575ms
[21.593s][info][gc] GC(1145) Pause Young (Normal) (G1 Preventive Collection) 14M->13M(16M) 0.512ms
[21.596s][info][gc] GC(1146) To-space exhausted
[21.596s][info][gc] GC(1146) Pause Young (Concurrent Start) (G1 Evacuation Pause) 14M->14M(16M) 0.947ms
[21.596s][info][gc] GC(1148) Concurrent Mark Cycle
[21.628s][info][gc] GC(1147) Pause Full (G1 Compaction Pause) 14M->13M(16M) 31.374ms
[21.628s][info][gc] GC(1148) Concurrent Mark Cycle 31.789ms
[21.634s][info][gc] GC(1149) Pause Young (Normal) (G1 Preventive Collection) 14M->13M(16M) 0.686ms
[21.639s][info][gc] GC(1150) To-space exhausted
[21.639s][info][gc] GC(1150) Pause Young (Concurrent Start) (G1 Evacuation Pause) 14M->14M(16M) 1.026ms
[21.639s][info][gc] GC(1152) Concurrent Mark Cycle
[21.669s][info][gc] GC(1151) Pause Full (G1 Compaction Pause) 14M->13M(16M) 29.530ms
[21.669s][info][gc] GC(1152) Concurrent Mark Cycle 29.760ms
[21.673s][info][gc] GC(1153) Pause Young (Normal) (G1 Preventive Collection) 14M->13M(16M) 0.453ms
[21.676s][info][gc] GC(1154) To-space exhausted
[21.676s][info][gc] GC(1154) Pause Young (Concurrent Start) (G1 Evacuation Pause) 14M->14M(16M) 0.963ms
[21.676s][info][gc] GC(1156) Concurrent Mark Cycle
[21.709s][info][gc] GC(1155) Pause Full (G1 Compaction Pause) 14M->13M(16M) 33.124ms
[21.710s][info][gc] GC(1156) Concurrent Mark Cycle 33.358ms
[21.714s][info][gc] GC(1157) Pause Young (Normal) (G1 Preventive Collection) 14M->13M(16M) 0.559ms
[21.718s][info][gc] GC(1158) To-space exhausted
[21.718s][info][gc] GC(1158) Pause Young (Concurrent Start) (G1 Evacuation Pause) 14M->14M(16M) 0.895ms
[21.718s][info][gc] GC(1160) Concurrent Mark Cycle
[21.752s][info][gc] GC(1159) Pause Full (G1 Compaction Pause) 14M->13M(16M) 34.502ms
[21.753s][info][gc] GC(1160) Concurrent Mark Cycle 34.692ms
[21.756s][info][gc] GC(1161) Pause Young (Normal) (G1 Preventive Collection) 14M->13M(16M) 0.463ms
[21.760s][info][gc] GC(1162) To-space exhausted
[21.760s][info][gc] GC(1162) Pause Young (Concurrent Start) (G1 Evacuation Pause) 14M->14M(16M) 1.063ms
[21.760s][info][gc] GC(1164) Concurrent Mark Cycle
[21.793s][info][gc] GC(1163) Pause Full (G1 Compaction Pause) 14M->13M(16M) 33.209ms
[21.794s][info][gc] GC(1164) Concurrent Mark Cycle 33.423ms
[21.797s][info][gc] GC(1165) Pause Young (Normal) (G1 Preventive Collection) 14M->13M(16M) 0.461ms
[21.800s][info][gc] GC(1166) To-space exhausted
[21.800s][info][gc] GC(1166) Pause Young (Concurrent Start) (G1 Evacuation Pause) 14M->14M(16M) 0.915ms
[21.800s][info][gc] GC(1168) Concurrent Mark Cycle
[21.836s][info][gc] GC(1167) Pause Full (G1 Compaction Pause) 14M->13M(16M) 35.715ms
[21.837s][info][gc] GC(1168) Concurrent Mark Cycle 36.154ms
[21.841s][info][gc] GC(1169) Pause Young (Normal) (G1 Preventive Collection) 14M->13M(16M) 0.554ms
[21.845s][info][gc] GC(1170) To-space exhausted
[21.845s][info][gc] GC(1170) Pause Young (Concurrent Start) (G1 Evacuation Pause) 14M->14M(16M) 0.957ms
[21.845s][info][gc] GC(1172) Concurrent Mark Cycle
[21.876s][info][gc] GC(1171) Pause Full (G1 Compaction Pause) 14M->13M(16M) 30.843ms
[21.876s][info][gc] GC(1172) Concurrent Mark Cycle 31.149ms
[21.880s][info][gc] GC(1173) Pause Young (Normal) (G1 Preventive Collection) 14M->13M(16M) 0.469ms
[21.884s][info][gc] GC(1174) To-space exhausted
[21.884s][info][gc] GC(1174) Pause Young (Concurrent Start) (G1 Evacuation Pause) 14M->14M(16M) 0.888ms
[21.884s][info][gc] GC(1176) Concurrent Mark Cycle
[21.916s][info][gc] GC(1175) Pause Full (G1 Compaction Pause) 14M->13M(16M) 31.926ms
[21.916s][info][gc] GC(1176) Concurrent Mark Cycle 32.143ms
[21.919s][info][gc] GC(1177) Pause Young (Normal) (G1 Preventive Collection) 14M->13M(16M) 0.396ms
[21.923s][info][gc] GC(1178) To-space exhausted
[21.923s][info][gc] GC(1178) Pause Young (Concurrent Start) (G1 Evacuation Pause) 14M->14M(16M) 0.992ms
[21.923s][info][gc] GC(1180) Concurrent Mark Cycle
[21.954s][info][gc] GC(1179) Pause Full (G1 Compaction Pause) 14M->13M(16M) 31.401ms
[21.954s][info][gc] GC(1180) Concurrent Mark Cycle 31.621ms
[21.958s][info][gc] GC(1181) Pause Young (Normal) (G1 Preventive Collection) 14M->14M(16M) 0.645ms
[21.962s][info][gc] GC(1182) To-space exhausted
[21.962s][info][gc] GC(1182) Pause Young (Concurrent Start) (G1 Evacuation Pause) 15M->15M(16M) 1.270ms
[21.962s][info][gc] GC(1184) Concurrent Mark Cycle
[22.004s][info][gc] GC(1183) Pause Full (G1 Compaction Pause) 15M->13M(16M) 41.563ms
[22.004s][info][gc] GC(1184) Concurrent Mark Cycle 41.795ms
[22.010s][info][gc] GC(1185) Pause Young (Normal) (G1 Preventive Collection) 14M->14M(16M) 0.833ms
[22.016s][info][gc] GC(1186) To-space exhausted
[22.016s][info][gc] GC(1186) Pause Young (Concurrent Start) (G1 Evacuation Pause) 15M->15M(16M) 1.586ms
[22.016s][info][gc] GC(1188) Concurrent Mark Cycle
[22.061s][info][gc] GC(1187) Pause Full (G1 Compaction Pause) 15M->13M(16M) 44.559ms
[22.061s][info][gc] GC(1188) Concurrent Mark Cycle 44.864ms
[22.068s][info][gc] GC(1189) Pause Young (Normal) (G1 Preventive Collection) 14M->14M(16M) 0.790ms
[22.073s][info][gc] GC(1190) To-space exhausted
[22.073s][info][gc] GC(1190) Pause Young (Concurrent Start) (G1 Evacuation Pause) 15M->15M(16M) 1.335ms
[22.073s][info][gc] GC(1192) Concurrent Mark Cycle
[22.109s][info][gc] GC(1191) Pause Full (G1 Compaction Pause) 15M->13M(16M) 36.254ms
[22.109s][info][gc] GC(1192) Concurrent Mark Cycle 36.487ms
[22.116s][info][gc] GC(1193) Pause Young (Normal) (G1 Preventive Collection) 14M->14M(16M) 0.474ms
[22.121s][info][gc] GC(1194) To-space exhausted
[22.121s][info][gc] GC(1194) Pause Young (Concurrent Start) (G1 Evacuation Pause) 15M->15M(16M) 0.999ms
[22.121s][info][gc] GC(1196) Concurrent Mark Cycle
[22.158s][info][gc] GC(1195) Pause Full (G1 Compaction Pause) 15M->13M(16M) 37.636ms
[22.159s][info][gc] GC(1196) Concurrent Mark Cycle 37.838ms
[22.166s][info][gc] GC(1197) Pause Young (Normal) (G1 Preventive Collection) 14M->14M(16M) 0.584ms
[22.171s][info][gc] GC(1198) To-space exhausted
[22.171s][info][gc] GC(1198) Pause Young (Concurrent Start) (G1 Evacuation Pause) 15M->15M(16M) 1.047ms
[22.171s][info][gc] GC(1200) Concurrent Mark Cycle
[22.205s][info][gc] GC(1199) Pause Full (G1 Compaction Pause) 15M->13M(16M) 34.012ms
[22.205s][info][gc] GC(1200) Concurrent Mark Cycle 34.219ms
[22.213s][info][gc] GC(1201) Pause Young (Normal) (G1 Preventive Collection) 14M->14M(16M) 0.490ms
[22.218s][info][gc] GC(1202) To-space exhausted
[22.218s][info][gc] GC(1202) Pause Young (Concurrent Start) (G1 Evacuation Pause) 15M->15M(16M) 1.086ms
[22.218s][info][gc] GC(1204) Concurrent Mark Cycle
[22.256s][info][gc] GC(1203) Pause Full (G1 Compaction Pause) 15M->14M(16M) 37.812ms
[22.256s][info][gc] GC(1204) Concurrent Mark Cycle 38.032ms
[22.263s][info][gc] GC(1205) To-space exhausted
[22.263s][info][gc] GC(1205) Pause Young (Normal) (G1 Evacuation Pause) 15M->15M(16M) 0.929ms
[22.296s][info][gc] GC(1206) Pause Full (G1 Compaction Pause) 15M->14M(16M) 32.402ms
[22.303s][info][gc] GC(1207) To-space exhausted
[22.303s][info][gc] GC(1207) Pause Young (Concurrent Start) (G1 Evacuation Pause) 15M->15M(16M) 1.018ms
[22.303s][info][gc] GC(1209) Concurrent Mark Cycle
[22.338s][info][gc] GC(1208) Pause Full (G1 Compaction Pause) 15M->14M(16M) 34.394ms
[22.338s][info][gc] GC(1209) Concurrent Mark Cycle 34.617ms
[22.345s][info][gc] GC(1210) To-space exhausted
[22.345s][info][gc] GC(1210) Pause Young (Normal) (G1 Evacuation Pause) 15M->15M(16M) 0.969ms
[22.376s][info][gc] GC(1211) Pause Full (G1 Compaction Pause) 15M->14M(16M) 31.031ms
[22.383s][info][gc] GC(1212) To-space exhausted
[22.384s][info][gc] GC(1212) Pause Young (Concurrent Start) (G1 Evacuation Pause) 15M->15M(16M) 1.097ms
[22.384s][info][gc] GC(1214) Concurrent Mark Cycle
[22.414s][info][gc] GC(1213) Pause Full (G1 Compaction Pause) 15M->14M(16M) 30.419ms
[22.414s][info][gc] GC(1214) Concurrent Mark Cycle 30.617ms
[22.421s][info][gc] GC(1215) To-space exhausted
[22.421s][info][gc] GC(1215) Pause Young (Normal) (G1 Evacuation Pause) 15M->15M(16M) 0.912ms
[22.463s][info][gc] GC(1216) Pause Full (G1 Compaction Pause) 15M->14M(16M) 41.775ms
[22.469s][info][gc] GC(1217) To-space exhausted
[22.469s][info][gc] GC(1217) Pause Young (Concurrent Start) (G1 Evacuation Pause) 15M->15M(16M) 0.963ms
[22.470s][info][gc] GC(1219) Concurrent Mark Cycle
[22.509s][info][gc] GC(1218) Pause Full (G1 Compaction Pause) 15M->14M(16M) 39.214ms
[22.509s][info][gc] GC(1219) Concurrent Mark Cycle 39.453ms
[22.516s][info][gc] GC(1220) To-space exhausted
[22.516s][info][gc] GC(1220) Pause Young (Normal) (G1 Evacuation Pause) 15M->15M(16M) 0.935ms
[22.548s][info][gc] GC(1221) Pause Full (G1 Compaction Pause) 15M->14M(16M) 32.179ms
[22.556s][info][gc] GC(1222) To-space exhausted
[22.556s][info][gc] GC(1222) Pause Young (Concurrent Start) (G1 Evacuation Pause) 15M->15M(16M) 1.149ms
[22.556s][info][gc] GC(1224) Concurrent Mark Cycle
[22.595s][info][gc] GC(1223) Pause Full (G1 Compaction Pause) 15M->14M(16M) 38.654ms
[22.595s][info][gc] GC(1224) Concurrent Mark Cycle 38.848ms
[22.603s][info][gc] GC(1225) To-space exhausted
[22.603s][info][gc] GC(1225) Pause Young (Normal) (G1 Evacuation Pause) 15M->15M(16M) 1.112ms
[22.648s][info][gc] GC(1226) Pause Full (G1 Compaction Pause) 15M->14M(16M) 45.257ms
[22.656s][info][gc] GC(1227) To-space exhausted
[22.656s][info][gc] GC(1227) Pause Young (Concurrent Start) (G1 Evacuation Pause) 15M->15M(16M) 1.198ms
[22.656s][info][gc] GC(1229) Concurrent Mark Cycle
[22.689s][info][gc] GC(1228) Pause Full (G1 Compaction Pause) 15M->14M(16M) 33.005ms
[22.689s][info][gc] GC(1229) Concurrent Mark Cycle 33.253ms
[22.696s][info][gc] GC(1230) To-space exhausted
[22.696s][info][gc] GC(1230) Pause Young (Normal) (G1 Evacuation Pause) 15M->15M(16M) 0.801ms
[22.728s][info][gc] GC(1231) Pause Full (G1 Compaction Pause) 15M->14M(16M) 31.707ms
[22.735s][info][gc] GC(1232) To-space exhausted
[22.735s][info][gc] GC(1232) Pause Young (Concurrent Start) (G1 Evacuation Pause) 15M->15M(16M) 1.047ms
[22.735s][info][gc] GC(1234) Concurrent Mark Cycle
[22.767s][info][gc] GC(1233) Pause Full (G1 Compaction Pause) 15M->14M(16M) 31.560ms
[22.767s][info][gc] GC(1234) Concurrent Mark Cycle 31.878ms
[22.775s][info][gc] GC(1235) To-space exhausted
[22.775s][info][gc] GC(1235) Pause Young (Normal) (G1 Evacuation Pause) 15M->15M(16M) 1.010ms
[22.808s][info][gc] GC(1236) Pause Full (G1 Compaction Pause) 15M->14M(16M) 32.966ms
[22.815s][info][gc] GC(1237) To-space exhausted
[22.815s][info][gc] GC(1237) Pause Young (Concurrent Start) (G1 Evacuation Pause) 15M->15M(16M) 1.029ms
[22.815s][info][gc] GC(1239) Concurrent Mark Cycle
[22.856s][info][gc] GC(1238) Pause Full (G1 Compaction Pause) 15M->14M(16M) 41.591ms
[22.857s][info][gc] GC(1239) Concurrent Mark Cycle 41.808ms
[22.864s][info][gc] GC(1240) To-space exhausted
[22.864s][info][gc] GC(1240) Pause Young (Normal) (G1 Evacuation Pause) 15M->15M(16M) 0.889ms
[22.896s][info][gc] GC(1241) Pause Full (G1 Compaction Pause) 15M->14M(16M) 32.400ms
[22.903s][info][gc] GC(1242) To-space exhausted
[22.903s][info][gc] GC(1242) Pause Young (Concurrent Start) (G1 Evacuation Pause) 15M->15M(16M) 0.917ms
[22.903s][info][gc] GC(1244) Concurrent Mark Cycle
[22.933s][info][gc] GC(1243) Pause Full (G1 Compaction Pause) 15M->14M(16M) 30.404ms
[22.934s][info][gc] GC(1244) Concurrent Mark Cycle 30.643ms
[22.939s][info][gc] GC(1245) To-space exhausted
[22.940s][info][gc] GC(1245) Pause Young (Normal) (G1 Evacuation Pause) 15M->15M(16M) 0.769ms
[22.971s][info][gc] GC(1246) Pause Full (G1 Compaction Pause) 15M->14M(16M) 31.390ms
[22.978s][info][gc] GC(1247) To-space exhausted
[22.978s][info][gc] GC(1247) Pause Young (Concurrent Start) (G1 Evacuation Pause) 15M->15M(16M) 1.224ms
[22.978s][info][gc] GC(1249) Concurrent Mark Cycle
[23.009s][info][gc] GC(1248) Pause Full (G1 Compaction Pause) 15M->14M(16M) 31.202ms
[23.009s][info][gc] GC(1249) Concurrent Mark Cycle 31.453ms
[23.017s][info][gc] GC(1250) To-space exhausted
[23.017s][info][gc] GC(1250) Pause Young (Normal) (G1 Evacuation Pause) 15M->15M(16M) 1.199ms
[23.056s][info][gc] GC(1251) Pause Full (G1 Compaction Pause) 15M->14M(16M) 39.187ms
[23.063s][info][gc] GC(1252) To-space exhausted
[23.063s][info][gc] GC(1252) Pause Young (Concurrent Start) (G1 Evacuation Pause) 15M->15M(16M) 1.387ms
[23.063s][info][gc] GC(1254) Concurrent Mark Cycle
[23.095s][info][gc] GC(1253) Pause Full (G1 Compaction Pause) 15M->14M(16M) 31.721ms
[23.095s][info][gc] GC(1254) Concurrent Mark Cycle 31.933ms
[23.101s][info][gc] GC(1255) To-space exhausted
[23.101s][info][gc] GC(1255) Pause Young (Normal) (G1 Evacuation Pause) 15M->15M(16M) 1.171ms
[23.134s][info][gc] GC(1256) Pause Full (G1 Compaction Pause) 15M->14M(16M) 32.449ms
[23.140s][info][gc] GC(1257) To-space exhausted
[23.140s][info][gc] GC(1257) Pause Young (Concurrent Start) (G1 Evacuation Pause) 15M->15M(16M) 0.968ms
[23.140s][info][gc] GC(1259) Concurrent Mark Cycle
[23.170s][info][gc] GC(1258) Pause Full (G1 Compaction Pause) 15M->14M(16M) 30.699ms
[23.171s][info][gc] GC(1259) Concurrent Mark Cycle 31.004ms
[23.177s][info][gc] GC(1260) To-space exhausted
[23.177s][info][gc] GC(1260) Pause Young (Normal) (G1 Evacuation Pause) 15M->15M(16M) 0.862ms
[23.210s][info][gc] GC(1261) Pause Full (G1 Compaction Pause) 15M->14M(16M) 32.186ms
[23.216s][info][gc] GC(1262) To-space exhausted
[23.216s][info][gc] GC(1262) Pause Young (Concurrent Start) (G1 Evacuation Pause) 15M->15M(16M) 0.999ms
[23.216s][info][gc] GC(1264) Concurrent Mark Cycle
[23.252s][info][gc] GC(1263) Pause Full (G1 Compaction Pause) 15M->14M(16M) 36.139ms
[23.252s][info][gc] GC(1264) Concurrent Mark Cycle 36.350ms
[23.258s][info][gc] GC(1265) To-space exhausted
[23.258s][info][gc] GC(1265) Pause Young (Normal) (G1 Evacuation Pause) 15M->15M(16M) 0.967ms
[23.293s][info][gc] GC(1266) Pause Full (G1 Compaction Pause) 15M->14M(16M) 34.528ms
[23.299s][info][gc] GC(1267) To-space exhausted
[23.299s][info][gc] GC(1267) Pause Young (Concurrent Start) (G1 Evacuation Pause) 15M->15M(16M) 0.996ms
[23.299s][info][gc] GC(1269) Concurrent Mark Cycle
[23.330s][info][gc] GC(1268) Pause Full (G1 Compaction Pause) 15M->14M(16M) 31.324ms
[23.330s][info][gc] GC(1269) Concurrent Mark Cycle 31.536ms
[23.336s][info][gc] GC(1270) To-space exhausted
[23.337s][info][gc] GC(1270) Pause Young (Normal) (G1 Evacuation Pause) 15M->15M(16M) 0.887ms
[23.370s][info][gc] GC(1271) Pause Full (G1 Compaction Pause) 15M->14M(16M) 32.974ms
[23.376s][info][gc] GC(1272) To-space exhausted
[23.376s][info][gc] GC(1272) Pause Young (Concurrent Start) (G1 Evacuation Pause) 15M->15M(16M) 0.969ms
[23.376s][info][gc] GC(1274) Concurrent Mark Cycle
[23.409s][info][gc] GC(1273) Pause Full (G1 Compaction Pause) 15M->14M(16M) 32.539ms
[23.409s][info][gc] GC(1274) Concurrent Mark Cycle 32.762ms
[23.414s][info][gc] GC(1275) To-space exhausted
[23.414s][info][gc] GC(1275) Pause Young (Normal) (G1 Evacuation Pause) 15M->15M(16M) 0.854ms
[23.454s][info][gc] GC(1276) Pause Full (G1 Compaction Pause) 15M->14M(16M) 39.397ms
[23.460s][info][gc] GC(1277) To-space exhausted
[23.460s][info][gc] GC(1277) Pause Young (Concurrent Start) (G1 Evacuation Pause) 15M->15M(16M) 1.028ms
[23.460s][info][gc] GC(1279) Concurrent Mark Cycle
[23.497s][info][gc] GC(1278) Pause Full (G1 Compaction Pause) 15M->14M(16M) 36.842ms
[23.497s][info][gc] GC(1279) Concurrent Mark Cycle 37.067ms
[23.503s][info][gc] GC(1280) To-space exhausted
[23.503s][info][gc] GC(1280) Pause Young (Normal) (G1 Evacuation Pause) 15M->15M(16M) 0.912ms
[23.536s][info][gc] GC(1281) Pause Full (G1 Compaction Pause) 15M->14M(16M) 32.888ms
[23.543s][info][gc] GC(1282) To-space exhausted
[23.543s][info][gc] GC(1282) Pause Young (Concurrent Start) (G1 Evacuation Pause) 15M->15M(16M) 1.150ms
[23.543s][info][gc] GC(1284) Concurrent Mark Cycle
[23.576s][info][gc] GC(1283) Pause Full (G1 Compaction Pause) 15M->14M(16M) 33.011ms
[23.576s][info][gc] GC(1284) Concurrent Mark Cycle 33.215ms
[23.582s][info][gc] GC(1285) To-space exhausted
[23.582s][info][gc] GC(1285) Pause Young (Normal) (G1 Evacuation Pause) 15M->15M(16M) 0.894ms
[23.614s][info][gc] GC(1286) Pause Full (G1 Compaction Pause) 15M->14M(16M) 31.840ms
[23.620s][info][gc] GC(1287) To-space exhausted
[23.620s][info][gc] GC(1287) Pause Young (Concurrent Start) (G1 Evacuation Pause) 15M->15M(16M) 0.937ms
[23.620s][info][gc] GC(1289) Concurrent Mark Cycle
[23.657s][info][gc] GC(1288) Pause Full (G1 Compaction Pause) 15M->14M(16M) 36.342ms
[23.657s][info][gc] GC(1289) Concurrent Mark Cycle 36.559ms
[23.663s][info][gc] GC(1290) To-space exhausted
[23.663s][info][gc] GC(1290) Pause Young (Normal) (G1 Evacuation Pause) 15M->15M(16M) 1.077ms
[23.696s][info][gc] GC(1291) Pause Full (G1 Compaction Pause) 15M->14M(16M) 32.751ms
[23.703s][info][gc] GC(1292) To-space exhausted
[23.703s][info][gc] GC(1292) Pause Young (Concurrent Start) (G1 Evacuation Pause) 15M->15M(16M) 1.054ms
[23.703s][info][gc] GC(1294) Concurrent Mark Cycle
[23.736s][info][gc] GC(1293) Pause Full (G1 Compaction Pause) 15M->14M(16M) 33.668ms
[23.737s][info][gc] GC(1294) Concurrent Mark Cycle 33.952ms
[23.742s][info][gc] GC(1295) To-space exhausted
[23.742s][info][gc] GC(1295) Pause Young (Normal) (G1 Evacuation Pause) 15M->15M(16M) 0.819ms
[23.775s][info][gc] GC(1296) Pause Full (G1 Compaction Pause) 15M->14M(16M) 32.404ms
[23.781s][info][gc] GC(1297) To-space exhausted
[23.781s][info][gc] GC(1297) Pause Young (Concurrent Start) (G1 Evacuation Pause) 15M->15M(16M) 0.875ms
[23.781s][info][gc] GC(1299) Concurrent Mark Cycle
[23.819s][info][gc] GC(1298) Pause Full (G1 Compaction Pause) 15M->14M(16M) 38.419ms
[23.819s][info][gc] GC(1299) Concurrent Mark Cycle 38.695ms
[23.826s][info][gc] GC(1300) To-space exhausted
[23.826s][info][gc] GC(1300) Pause Young (Normal) (G1 Evacuation Pause) 15M->15M(16M) 0.894ms
[23.867s][info][gc] GC(1301) Pause Full (G1 Compaction Pause) 15M->14M(16M) 40.744ms
[23.872s][info][gc] GC(1302) To-space exhausted
[23.873s][info][gc] GC(1302) Pause Young (Concurrent Start) (G1 Evacuation Pause) 15M->15M(16M) 1.027ms
[23.873s][info][gc] GC(1304) Concurrent Mark Cycle
[23.906s][info][gc] GC(1303) Pause Full (G1 Compaction Pause) 15M->14M(16M) 33.713ms
[23.907s][info][gc] GC(1304) Concurrent Mark Cycle 33.922ms
[23.914s][info][gc] GC(1305) To-space exhausted
[23.914s][info][gc] GC(1305) Pause Young (Normal) (G1 Evacuation Pause) 15M->15M(16M) 0.989ms
[23.951s][info][gc] GC(1306) Pause Full (G1 Compaction Pause) 15M->14M(16M) 37.222ms
[23.957s][info][gc] GC(1307) To-space exhausted
[23.957s][info][gc] GC(1307) Pause Young (Concurrent Start) (G1 Evacuation Pause) 15M->15M(16M) 0.993ms
[23.957s][info][gc] GC(1309) Concurrent Mark Cycle
[23.992s][info][gc] GC(1308) Pause Full (G1 Compaction Pause) 15M->14M(16M) 35.116ms
[23.992s][info][gc] GC(1309) Concurrent Mark Cycle 35.345ms
[23.999s][info][gc] GC(1310) To-space exhausted
[23.999s][info][gc] GC(1310) Pause Young (Normal) (G1 Evacuation Pause) 15M->15M(16M) 1.106ms
[24.035s][info][gc] GC(1311) Pause Full (G1 Compaction Pause) 15M->14M(16M) 36.122ms
[24.050s][info][gc] GC(1312) To-space exhausted
[24.050s][info][gc] GC(1312) Pause Young (Concurrent Start) (G1 Evacuation Pause) 15M->15M(16M) 2.147ms
[24.050s][info][gc] GC(1314) Concurrent Mark Cycle
[24.088s][info][gc] GC(1313) Pause Full (G1 Compaction Pause) 15M->14M(16M) 38.254ms
[24.088s][info][gc] GC(1314) Concurrent Mark Cycle 38.516ms
[24.095s][info][gc] GC(1315) To-space exhausted
[24.095s][info][gc] GC(1315) Pause Young (Normal) (G1 Evacuation Pause) 15M->15M(16M) 1.137ms
[24.143s][info][gc] GC(1316) Pause Full (G1 Compaction Pause) 15M->14M(16M) 47.676ms
[24.158s][info][gc] GC(1317) To-space exhausted
[24.158s][info][gc] GC(1317) Pause Young (Concurrent Start) (G1 Evacuation Pause) 15M->15M(16M) 2.213ms
[24.159s][info][gc] GC(1319) Concurrent Mark Cycle
[24.208s][info][gc] GC(1318) Pause Full (G1 Compaction Pause) 15M->14M(16M) 49.405ms
[24.208s][info][gc] GC(1319) Concurrent Mark Cycle 49.742ms
[24.217s][info][gc] GC(1320) To-space exhausted
[24.217s][info][gc] GC(1320) Pause Young (Normal) (G1 Evacuation Pause) 15M->15M(16M) 1.020ms
[24.256s][info][gc] GC(1321) Pause Full (G1 Compaction Pause) 15M->14M(16M) 38.873ms
[24.263s][info][gc] GC(1322) To-space exhausted
[24.263s][info][gc] GC(1322) Pause Young (Concurrent Start) (G1 Evacuation Pause) 15M->15M(16M) 1.193ms
[24.263s][info][gc] GC(1324) Concurrent Mark Cycle
[24.296s][info][gc] GC(1323) Pause Full (G1 Compaction Pause) 15M->14M(16M) 32.321ms
[24.296s][info][gc] GC(1324) Concurrent Mark Cycle 32.533ms
[24.302s][info][gc] GC(1325) To-space exhausted
[24.302s][info][gc] GC(1325) Pause Young (Normal) (G1 Evacuation Pause) 15M->15M(16M) 0.884ms
[24.335s][info][gc] GC(1326) Pause Full (G1 Compaction Pause) 15M->14M(16M) 32.560ms
[24.341s][info][gc] GC(1327) To-space exhausted
[24.341s][info][gc] GC(1327) Pause Young (Concurrent Start) (G1 Evacuation Pause) 15M->15M(16M) 0.947ms
[24.341s][info][gc] GC(1329) Concurrent Mark Cycle
[24.374s][info][gc] GC(1328) Pause Full (G1 Compaction Pause) 15M->14M(16M) 32.431ms
[24.374s][info][gc] GC(1329) Concurrent Mark Cycle 32.648ms
[24.379s][info][gc] GC(1330) To-space exhausted
[24.379s][info][gc] GC(1330) Pause Young (Normal) (G1 Evacuation Pause) 15M->15M(16M) 0.808ms
[24.412s][info][gc] GC(1331) Pause Full (G1 Compaction Pause) 15M->14M(16M) 32.777ms
[24.419s][info][gc] GC(1332) To-space exhausted
[24.419s][info][gc] GC(1332) Pause Young (Concurrent Start) (G1 Evacuation Pause) 15M->15M(16M) 0.952ms
[24.419s][info][gc] GC(1334) Concurrent Mark Cycle
[24.456s][info][gc] GC(1333) Pause Full (G1 Compaction Pause) 15M->14M(16M) 37.427ms
[24.457s][info][gc] GC(1334) Concurrent Mark Cycle 37.703ms
[24.464s][info][gc] GC(1335) To-space exhausted
[24.464s][info][gc] GC(1335) Pause Young (Normal) (G1 Evacuation Pause) 15M->15M(16M) 0.965ms
[24.499s][info][gc] GC(1336) Pause Full (G1 Compaction Pause) 15M->14M(16M) 34.782ms
[24.506s][info][gc] GC(1337) To-space exhausted
[24.506s][info][gc] GC(1337) Pause Young (Concurrent Start) (G1 Evacuation Pause) 15M->15M(16M) 0.996ms
[24.506s][info][gc] GC(1339) Concurrent Mark Cycle
[24.541s][info][gc] GC(1338) Pause Full (G1 Compaction Pause) 15M->14M(16M) 34.910ms
[24.541s][info][gc] GC(1339) Concurrent Mark Cycle 35.205ms
[24.548s][info][gc] GC(1340) To-space exhausted
[24.548s][info][gc] GC(1340) Pause Young (Normal) (G1 Evacuation Pause) 15M->15M(16M) 1.048ms
[24.580s][info][gc] GC(1341) Pause Full (G1 Compaction Pause) 15M->14M(16M) 31.666ms
[24.587s][info][gc] GC(1342) To-space exhausted
[24.587s][info][gc] GC(1342) Pause Young (Concurrent Start) (G1 Evacuation Pause) 15M->15M(16M) 1.047ms
[24.587s][info][gc] GC(1344) Concurrent Mark Cycle
[24.619s][info][gc] GC(1343) Pause Full (G1 Compaction Pause) 15M->14M(16M) 31.951ms
[24.620s][info][gc] GC(1344) Concurrent Mark Cycle 32.163ms
[24.627s][info][gc] GC(1345) To-space exhausted
[24.627s][info][gc] GC(1345) Pause Young (Normal) (G1 Evacuation Pause) 15M->15M(16M) 0.845ms
[24.666s][info][gc] GC(1346) Pause Full (G1 Compaction Pause) 15M->14M(16M) 39.472ms
[24.674s][info][gc] GC(1347) To-space exhausted
[24.674s][info][gc] GC(1347) Pause Young (Concurrent Start) (G1 Evacuation Pause) 15M->15M(16M) 1.092ms
[24.674s][info][gc] GC(1349) Concurrent Mark Cycle
[24.719s][info][gc] GC(1348) Pause Full (G1 Compaction Pause) 15M->14M(16M) 44.908ms
[24.719s][info][gc] GC(1349) Concurrent Mark Cycle 45.204ms
[24.728s][info][gc] GC(1350) To-space exhausted
[24.728s][info][gc] GC(1350) Pause Young (Normal) (G1 Evacuation Pause) 15M->15M(16M) 1.003ms
[24.765s][info][gc] GC(1351) Pause Full (G1 Compaction Pause) 15M->14M(16M) 36.812ms
[24.771s][info][gc] GC(1352) To-space exhausted
[24.771s][info][gc] GC(1352) Pause Young (Concurrent Start) (G1 Evacuation Pause) 15M->15M(16M) 1.034ms
[24.771s][info][gc] GC(1354) Concurrent Mark Cycle
[24.805s][info][gc] GC(1353) Pause Full (G1 Compaction Pause) 15M->14M(16M) 33.737ms
[24.805s][info][gc] GC(1354) Concurrent Mark Cycle 33.960ms
[24.812s][info][gc] GC(1355) To-space exhausted
[24.812s][info][gc] GC(1355) Pause Young (Normal) (G1 Evacuation Pause) 15M->15M(16M) 0.912ms
[24.850s][info][gc] GC(1356) Pause Full (G1 Compaction Pause) 15M->14M(16M) 37.325ms
[24.859s][info][gc] GC(1357) To-space exhausted
[24.859s][info][gc] GC(1357) Pause Young (Concurrent Start) (G1 Evacuation Pause) 15M->15M(16M) 1.200ms
[24.859s][info][gc] GC(1359) Concurrent Mark Cycle
[24.895s][info][gc] GC(1358) Pause Full (G1 Compaction Pause) 15M->14M(16M) 36.126ms
[24.895s][info][gc] GC(1359) Concurrent Mark Cycle 36.335ms
[24.902s][info][gc] GC(1360) To-space exhausted
[24.902s][info][gc] GC(1360) Pause Young (Normal) (G1 Evacuation Pause) 15M->15M(16M) 0.912ms
[24.935s][info][gc] GC(1361) Pause Full (G1 Compaction Pause) 15M->14M(16M) 32.813ms
[24.942s][info][gc] GC(1362) To-space exhausted
[24.942s][info][gc] GC(1362) Pause Young (Concurrent Start) (G1 Evacuation Pause) 15M->15M(16M) 1.174ms
[24.942s][info][gc] GC(1364) Concurrent Mark Cycle
[24.977s][info][gc] GC(1363) Pause Full (G1 Compaction Pause) 15M->14M(16M) 34.387ms
[24.977s][info][gc] GC(1364) Concurrent Mark Cycle 34.587ms
[24.984s][info][gc] GC(1365) To-space exhausted
[24.984s][info][gc] GC(1365) Pause Young (Normal) (G1 Evacuation Pause) 15M->15M(16M) 1.016ms
[25.023s][info][gc] GC(1366) Pause Full (G1 Compaction Pause) 15M->14M(16M) 38.920ms
[25.030s][info][gc] GC(1367) To-space exhausted
[25.031s][info][gc] GC(1367) Pause Young (Concurrent Start) (G1 Evacuation Pause) 15M->15M(16M) 1.568ms
[25.031s][info][gc] GC(1369) Concurrent Mark Cycle
[25.073s][info][gc] GC(1368) Pause Full (G1 Compaction Pause) 15M->14M(16M) 42.698ms
[25.073s][info][gc] GC(1369) Concurrent Mark Cycle 42.894ms
[25.079s][info][gc] GC(1370) To-space exhausted
[25.079s][info][gc] GC(1370) Pause Young (Normal) (G1 Evacuation Pause) 15M->15M(16M) 1.139ms
[25.114s][info][gc] GC(1371) Pause Full (G1 Compaction Pause) 15M->14M(16M) 34.562ms
[25.120s][info][gc] GC(1372) To-space exhausted
[25.120s][info][gc] GC(1372) Pause Young (Concurrent Start) (G1 Evacuation Pause) 15M->15M(16M) 0.957ms
[25.120s][info][gc] GC(1374) Concurrent Mark Cycle
[25.153s][info][gc] GC(1373) Pause Full (G1 Compaction Pause) 15M->14M(16M) 32.263ms
[25.153s][info][gc] GC(1374) Concurrent Mark Cycle 32.481ms
[25.159s][info][gc] GC(1375) To-space exhausted
[25.159s][info][gc] GC(1375) Pause Young (Normal) (G1 Evacuation Pause) 15M->15M(16M) 0.811ms
[25.194s][info][gc] GC(1376) Pause Full (G1 Compaction Pause) 15M->14M(16M) 34.238ms
[25.200s][info][gc] GC(1377) To-space exhausted
[25.200s][info][gc] GC(1377) Pause Young (Concurrent Start) (G1 Evacuation Pause) 15M->15M(16M) 1.193ms
[25.200s][info][gc] GC(1379) Concurrent Mark Cycle
[25.234s][info][gc] GC(1378) Pause Full (G1 Compaction Pause) 15M->14M(16M) 33.167ms
[25.234s][info][gc] GC(1379) Concurrent Mark Cycle 33.386ms
[25.241s][info][gc] GC(1380) To-space exhausted
[25.241s][info][gc] GC(1380) Pause Young (Normal) (G1 Evacuation Pause) 15M->15M(16M) 1.146ms
[25.277s][info][gc] GC(1381) Pause Full (G1 Compaction Pause) 15M->14M(16M) 35.524ms
[25.284s][info][gc] GC(1382) To-space exhausted
[25.284s][info][gc] GC(1382) Pause Young (Concurrent Start) (G1 Evacuation Pause) 15M->15M(16M) 1.079ms
[25.284s][info][gc] GC(1384) Concurrent Mark Cycle
[25.318s][info][gc] GC(1383) Pause Full (G1 Compaction Pause) 15M->14M(16M) 33.785ms
[25.318s][info][gc] GC(1384) Concurrent Mark Cycle 34.005ms
[25.325s][info][gc] GC(1385) To-space exhausted
[25.326s][info][gc] GC(1385) Pause Young (Normal) (G1 Evacuation Pause) 15M->15M(16M) 0.922ms
[25.359s][info][gc] GC(1386) Pause Full (G1 Compaction Pause) 15M->14M(16M) 33.631ms
[25.366s][info][gc] GC(1387) To-space exhausted
[25.366s][info][gc] GC(1387) Pause Young (Concurrent Start) (G1 Evacuation Pause) 15M->15M(16M) 1.085ms
[25.366s][info][gc] GC(1389) Concurrent Mark Cycle
[25.398s][info][gc] GC(1388) Pause Full (G1 Compaction Pause) 15M->14M(16M) 31.785ms
[25.398s][info][gc] GC(1389) Concurrent Mark Cycle 31.987ms
[25.404s][info][gc] GC(1390) To-space exhausted
[25.404s][info][gc] GC(1390) Pause Young (Normal) (G1 Evacuation Pause) 15M->15M(16M) 0.774ms
[25.437s][info][gc] GC(1391) Pause Full (G1 Compaction Pause) 15M->14M(16M) 32.644ms
[25.446s][info][gc] GC(1392) To-space exhausted
[25.447s][info][gc] GC(1392) Pause Young (Concurrent Start) (G1 Evacuation Pause) 15M->15M(16M) 2.196ms
[25.447s][info][gc] GC(1394) Concurrent Mark Cycle
[25.485s][info][gc] GC(1393) Pause Full (G1 Compaction Pause) 15M->14M(16M) 38.430ms
[25.486s][info][gc] GC(1394) Concurrent Mark Cycle 38.762ms
[25.492s][info][gc] GC(1395) To-space exhausted
[25.492s][info][gc] GC(1395) Pause Young (Normal) (G1 Evacuation Pause) 15M->15M(16M) 0.979ms
[25.526s][info][gc] GC(1396) Pause Full (G1 Compaction Pause) 15M->14M(16M) 33.150ms
[25.533s][info][gc] GC(1397) To-space exhausted
[25.533s][info][gc] GC(1397) Pause Young (Concurrent Start) (G1 Evacuation Pause) 15M->15M(16M) 1.127ms
[25.533s][info][gc] GC(1399) Concurrent Mark Cycle
[25.566s][info][gc] GC(1398) Pause Full (G1 Compaction Pause) 15M->14M(16M) 32.797ms
[25.566s][info][gc] GC(1399) Concurrent Mark Cycle 33.041ms
[25.573s][info][gc] GC(1400) To-space exhausted
[25.573s][info][gc] GC(1400) Pause Young (Normal) (G1 Evacuation Pause) 15M->15M(16M) 0.813ms
[25.606s][info][gc] GC(1401) Pause Full (G1 Compaction Pause) 15M->14M(16M) 32.473ms
[25.613s][info][gc] GC(1402) To-space exhausted
[25.613s][info][gc] GC(1402) Pause Young (Concurrent Start) (G1 Evacuation Pause) 15M->15M(16M) 1.040ms
[25.613s][info][gc] GC(1404) Concurrent Mark Cycle
[25.652s][info][gc] GC(1403) Pause Full (G1 Compaction Pause) 15M->14M(16M) 38.483ms
[25.652s][info][gc] GC(1404) Concurrent Mark Cycle 38.759ms
[25.659s][info][gc] GC(1405) To-space exhausted
[25.659s][info][gc] GC(1405) Pause Young (Normal) (G1 Evacuation Pause) 15M->15M(16M) 1.056ms
[25.693s][info][gc] GC(1406) Pause Full (G1 Compaction Pause) 15M->14M(16M) 33.523ms
[25.699s][info][gc] GC(1407) To-space exhausted
[25.699s][info][gc] GC(1407) Pause Young (Concurrent Start) (G1 Evacuation Pause) 15M->15M(16M) 1.121ms
[25.699s][info][gc] GC(1409) Concurrent Mark Cycle
[25.737s][info][gc] GC(1408) Pause Full (G1 Compaction Pause) 15M->14M(16M) 37.680ms
[25.737s][info][gc] GC(1409) Concurrent Mark Cycle 37.943ms
[25.744s][info][gc] GC(1410) To-space exhausted
[25.744s][info][gc] GC(1410) Pause Young (Normal) (G1 Evacuation Pause) 15M->15M(16M) 0.839ms
[25.784s][info][gc] GC(1411) Pause Full (G1 Compaction Pause) 15M->14M(16M) 39.822ms
[25.792s][info][gc] GC(1412) To-space exhausted
[25.792s][info][gc] GC(1412) Pause Young (Concurrent Start) (G1 Evacuation Pause) 15M->15M(16M) 1.030ms
[25.792s][info][gc] GC(1414) Concurrent Mark Cycle
[25.825s][info][gc] GC(1413) Pause Full (G1 Compaction Pause) 15M->14M(16M) 33.336ms
[25.825s][info][gc] GC(1414) Concurrent Mark Cycle 33.610ms
[25.831s][info][gc] GC(1415) To-space exhausted
[25.831s][info][gc] GC(1415) Pause Young (Normal) (G1 Evacuation Pause) 15M->15M(16M) 1.004ms
[25.874s][info][gc] GC(1416) Pause Full (G1 Compaction Pause) 15M->14M(16M) 42.531ms
[25.881s][info][gc] GC(1417) To-space exhausted
[25.881s][info][gc] GC(1417) Pause Young (Concurrent Start) (G1 Evacuation Pause) 15M->15M(16M) 1.121ms
[25.881s][info][gc] GC(1419) Concurrent Mark Cycle
[25.919s][info][gc] GC(1418) Pause Full (G1 Compaction Pause) 15M->14M(16M) 38.208ms
[25.919s][info][gc] GC(1419) Concurrent Mark Cycle 38.425ms
[25.927s][info][gc] GC(1420) To-space exhausted
[25.928s][info][gc] GC(1420) Pause Young (Normal) (G1 Evacuation Pause) 15M->15M(16M) 1.127ms
[25.963s][info][gc] GC(1421) Pause Full (G1 Compaction Pause) 15M->14M(16M) 35.340ms
[25.970s][info][gc] GC(1422) To-space exhausted
[25.970s][info][gc] GC(1422) Pause Young (Concurrent Start) (G1 Evacuation Pause) 15M->15M(16M) 1.054ms
[25.970s][info][gc] GC(1424) Concurrent Mark Cycle
[26.006s][info][gc] GC(1423) Pause Full (G1 Compaction Pause) 15M->14M(16M) 36.297ms
[26.006s][info][gc] GC(1424) Concurrent Mark Cycle 36.521ms
[26.013s][info][gc] GC(1425) To-space exhausted
[26.013s][info][gc] GC(1425) Pause Young (Normal) (G1 Evacuation Pause) 15M->15M(16M) 1.205ms
[26.051s][info][gc] GC(1426) Pause Full (G1 Compaction Pause) 15M->14M(16M) 38.349ms
[26.059s][info][gc] GC(1427) To-space exhausted
[26.059s][info][gc] GC(1427) Pause Young (Concurrent Start) (G1 Evacuation Pause) 15M->15M(16M) 1.387ms
[26.059s][info][gc] GC(1429) Concurrent Mark Cycle
[26.094s][info][gc] GC(1428) Pause Full (G1 Compaction Pause) 15M->14M(16M) 34.568ms
[26.094s][info][gc] GC(1429) Concurrent Mark Cycle 34.800ms
[26.100s][info][gc] GC(1430) To-space exhausted
[26.100s][info][gc] GC(1430) Pause Young (Normal) (G1 Evacuation Pause) 15M->15M(16M) 1.135ms
[26.140s][info][gc] GC(1431) Pause Full (G1 Compaction Pause) 15M->14M(16M) 40.215ms
[26.147s][info][gc] GC(1432) To-space exhausted
[26.147s][info][gc] GC(1432) Pause Young (Concurrent Start) (G1 Evacuation Pause) 15M->15M(16M) 1.267ms
[26.147s][info][gc] GC(1434) Concurrent Mark Cycle
[26.184s][info][gc] GC(1433) Pause Full (G1 Compaction Pause) 15M->14M(16M) 37.327ms
[26.184s][info][gc] GC(1434) Concurrent Mark Cycle 37.586ms
[26.191s][info][gc] GC(1435) To-space exhausted
[26.191s][info][gc] GC(1435) Pause Young (Normal) (G1 Evacuation Pause) 15M->15M(16M) 0.950ms
[26.232s][info][gc] GC(1436) Pause Full (G1 Compaction Pause) 15M->14M(16M) 40.587ms
[26.239s][info][gc] GC(1437) To-space exhausted
[26.239s][info][gc] GC(1437) Pause Young (Concurrent Start) (G1 Evacuation Pause) 15M->15M(16M) 1.115ms
[26.239s][info][gc] GC(1438) Concurrent Mark Cycle
[26.279s][info][gc] GC(1439) Pause Full (G1 Compaction Pause) 15M->14M(16M) 39.195ms
[26.279s][info][gc] GC(1438) Concurrent Mark Cycle 39.448ms
[26.286s][info][gc] GC(1440) To-space exhausted
[26.286s][info][gc] GC(1440) Pause Young (Normal) (G1 Evacuation Pause) 15M->15M(16M) 0.966ms
[26.322s][info][gc] GC(1441) Pause Full (G1 Compaction Pause) 15M->14M(16M) 35.829ms
[26.328s][info][gc] GC(1442) To-space exhausted
[26.328s][info][gc] GC(1442) Pause Young (Concurrent Start) (G1 Evacuation Pause) 15M->15M(16M) 0.928ms
[26.328s][info][gc] GC(1444) Concurrent Mark Cycle
[26.360s][info][gc] GC(1443) Pause Full (G1 Compaction Pause) 15M->14M(16M) 31.871ms
[26.360s][info][gc] GC(1444) Concurrent Mark Cycle 32.087ms
[26.366s][info][gc] GC(1445) To-space exhausted
[26.366s][info][gc] GC(1445) Pause Young (Normal) (G1 Evacuation Pause) 15M->15M(16M) 0.874ms
[26.399s][info][gc] GC(1446) Pause Full (G1 Compaction Pause) 15M->14M(16M) 32.584ms
[26.406s][info][gc] GC(1447) To-space exhausted
[26.406s][info][gc] GC(1447) Pause Young (Concurrent Start) (G1 Evacuation Pause) 15M->15M(16M) 0.972ms
[26.406s][info][gc] GC(1449) Concurrent Mark Cycle
[26.441s][info][gc] GC(1448) Pause Full (G1 Compaction Pause) 15M->14M(16M) 34.777ms
[26.441s][info][gc] GC(1449) Concurrent Mark Cycle 35.027ms
[26.448s][info][gc] GC(1450) To-space exhausted
[26.448s][info][gc] GC(1450) Pause Young (Normal) (G1 Evacuation Pause) 15M->15M(16M) 1.062ms
[26.487s][info][gc] GC(1451) Pause Full (G1 Compaction Pause) 15M->14M(16M) 38.683ms
[26.493s][info][gc] GC(1452) To-space exhausted
[26.493s][info][gc] GC(1452) Pause Young (Concurrent Start) (G1 Evacuation Pause) 15M->15M(16M) 0.816ms
[26.493s][info][gc] GC(1454) Concurrent Mark Cycle
[26.526s][info][gc] GC(1453) Pause Full (G1 Compaction Pause) 15M->14M(16M) 32.692ms
[26.526s][info][gc] GC(1454) Concurrent Mark Cycle 32.910ms
[26.532s][info][gc] GC(1455) To-space exhausted
[26.532s][info][gc] GC(1455) Pause Young (Normal) (G1 Evacuation Pause) 15M->15M(16M) 0.847ms
[26.567s][info][gc] GC(1456) Pause Full (G1 Compaction Pause) 15M->14M(16M) 34.442ms
[26.573s][info][gc] GC(1457) To-space exhausted
[26.573s][info][gc] GC(1457) Pause Young (Concurrent Start) (G1 Evacuation Pause) 15M->15M(16M) 1.097ms
[26.573s][info][gc] GC(1459) Concurrent Mark Cycle
[26.606s][info][gc] GC(1458) Pause Full (G1 Compaction Pause) 15M->14M(16M) 32.508ms
[26.606s][info][gc] GC(1459) Concurrent Mark Cycle 32.721ms
[26.612s][info][gc] GC(1460) To-space exhausted
[26.612s][info][gc] GC(1460) Pause Young (Normal) (G1 Evacuation Pause) 15M->15M(16M) 0.808ms
[26.647s][info][gc] GC(1461) Pause Full (G1 Compaction Pause) 15M->14M(16M) 35.033ms
[26.660s][info][gc] GC(1462) To-space exhausted
[26.660s][info][gc] GC(1462) Pause Young (Concurrent Start) (G1 Evacuation Pause) 15M->15M(16M) 1.074ms
[26.660s][info][gc] GC(1464) Concurrent Mark Cycle
[26.698s][info][gc] GC(1463) Pause Full (G1 Compaction Pause) 15M->14M(16M) 37.633ms
[26.698s][info][gc] GC(1464) Concurrent Mark Cycle 37.845ms
[26.706s][info][gc] GC(1465) To-space exhausted
[26.706s][info][gc] GC(1465) Pause Young (Normal) (G1 Evacuation Pause) 15M->15M(16M) 1.067ms
[26.749s][info][gc] GC(1466) Pause Full (G1 Compaction Pause) 15M->14M(16M) 43.032ms
[26.758s][info][gc] GC(1467) To-space exhausted
[26.758s][info][gc] GC(1467) Pause Young (Concurrent Start) (G1 Evacuation Pause) 15M->15M(16M) 1.346ms
[26.758s][info][gc] GC(1469) Concurrent Mark Cycle
[26.807s][info][gc] GC(1468) Pause Full (G1 Compaction Pause) 15M->14M(16M) 48.616ms
[26.807s][info][gc] GC(1469) Concurrent Mark Cycle 48.944ms
[26.814s][info][gc] GC(1470) To-space exhausted
[26.814s][info][gc] GC(1470) Pause Young (Normal) (G1 Evacuation Pause) 15M->15M(16M) 1.076ms
[26.851s][info][gc] GC(1471) Pause Full (G1 Compaction Pause) 15M->14M(16M) 37.050ms
[26.861s][info][gc] GC(1472) To-space exhausted
[26.861s][info][gc] GC(1472) Pause Young (Concurrent Start) (G1 Evacuation Pause) 15M->15M(16M) 0.993ms
[26.861s][info][gc] GC(1474) Concurrent Mark Cycle
[26.895s][info][gc] GC(1473) Pause Full (G1 Compaction Pause) 15M->14M(16M) 33.885ms
[26.895s][info][gc] GC(1474) Concurrent Mark Cycle 34.145ms
[26.901s][info][gc] GC(1475) To-space exhausted
[26.901s][info][gc] GC(1475) Pause Young (Normal) (G1 Evacuation Pause) 15M->15M(16M) 0.777ms
[26.935s][info][gc] GC(1476) Pause Full (G1 Compaction Pause) 15M->14M(16M) 34.570ms
[26.942s][info][gc] GC(1477) To-space exhausted
[26.942s][info][gc] GC(1477) Pause Young (Concurrent Start) (G1 Evacuation Pause) 15M->15M(16M) 1.184ms
[26.942s][info][gc] GC(1479) Concurrent Mark Cycle
[26.976s][info][gc] GC(1478) Pause Full (G1 Compaction Pause) 15M->14M(16M) 34.105ms
[26.976s][info][gc] GC(1479) Concurrent Mark Cycle 34.319ms
[26.983s][info][gc] GC(1480) To-space exhausted
[26.983s][info][gc] GC(1480) Pause Young (Normal) (G1 Evacuation Pause) 15M->15M(16M) 0.917ms
[27.016s][info][gc] GC(1481) Pause Full (G1 Compaction Pause) 15M->14M(16M) 32.709ms
[27.023s][info][gc] GC(1482) To-space exhausted
[27.023s][info][gc] GC(1482) Pause Young (Concurrent Start) (G1 Evacuation Pause) 15M->15M(16M) 1.386ms
[27.023s][info][gc] GC(1484) Concurrent Mark Cycle
[27.068s][info][gc] GC(1483) Pause Full (G1 Compaction Pause) 15M->14M(16M) 45.027ms
[27.068s][info][gc] GC(1484) Concurrent Mark Cycle 45.316ms
[27.074s][info][gc] GC(1485) To-space exhausted
[27.074s][info][gc] GC(1485) Pause Young (Normal) (G1 Evacuation Pause) 15M->15M(16M) 1.182ms
[27.108s][info][gc] GC(1486) Pause Full (G1 Compaction Pause) 15M->14M(16M) 34.182ms
[27.116s][info][gc] GC(1487) To-space exhausted
[27.116s][info][gc] GC(1487) Pause Young (Concurrent Start) (G1 Evacuation Pause) 15M->15M(16M) 1.259ms
[27.116s][info][gc] GC(1489) Concurrent Mark Cycle
[27.150s][info][gc] GC(1488) Pause Full (G1 Compaction Pause) 15M->14M(16M) 33.562ms
[27.150s][info][gc] GC(1489) Concurrent Mark Cycle 33.786ms
[27.158s][info][gc] GC(1490) To-space exhausted
[27.158s][info][gc] GC(1490) Pause Young (Normal) (G1 Evacuation Pause) 15M->15M(16M) 1.148ms
[27.192s][info][gc] GC(1491) Pause Full (G1 Compaction Pause) 15M->14M(16M) 33.156ms
[27.199s][info][gc] GC(1492) To-space exhausted
[27.199s][info][gc] GC(1492) Pause Young (Concurrent Start) (G1 Evacuation Pause) 15M->15M(16M) 1.028ms
[27.199s][info][gc] GC(1494) Concurrent Mark Cycle
[27.252s][info][gc] GC(1493) Pause Full (G1 Compaction Pause) 15M->14M(16M) 52.887ms
[27.253s][info][gc] GC(1494) Concurrent Mark Cycle 53.260ms
[27.265s][info][gc] GC(1495) To-space exhausted
[27.265s][info][gc] GC(1495) Pause Young (Normal) (G1 Evacuation Pause) 15M->15M(16M) 0.849ms
[27.303s][info][gc] GC(1496) Pause Full (G1 Compaction Pause) 15M->14M(16M) 38.067ms
[27.310s][info][gc] GC(1497) To-space exhausted
[27.310s][info][gc] GC(1497) Pause Young (Concurrent Start) (G1 Evacuation Pause) 15M->15M(16M) 0.882ms
[27.310s][info][gc] GC(1499) Concurrent Mark Cycle
[27.343s][info][gc] GC(1498) Pause Full (G1 Compaction Pause) 15M->14M(16M) 32.905ms
[27.343s][info][gc] GC(1499) Concurrent Mark Cycle 33.116ms
[27.349s][info][gc] GC(1500) To-space exhausted
[27.349s][info][gc] GC(1500) Pause Young (Normal) (G1 Evacuation Pause) 15M->15M(16M) 0.973ms
[27.382s][info][gc] GC(1501) Pause Full (G1 Compaction Pause) 15M->14M(16M) 32.406ms
[27.388s][info][gc] GC(1502) To-space exhausted
[27.388s][info][gc] GC(1502) Pause Young (Concurrent Start) (G1 Evacuation Pause) 15M->15M(16M) 0.952ms
[27.388s][info][gc] GC(1504) Concurrent Mark Cycle
[27.421s][info][gc] GC(1503) Pause Full (G1 Compaction Pause) 15M->14M(16M) 33.318ms
[27.421s][info][gc] GC(1504) Concurrent Mark Cycle 33.574ms
[27.428s][info][gc] GC(1505) To-space exhausted
[27.428s][info][gc] GC(1505) Pause Young (Normal) (G1 Evacuation Pause) 15M->15M(16M) 0.992ms
[27.469s][info][gc] GC(1506) Pause Full (G1 Compaction Pause) 15M->14M(16M) 41.113ms
[27.476s][info][gc] GC(1507) To-space exhausted
[27.476s][info][gc] GC(1507) Pause Young (Concurrent Start) (G1 Evacuation Pause) 15M->15M(16M) 1.044ms
[27.477s][info][gc] GC(1509) Concurrent Mark Cycle
[27.510s][info][gc] GC(1508) Pause Full (G1 Compaction Pause) 15M->14M(16M) 33.017ms
[27.510s][info][gc] GC(1509) Concurrent Mark Cycle 33.278ms
[27.516s][info][gc] GC(1510) To-space exhausted
[27.516s][info][gc] GC(1510) Pause Young (Normal) (G1 Evacuation Pause) 15M->15M(16M) 0.790ms
[27.549s][info][gc] GC(1511) Pause Full (G1 Compaction Pause) 15M->14M(16M) 32.969ms
[27.555s][info][gc] GC(1512) To-space exhausted
[27.555s][info][gc] GC(1512) Pause Young (Concurrent Start) (G1 Evacuation Pause) 15M->15M(16M) 0.983ms
[27.555s][info][gc] GC(1514) Concurrent Mark Cycle
[27.594s][info][gc] GC(1513) Pause Full (G1 Compaction Pause) 15M->14M(16M) 38.871ms
[27.594s][info][gc] GC(1514) Concurrent Mark Cycle 39.096ms
[27.601s][info][gc] GC(1515) To-space exhausted
[27.601s][info][gc] GC(1515) Pause Young (Normal) (G1 Evacuation Pause) 15M->15M(16M) 0.887ms
[27.641s][info][gc] GC(1516) Pause Full (G1 Compaction Pause) 15M->14M(16M) 40.643ms
[27.647s][info][gc] GC(1517) To-space exhausted
[27.647s][info][gc] GC(1517) Pause Young (Concurrent Start) (G1 Evacuation Pause) 15M->15M(16M) 1.081ms
[27.647s][info][gc] GC(1519) Concurrent Mark Cycle
[27.690s][info][gc] GC(1518) Pause Full (G1 Compaction Pause) 15M->14M(16M) 42.965ms
[27.691s][info][gc] GC(1519) Concurrent Mark Cycle 43.198ms
[27.697s][info][gc] GC(1520) To-space exhausted
[27.697s][info][gc] GC(1520) Pause Young (Normal) (G1 Evacuation Pause) 15M->15M(16M) 0.798ms
[27.729s][info][gc] GC(1521) Pause Full (G1 Compaction Pause) 15M->14M(16M) 32.065ms
[27.735s][info][gc] GC(1522) To-space exhausted
[27.735s][info][gc] GC(1522) Pause Young (Concurrent Start) (G1 Evacuation Pause) 15M->15M(16M) 0.992ms
[27.735s][info][gc] GC(1524) Concurrent Mark Cycle
[27.770s][info][gc] GC(1523) Pause Full (G1 Compaction Pause) 15M->14M(16M) 34.272ms
[27.770s][info][gc] GC(1524) Concurrent Mark Cycle 34.494ms
[27.776s][info][gc] GC(1525) To-space exhausted
[27.776s][info][gc] GC(1525) Pause Young (Normal) (G1 Evacuation Pause) 15M->15M(16M) 0.884ms
[27.808s][info][gc] GC(1526) Pause Full (G1 Compaction Pause) 15M->14M(16M) 32.570ms
[27.815s][info][gc] GC(1527) To-space exhausted
[27.815s][info][gc] GC(1527) Pause Young (Concurrent Start) (G1 Evacuation Pause) 15M->15M(16M) 1.084ms
[27.815s][info][gc] GC(1529) Concurrent Mark Cycle
[27.848s][info][gc] GC(1528) Pause Full (G1 Compaction Pause) 15M->14M(16M) 32.800ms
[27.848s][info][gc] GC(1529) Concurrent Mark Cycle 33.056ms
[27.855s][info][gc] GC(1530) To-space exhausted
[27.855s][info][gc] GC(1530) Pause Young (Normal) (G1 Evacuation Pause) 15M->15M(16M) 1.023ms
[27.892s][info][gc] GC(1531) Pause Full (G1 Compaction Pause) 15M->14M(16M) 36.711ms
[27.898s][info][gc] GC(1532) To-space exhausted
[27.898s][info][gc] GC(1532) Pause Young (Concurrent Start) (G1 Evacuation Pause) 15M->15M(16M) 1.182ms
[27.898s][info][gc] GC(1534) Concurrent Mark Cycle
[27.932s][info][gc] GC(1533) Pause Full (G1 Compaction Pause) 15M->14M(16M) 33.634ms
[27.932s][info][gc] GC(1534) Concurrent Mark Cycle 33.857ms
[27.938s][info][gc] GC(1535) To-space exhausted
[27.938s][info][gc] GC(1535) Pause Young (Normal) (G1 Evacuation Pause) 15M->15M(16M) 0.811ms
[27.974s][info][gc] GC(1536) Pause Full (G1 Compaction Pause) 15M->14M(16M) 35.681ms
[27.981s][info][gc] GC(1537) To-space exhausted
[27.981s][info][gc] GC(1537) Pause Young (Concurrent Start) (G1 Evacuation Pause) 15M->15M(16M) 1.211ms
[27.981s][info][gc] GC(1539) Concurrent Mark Cycle
[28.016s][info][gc] GC(1538) Pause Full (G1 Compaction Pause) 15M->14M(16M) 35.311ms
[28.017s][info][gc] GC(1539) Concurrent Mark Cycle 35.654ms
[28.025s][info][gc] GC(1540) To-space exhausted
[28.025s][info][gc] GC(1540) Pause Young (Normal) (G1 Evacuation Pause) 15M->15M(16M) 1.105ms
[28.067s][info][gc] GC(1541) Pause Full (G1 Compaction Pause) 15M->14M(16M) 41.450ms
[28.072s][info][gc] GC(1542) To-space exhausted
[28.072s][info][gc] GC(1542) Pause Young (Concurrent Start) (G1 Evacuation Pause) 15M->15M(16M) 1.421ms
[28.072s][info][gc] GC(1544) Concurrent Mark Cycle
[28.109s][info][gc] GC(1543) Pause Full (G1 Compaction Pause) 15M->14M(16M) 36.580ms
[28.109s][info][gc] GC(1544) Concurrent Mark Cycle 36.857ms
[28.115s][info][gc] GC(1545) To-space exhausted
[28.115s][info][gc] GC(1545) Pause Young (Normal) (G1 Evacuation Pause) 15M->15M(16M) 0.899ms
[28.148s][info][gc] GC(1546) Pause Full (G1 Compaction Pause) 15M->14M(16M) 33.321ms
[28.155s][info][gc] GC(1547) To-space exhausted
[28.155s][info][gc] GC(1547) Pause Young (Concurrent Start) (G1 Evacuation Pause) 15M->15M(16M) 1.109ms
[28.155s][info][gc] GC(1549) Concurrent Mark Cycle
[28.189s][info][gc] GC(1548) Pause Full (G1 Compaction Pause) 15M->14M(16M) 33.819ms
[28.189s][info][gc] GC(1549) Concurrent Mark Cycle 34.029ms
[28.196s][info][gc] GC(1550) To-space exhausted
[28.196s][info][gc] GC(1550) Pause Young (Normal) (G1 Evacuation Pause) 15M->15M(16M) 0.978ms
[28.232s][info][gc] GC(1551) Pause Full (G1 Compaction Pause) 15M->14M(16M) 35.282ms
[28.239s][info][gc] GC(1552) To-space exhausted
[28.240s][info][gc] GC(1552) Pause Young (Concurrent Start) (G1 Evacuation Pause) 15M->15M(16M) 1.367ms
[28.240s][info][gc] GC(1554) Concurrent Mark Cycle
[28.279s][info][gc] GC(1553) Pause Full (G1 Compaction Pause) 15M->14M(16M) 39.542ms
[28.279s][info][gc] GC(1554) Concurrent Mark Cycle 39.756ms
[28.287s][info][gc] GC(1555) To-space exhausted
[28.287s][info][gc] GC(1555) Pause Young (Normal) (G1 Evacuation Pause) 15M->15M(16M) 0.991ms
[28.322s][info][gc] GC(1556) Pause Full (G1 Compaction Pause) 15M->14M(16M) 34.847ms
[28.328s][info][gc] GC(1557) To-space exhausted
[28.328s][info][gc] GC(1557) Pause Young (Concurrent Start) (G1 Evacuation Pause) 15M->15M(16M) 1.110ms
[28.328s][info][gc] GC(1559) Concurrent Mark Cycle
[28.362s][info][gc] GC(1558) Pause Full (G1 Compaction Pause) 15M->14M(16M) 33.764ms
[28.362s][info][gc] GC(1559) Concurrent Mark Cycle 33.999ms
[28.368s][info][gc] GC(1560) To-space exhausted
[28.368s][info][gc] GC(1560) Pause Young (Normal) (G1 Evacuation Pause) 15M->15M(16M) 0.784ms
[28.401s][info][gc] GC(1561) Pause Full (G1 Compaction Pause) 15M->14M(16M) 32.073ms
[28.407s][info][gc] GC(1562) To-space exhausted
[28.407s][info][gc] GC(1562) Pause Young (Concurrent Start) (G1 Evacuation Pause) 15M->15M(16M) 1.034ms
[28.407s][info][gc] GC(1564) Concurrent Mark Cycle
[28.442s][info][gc] GC(1563) Pause Full (G1 Compaction Pause) 15M->14M(16M) 34.354ms
[28.442s][info][gc] GC(1564) Concurrent Mark Cycle 34.668ms
[28.449s][info][gc] GC(1565) To-space exhausted
[28.449s][info][gc] GC(1565) Pause Young (Normal) (G1 Evacuation Pause) 15M->15M(16M) 0.900ms
[28.489s][info][gc] GC(1566) Pause Full (G1 Compaction Pause) 15M->14M(16M) 39.471ms
[28.496s][info][gc] GC(1567) To-space exhausted
[28.496s][info][gc] GC(1567) Pause Young (Concurrent Start) (G1 Evacuation Pause) 15M->15M(16M) 1.169ms
[28.496s][info][gc] GC(1569) Concurrent Mark Cycle
[28.528s][info][gc] GC(1568) Pause Full (G1 Compaction Pause) 15M->14M(16M) 32.419ms
[28.529s][info][gc] GC(1569) Concurrent Mark Cycle 32.639ms
[28.535s][info][gc] GC(1570) To-space exhausted
[28.536s][info][gc] GC(1570) Pause Young (Normal) (G1 Evacuation Pause) 15M->15M(16M) 1.026ms
[28.570s][info][gc] GC(1571) Pause Full (G1 Compaction Pause) 15M->14M(16M) 34.516ms
[28.577s][info][gc] GC(1572) To-space exhausted
[28.577s][info][gc] GC(1572) Pause Young (Concurrent Start) (G1 Evacuation Pause) 15M->15M(16M) 1.153ms
[28.577s][info][gc] GC(1574) Concurrent Mark Cycle
[28.620s][info][gc] GC(1573) Pause Full (G1 Compaction Pause) 15M->14M(16M) 42.962ms
[28.620s][info][gc] GC(1574) Concurrent Mark Cycle 43.224ms
[28.627s][info][gc] GC(1575) To-space exhausted
[28.628s][info][gc] GC(1575) Pause Young (Normal) (G1 Evacuation Pause) 15M->15M(16M) 0.929ms
[28.666s][info][gc] GC(1576) Pause Full (G1 Compaction Pause) 15M->14M(16M) 37.960ms
[28.673s][info][gc] GC(1577) To-space exhausted
[28.673s][info][gc] GC(1577) Pause Young (Concurrent Start) (G1 Evacuation Pause) 15M->15M(16M) 1.182ms
[28.673s][info][gc] GC(1579) Concurrent Mark Cycle
[28.707s][info][gc] GC(1578) Pause Full (G1 Compaction Pause) 15M->14M(16M) 34.664ms
[28.708s][info][gc] GC(1579) Concurrent Mark Cycle 34.886ms
[28.714s][info][gc] GC(1580) To-space exhausted
[28.714s][info][gc] GC(1580) Pause Young (Normal) (G1 Evacuation Pause) 15M->15M(16M) 0.865ms
[28.746s][info][gc] GC(1581) Pause Full (G1 Compaction Pause) 15M->14M(16M) 32.058ms
[28.751s][info][gc] GC(1582) To-space exhausted
[28.752s][info][gc] GC(1582) Pause Young (Concurrent Start) (G1 Evacuation Pause) 15M->15M(16M) 1.058ms
[28.752s][info][gc] GC(1584) Concurrent Mark Cycle
[28.785s][info][gc] GC(1583) Pause Full (G1 Compaction Pause) 15M->14M(16M) 33.201ms
[28.785s][info][gc] GC(1584) Concurrent Mark Cycle 33.418ms
[28.791s][info][gc] GC(1585) To-space exhausted
[28.791s][info][gc] GC(1585) Pause Young (Normal) (G1 Evacuation Pause) 15M->15M(16M) 0.723ms
[28.825s][info][gc] GC(1586) Pause Full (G1 Compaction Pause) 15M->14M(16M) 33.888ms
[28.832s][info][gc] GC(1587) To-space exhausted
[28.832s][info][gc] GC(1587) Pause Young (Concurrent Start) (G1 Evacuation Pause) 15M->15M(16M) 1.371ms
[28.832s][info][gc] GC(1589) Concurrent Mark Cycle
[28.873s][info][gc] GC(1588) Pause Full (G1 Compaction Pause) 15M->14M(16M) 40.356ms
[28.873s][info][gc] GC(1589) Concurrent Mark Cycle 40.564ms
[28.878s][info][gc] GC(1590) To-space exhausted
[28.879s][info][gc] GC(1590) Pause Young (Normal) (G1 Evacuation Pause) 15M->15M(16M) 0.785ms
[28.914s][info][gc] GC(1591) Pause Full (G1 Compaction Pause) 15M->14M(16M) 35.605ms
[28.921s][info][gc] GC(1592) To-space exhausted
[28.921s][info][gc] GC(1592) Pause Young (Concurrent Start) (G1 Evacuation Pause) 15M->15M(16M) 1.190ms
[28.921s][info][gc] GC(1594) Concurrent Mark Cycle
[28.961s][info][gc] GC(1593) Pause Full (G1 Compaction Pause) 15M->14M(16M) 39.454ms
[28.961s][info][gc] GC(1594) Concurrent Mark Cycle 39.665ms
[28.967s][info][gc] GC(1595) To-space exhausted
[28.967s][info][gc] GC(1595) Pause Young (Normal) (G1 Evacuation Pause) 15M->15M(16M) 0.812ms
[29.003s][info][gc] GC(1596) Pause Full (G1 Compaction Pause) 15M->14M(16M) 36.475ms
[29.011s][info][gc] GC(1597) To-space exhausted
[29.011s][info][gc] GC(1597) Pause Young (Concurrent Start) (G1 Evacuation Pause) 15M->15M(16M) 1.562ms
[29.011s][info][gc] GC(1599) Concurrent Mark Cycle
[29.050s][info][gc] GC(1598) Pause Full (G1 Compaction Pause) 15M->14M(16M) 38.870ms
[29.050s][info][gc] GC(1599) Concurrent Mark Cycle 39.137ms
[29.057s][info][gc] GC(1600) To-space exhausted
[29.057s][info][gc] GC(1600) Pause Young (Normal) (G1 Evacuation Pause) 15M->15M(16M) 1.159ms
[29.098s][info][gc] GC(1601) Pause Full (G1 Compaction Pause) 15M->14M(16M) 40.707ms
[29.104s][info][gc] GC(1602) To-space exhausted
[29.104s][info][gc] GC(1602) Pause Young (Concurrent Start) (G1 Evacuation Pause) 15M->15M(16M) 1.138ms
[29.104s][info][gc] GC(1604) Concurrent Mark Cycle
[29.137s][info][gc] GC(1603) Pause Full (G1 Compaction Pause) 15M->14M(16M) 32.861ms
[29.137s][info][gc] GC(1604) Concurrent Mark Cycle 33.169ms
[29.144s][info][gc] GC(1605) To-space exhausted
[29.145s][info][gc] GC(1605) Pause Young (Normal) (G1 Evacuation Pause) 15M->15M(16M) 1.248ms
[29.179s][info][gc] GC(1606) Pause Full (G1 Compaction Pause) 15M->14M(16M) 34.581ms
[29.187s][info][gc] GC(1607) To-space exhausted
[29.187s][info][gc] GC(1607) Pause Young (Concurrent Start) (G1 Evacuation Pause) 15M->15M(16M) 1.030ms
[29.187s][info][gc] GC(1609) Concurrent Mark Cycle
[29.223s][info][gc] GC(1608) Pause Full (G1 Compaction Pause) 15M->14M(16M) 36.096ms
[29.223s][info][gc] GC(1609) Concurrent Mark Cycle 36.323ms
[29.229s][info][gc] GC(1610) To-space exhausted
[29.229s][info][gc] GC(1610) Pause Young (Normal) (G1 Evacuation Pause) 15M->15M(16M) 0.814ms
[29.267s][info][gc] GC(1611) Pause Full (G1 Compaction Pause) 15M->14M(16M) 37.492ms
[29.273s][info][gc] GC(1612) To-space exhausted
[29.274s][info][gc] GC(1612) Pause Young (Concurrent Start) (G1 Evacuation Pause) 15M->15M(16M) 1.102ms
[29.274s][info][gc] GC(1614) Concurrent Mark Cycle
[29.313s][info][gc] GC(1613) Pause Full (G1 Compaction Pause) 15M->14M(16M) 39.227ms
[29.313s][info][gc] GC(1614) Concurrent Mark Cycle 39.560ms
[29.322s][info][gc] GC(1615) To-space exhausted
[29.322s][info][gc] GC(1615) Pause Young (Normal) (G1 Evacuation Pause) 15M->15M(16M) 1.168ms
[29.361s][info][gc] GC(1616) Pause Full (G1 Compaction Pause) 15M->14M(16M) 38.889ms
[29.369s][info][gc] GC(1617) To-space exhausted
[29.369s][info][gc] GC(1617) Pause Young (Concurrent Start) (G1 Evacuation Pause) 15M->15M(16M) 1.014ms
[29.369s][info][gc] GC(1619) Concurrent Mark Cycle
[29.407s][info][gc] GC(1618) Pause Full (G1 Compaction Pause) 15M->14M(16M) 38.095ms
[29.407s][info][gc] GC(1619) Concurrent Mark Cycle 38.347ms
[29.414s][info][gc] GC(1620) To-space exhausted
[29.414s][info][gc] GC(1620) Pause Young (Normal) (G1 Evacuation Pause) 15M->15M(16M) 0.901ms
[29.454s][info][gc] GC(1621) Pause Full (G1 Compaction Pause) 15M->14M(16M) 39.875ms
[29.462s][info][gc] GC(1622) To-space exhausted
[29.463s][info][gc] GC(1622) Pause Young (Concurrent Start) (G1 Evacuation Pause) 15M->15M(16M) 1.829ms
[29.463s][info][gc] GC(1624) Concurrent Mark Cycle
[29.507s][info][gc] GC(1623) Pause Full (G1 Compaction Pause) 15M->14M(16M) 44.144ms
[29.507s][info][gc] GC(1624) Concurrent Mark Cycle 44.373ms
[29.513s][info][gc] GC(1625) To-space exhausted
[29.513s][info][gc] GC(1625) Pause Young (Normal) (G1 Evacuation Pause) 15M->15M(16M) 0.994ms
[29.546s][info][gc] GC(1626) Pause Full (G1 Compaction Pause) 15M->14M(16M) 32.625ms
[29.552s][info][gc] GC(1627) To-space exhausted
[29.552s][info][gc] GC(1627) Pause Young (Concurrent Start) (G1 Evacuation Pause) 15M->15M(16M) 0.971ms
[29.552s][info][gc] GC(1629) Concurrent Mark Cycle
[29.586s][info][gc] GC(1628) Pause Full (G1 Compaction Pause) 15M->14M(16M) 33.695ms
[29.586s][info][gc] GC(1629) Concurrent Mark Cycle 33.973ms
[29.592s][info][gc] GC(1630) To-space exhausted
[29.592s][info][gc] GC(1630) Pause Young (Normal) (G1 Evacuation Pause) 15M->15M(16M) 0.862ms
[29.625s][info][gc] GC(1631) Pause Full (G1 Compaction Pause) 15M->14M(16M) 32.943ms
[29.632s][info][gc] GC(1632) To-space exhausted
[29.632s][info][gc] GC(1632) Pause Young (Concurrent Start) (G1 Evacuation Pause) 15M->15M(16M) 1.077ms
[29.632s][info][gc] GC(1634) Concurrent Mark Cycle
[29.671s][info][gc] GC(1633) Pause Full (G1 Compaction Pause) 15M->14M(16M) 38.840ms
[29.671s][info][gc] GC(1634) Concurrent Mark Cycle 39.079ms
[29.678s][info][gc] GC(1635) To-space exhausted
[29.678s][info][gc] GC(1635) Pause Young (Normal) (G1 Evacuation Pause) 15M->15M(16M) 0.867ms
[29.710s][info][gc] GC(1636) Pause Full (G1 Compaction Pause) 15M->14M(16M) 32.084ms
[29.716s][info][gc] GC(1637) To-space exhausted
[29.716s][info][gc] GC(1637) Pause Young (Concurrent Start) (G1 Evacuation Pause) 15M->15M(16M) 1.066ms
[29.716s][info][gc] GC(1639) Concurrent Mark Cycle
[29.751s][info][gc] GC(1638) Pause Full (G1 Compaction Pause) 15M->14M(16M) 34.360ms
[29.751s][info][gc] GC(1639) Concurrent Mark Cycle 34.632ms
[29.758s][info][gc] GC(1640) To-space exhausted
[29.758s][info][gc] GC(1640) Pause Young (Normal) (G1 Evacuation Pause) 15M->15M(16M) 0.780ms
[29.792s][info][gc] GC(1641) Pause Full (G1 Compaction Pause) 15M->14M(16M) 33.898ms
[29.798s][info][gc] GC(1642) To-space exhausted
[29.798s][info][gc] GC(1642) Pause Young (Concurrent Start) (G1 Evacuation Pause) 15M->15M(16M) 1.160ms
[29.798s][info][gc] GC(1644) Concurrent Mark Cycle
[29.832s][info][gc] GC(1643) Pause Full (G1 Compaction Pause) 15M->14M(16M) 33.736ms
[29.832s][info][gc] GC(1644) Concurrent Mark Cycle 33.989ms
[29.839s][info][gc] GC(1645) To-space exhausted
[29.839s][info][gc] GC(1645) Pause Young (Normal) (G1 Evacuation Pause) 15M->15M(16M) 0.883ms
[29.891s][info][gc] GC(1646) Pause Full (G1 Compaction Pause) 15M->14M(16M) 51.820ms
[29.899s][info][gc] GC(1647) To-space exhausted
[29.899s][info][gc] GC(1647) Pause Young (Concurrent Start) (G1 Evacuation Pause) 15M->15M(16M) 1.012ms
[29.899s][info][gc] GC(1649) Concurrent Mark Cycle
[29.936s][info][gc] GC(1648) Pause Full (G1 Compaction Pause) 15M->14M(16M) 37.312ms
[29.936s][info][gc] GC(1649) Concurrent Mark Cycle 37.531ms
[29.943s][info][gc] GC(1650) To-space exhausted
[29.943s][info][gc] GC(1650) Pause Young (Normal) (G1 Evacuation Pause) 15M->15M(16M) 0.949ms
[29.982s][info][gc] GC(1651) Pause Full (G1 Compaction Pause) 15M->14M(16M) 38.432ms
[29.989s][info][gc] GC(1652) To-space exhausted
[29.989s][info][gc] GC(1652) Pause Young (Concurrent Start) (G1 Evacuation Pause) 15M->15M(16M) 1.279ms
[29.989s][info][gc] GC(1654) Concurrent Mark Cycle
[30.031s][info][gc] GC(1653) Pause Full (G1 Compaction Pause) 15M->14M(16M) 42.325ms
[30.032s][info][gc] GC(1654) Concurrent Mark Cycle 42.576ms
[30.040s][info][gc] GC(1655) To-space exhausted
[30.040s][info][gc] GC(1655) Pause Young (Normal) (G1 Evacuation Pause) 15M->15M(16M) 1.831ms
[30.094s][info][gc] GC(1656) Pause Full (G1 Compaction Pause) 15M->14M(16M) 53.662ms
[30.101s][info][gc] GC(1657) To-space exhausted
[30.101s][info][gc] GC(1657) Pause Young (Concurrent Start) (G1 Evacuation Pause) 15M->15M(16M) 1.453ms
[30.101s][info][gc] GC(1659) Concurrent Mark Cycle
[30.143s][info][gc] GC(1658) Pause Full (G1 Compaction Pause) 15M->14M(16M) 41.247ms
[30.143s][info][gc] GC(1659) Concurrent Mark Cycle 41.547ms
[30.150s][info][gc] GC(1660) To-space exhausted
[30.150s][info][gc] GC(1660) Pause Young (Normal) (G1 Evacuation Pause) 15M->15M(16M) 1.057ms
[30.184s][info][gc] GC(1661) Pause Full (G1 Compaction Pause) 15M->14M(16M) 34.189ms
[30.190s][info][gc] GC(1662) To-space exhausted
[30.190s][info][gc] GC(1662) Pause Young (Concurrent Start) (G1 Evacuation Pause) 15M->15M(16M) 0.991ms
[30.190s][info][gc] GC(1664) Concurrent Mark Cycle
[30.226s][info][gc] GC(1663) Pause Full (G1 Compaction Pause) 15M->14M(16M) 35.763ms
[30.226s][info][gc] GC(1664) Concurrent Mark Cycle 35.998ms
[30.232s][info][gc] GC(1665) To-space exhausted
[30.232s][info][gc] GC(1665) Pause Young (Normal) (G1 Evacuation Pause) 15M->15M(16M) 1.054ms
[30.271s][info][gc] GC(1666) Pause Full (G1 Compaction Pause) 15M->14M(16M) 38.537ms
[30.280s][info][gc] GC(1667) To-space exhausted
[30.280s][info][gc] GC(1667) Pause Young (Concurrent Start) (G1 Evacuation Pause) 15M->15M(16M) 1.032ms
[30.280s][info][gc] GC(1669) Concurrent Mark Cycle
[30.313s][info][gc] GC(1668) Pause Full (G1 Compaction Pause) 15M->14M(16M) 33.532ms
[30.314s][info][gc] GC(1669) Concurrent Mark Cycle 33.775ms
[30.319s][info][gc] GC(1670) To-space exhausted
[30.319s][info][gc] GC(1670) Pause Young (Normal) (G1 Evacuation Pause) 15M->15M(16M) 0.840ms
[30.352s][info][gc] GC(1671) Pause Full (G1 Compaction Pause) 15M->14M(16M) 32.475ms
[30.358s][info][gc] GC(1672) To-space exhausted
[30.358s][info][gc] GC(1672) Pause Young (Concurrent Start) (G1 Evacuation Pause) 15M->15M(16M) 0.936ms
[30.358s][info][gc] GC(1674) Concurrent Mark Cycle
[30.394s][info][gc] GC(1673) Pause Full (G1 Compaction Pause) 15M->14M(16M) 36.527ms
[30.394s][info][gc] GC(1674) Concurrent Mark Cycle 36.730ms
[30.401s][info][gc] GC(1675) To-space exhausted
[30.401s][info][gc] GC(1675) Pause Young (Normal) (G1 Evacuation Pause) 15M->15M(16M) 0.868ms
[30.434s][info][gc] GC(1676) Pause Full (G1 Compaction Pause) 15M->14M(16M) 33.606ms
[30.440s][info][gc] GC(1677) To-space exhausted
[30.440s][info][gc] GC(1677) Pause Young (Concurrent Start) (G1 Evacuation Pause) 15M->15M(16M) 0.965ms
[30.440s][info][gc] GC(1679) Concurrent Mark Cycle
[30.483s][info][gc] GC(1678) Pause Full (G1 Compaction Pause) 15M->14M(16M) 42.282ms
[30.483s][info][gc] GC(1679) Concurrent Mark Cycle 42.501ms
[30.489s][info][gc] GC(1680) To-space exhausted
[30.489s][info][gc] GC(1680) Pause Young (Normal) (G1 Evacuation Pause) 15M->15M(16M) 0.863ms
[30.523s][info][gc] GC(1681) Pause Full (G1 Compaction Pause) 15M->14M(16M) 34.484ms
[30.529s][info][gc] GC(1682) To-space exhausted
[30.529s][info][gc] GC(1682) Pause Young (Concurrent Start) (G1 Evacuation Pause) 15M->15M(16M) 0.858ms
[30.529s][info][gc] GC(1684) Concurrent Mark Cycle
[30.566s][info][gc] GC(1683) Pause Full (G1 Compaction Pause) 15M->14M(16M) 36.487ms
[30.566s][info][gc] GC(1684) Concurrent Mark Cycle 36.697ms
[30.572s][info][gc] GC(1685) To-space exhausted
[30.572s][info][gc] GC(1685) Pause Young (Normal) (G1 Evacuation Pause) 15M->15M(16M) 0.911ms
[30.607s][info][gc] GC(1686) Pause Full (G1 Compaction Pause) 15M->14M(16M) 35.227ms
[30.614s][info][gc] GC(1687) To-space exhausted
[30.614s][info][gc] GC(1687) Pause Young (Concurrent Start) (G1 Evacuation Pause) 15M->15M(16M) 1.007ms
[30.614s][info][gc] GC(1689) Concurrent Mark Cycle
[30.652s][info][gc] GC(1688) Pause Full (G1 Compaction Pause) 15M->14M(16M) 36.984ms
[30.652s][info][gc] GC(1689) Concurrent Mark Cycle 37.216ms
[30.660s][info][gc] GC(1690) To-space exhausted
[30.660s][info][gc] GC(1690) Pause Young (Normal) (G1 Evacuation Pause) 15M->15M(16M) 1.193ms
[30.702s][info][gc] GC(1691) Pause Full (G1 Compaction Pause) 15M->14M(16M) 41.526ms
[30.708s][info][gc] GC(1692) To-space exhausted
[30.708s][info][gc] GC(1692) Pause Young (Concurrent Start) (G1 Evacuation Pause) 15M->15M(16M) 1.010ms
[30.708s][info][gc] GC(1694) Concurrent Mark Cycle
[30.744s][info][gc] GC(1693) Pause Full (G1 Compaction Pause) 15M->14M(16M) 35.440ms
[30.744s][info][gc] GC(1694) Concurrent Mark Cycle 35.704ms
[30.750s][info][gc] GC(1695) To-space exhausted
[30.750s][info][gc] GC(1695) Pause Young (Normal) (G1 Evacuation Pause) 15M->15M(16M) 0.946ms
[30.786s][info][gc] GC(1696) Pause Full (G1 Compaction Pause) 15M->14M(16M) 35.611ms
[30.793s][info][gc] GC(1697) To-space exhausted
[30.793s][info][gc] GC(1697) Pause Young (Concurrent Start) (G1 Evacuation Pause) 15M->15M(16M) 0.932ms
[30.793s][info][gc] GC(1699) Concurrent Mark Cycle
[30.832s][info][gc] GC(1698) Pause Full (G1 Compaction Pause) 15M->14M(16M) 38.701ms
[30.832s][info][gc] GC(1699) Concurrent Mark Cycle 38.953ms
[30.838s][info][gc] GC(1700) To-space exhausted
[30.838s][info][gc] GC(1700) Pause Young (Normal) (G1 Evacuation Pause) 15M->15M(16M) 1.032ms
[30.888s][info][gc] GC(1701) Pause Full (G1 Compaction Pause) 15M->14M(16M) 49.352ms
[30.895s][info][gc] GC(1702) To-space exhausted
[30.895s][info][gc] GC(1702) Pause Young (Concurrent Start) (G1 Evacuation Pause) 15M->15M(16M) 1.114ms
[30.895s][info][gc] GC(1704) Concurrent Mark Cycle
[30.932s][info][gc] GC(1703) Pause Full (G1 Compaction Pause) 15M->14M(16M) 36.566ms
[30.932s][info][gc] GC(1704) Concurrent Mark Cycle 36.813ms
[30.938s][info][gc] GC(1705) To-space exhausted
[30.938s][info][gc] GC(1705) Pause Young (Normal) (G1 Evacuation Pause) 15M->15M(16M) 0.988ms
[30.974s][info][gc] GC(1706) Pause Full (G1 Compaction Pause) 15M->14M(16M) 36.028ms
[30.982s][info][gc] GC(1707) To-space exhausted
[30.982s][info][gc] GC(1707) Pause Young (Concurrent Start) (G1 Evacuation Pause) 15M->15M(16M) 1.516ms
[30.982s][info][gc] GC(1709) Concurrent Mark Cycle
[31.028s][info][gc] GC(1708) Pause Full (G1 Compaction Pause) 15M->14M(16M) 45.550ms
[31.028s][info][gc] GC(1709) Concurrent Mark Cycle 45.848ms
[31.035s][info][gc] GC(1710) To-space exhausted
[31.035s][info][gc] GC(1710) Pause Young (Normal) (G1 Evacuation Pause) 15M->15M(16M) 1.287ms
[31.088s][info][gc] GC(1711) Pause Full (G1 Compaction Pause) 15M->14M(16M) 53.658ms
[31.095s][info][gc] GC(1712) To-space exhausted
[31.095s][info][gc] GC(1712) Pause Young (Concurrent Start) (G1 Evacuation Pause) 15M->15M(16M) 1.293ms
[31.095s][info][gc] GC(1714) Concurrent Mark Cycle
[31.141s][info][gc] GC(1713) Pause Full (G1 Compaction Pause) 15M->14M(16M) 45.367ms
[31.141s][info][gc] GC(1714) Concurrent Mark Cycle 45.630ms
[31.147s][info][gc] GC(1715) To-space exhausted
[31.147s][info][gc] GC(1715) Pause Young (Normal) (G1 Evacuation Pause) 15M->15M(16M) 1.191ms
[31.192s][info][gc] GC(1716) Pause Full (G1 Compaction Pause) 15M->14M(16M) 44.930ms
[31.200s][info][gc] GC(1717) To-space exhausted
[31.200s][info][gc] GC(1717) Pause Young (Concurrent Start) (G1 Evacuation Pause) 15M->15M(16M) 1.293ms
[31.200s][info][gc] GC(1719) Concurrent Mark Cycle
[31.247s][info][gc] GC(1718) Pause Full (G1 Compaction Pause) 15M->14M(16M) 46.881ms
[31.247s][info][gc] GC(1719) Concurrent Mark Cycle 47.142ms
[31.254s][info][gc] GC(1720) To-space exhausted
[31.254s][info][gc] GC(1720) Pause Young (Normal) (G1 Evacuation Pause) 15M->15M(16M) 0.901ms
[31.299s][info][gc] GC(1721) Pause Full (G1 Compaction Pause) 15M->14M(16M) 44.507ms
[31.306s][info][gc] GC(1722) To-space exhausted
[31.306s][info][gc] GC(1722) Pause Young (Concurrent Start) (G1 Evacuation Pause) 15M->15M(16M) 1.246ms
[31.307s][info][gc] GC(1724) Concurrent Mark Cycle
[31.350s][info][gc] GC(1723) Pause Full (G1 Compaction Pause) 15M->14M(16M) 43.872ms
[31.351s][info][gc] GC(1724) Concurrent Mark Cycle 44.106ms
[31.358s][info][gc] GC(1725) To-space exhausted
[31.358s][info][gc] GC(1725) Pause Young (Normal) (G1 Evacuation Pause) 15M->15M(16M) 1.133ms
[31.398s][info][gc] GC(1726) Pause Full (G1 Compaction Pause) 15M->14M(16M) 40.037ms
[31.406s][info][gc] GC(1727) To-space exhausted
[31.406s][info][gc] GC(1727) Pause Young (Concurrent Start) (G1 Evacuation Pause) 15M->15M(16M) 1.122ms
[31.406s][info][gc] GC(1729) Concurrent Mark Cycle
[31.446s][info][gc] GC(1728) Pause Full (G1 Compaction Pause) 15M->14M(16M) 40.334ms
[31.447s][info][gc] GC(1729) Concurrent Mark Cycle 40.588ms
[31.453s][info][gc] GC(1730) To-space exhausted
[31.453s][info][gc] GC(1730) Pause Young (Normal) (G1 Evacuation Pause) 15M->15M(16M) 0.753ms
[31.497s][info][gc] GC(1731) Pause Full (G1 Compaction Pause) 15M->14M(16M) 44.132ms
[31.504s][info][gc] GC(1732) To-space exhausted
[31.504s][info][gc] GC(1732) Pause Young (Concurrent Start) (G1 Evacuation Pause) 15M->15M(16M) 1.092ms
[31.504s][info][gc] GC(1734) Concurrent Mark Cycle
[31.540s][info][gc] GC(1733) Pause Full (G1 Compaction Pause) 15M->14M(16M) 35.965ms
[31.541s][info][gc] GC(1734) Concurrent Mark Cycle 36.179ms
[31.547s][info][gc] GC(1735) To-space exhausted
[31.547s][info][gc] GC(1735) Pause Young (Normal) (G1 Evacuation Pause) 15M->15M(16M) 0.883ms
[31.581s][info][gc] GC(1736) Pause Full (G1 Compaction Pause) 15M->14M(16M) 33.784ms
[31.587s][info][gc] GC(1737) To-space exhausted
[31.587s][info][gc] GC(1737) Pause Young (Concurrent Start) (G1 Evacuation Pause) 15M->15M(16M) 0.914ms
[31.587s][info][gc] GC(1739) Concurrent Mark Cycle
[31.625s][info][gc] GC(1738) Pause Full (G1 Compaction Pause) 15M->14M(16M) 37.341ms
[31.625s][info][gc] GC(1739) Concurrent Mark Cycle 37.536ms
[31.631s][info][gc] GC(1740) To-space exhausted
[31.631s][info][gc] GC(1740) Pause Young (Normal) (G1 Evacuation Pause) 15M->15M(16M) 0.895ms
[31.665s][info][gc] GC(1741) Pause Full (G1 Compaction Pause) 15M->14M(16M) 34.132ms
[31.673s][info][gc] GC(1742) To-space exhausted
[31.673s][info][gc] GC(1742) Pause Young (Concurrent Start) (G1 Evacuation Pause) 15M->15M(16M) 1.530ms
[31.673s][info][gc] GC(1744) Concurrent Mark Cycle
[31.709s][info][gc] GC(1743) Pause Full (G1 Compaction Pause) 15M->14M(16M) 36.062ms
[31.710s][info][gc] GC(1744) Concurrent Mark Cycle 36.318ms
[31.716s][info][gc] GC(1745) To-space exhausted
[31.716s][info][gc] GC(1745) Pause Young (Normal) (G1 Evacuation Pause) 15M->15M(16M) 0.753ms
[31.750s][info][gc] GC(1746) Pause Full (G1 Compaction Pause) 15M->14M(16M) 33.905ms
[31.756s][info][gc] GC(1747) To-space exhausted
[31.756s][info][gc] GC(1747) Pause Young (Concurrent Start) (G1 Evacuation Pause) 15M->15M(16M) 1.097ms
[31.756s][info][gc] GC(1749) Concurrent Mark Cycle
[31.790s][info][gc] GC(1748) Pause Full (G1 Compaction Pause) 15M->14M(16M) 33.840ms
[31.790s][info][gc] GC(1749) Concurrent Mark Cycle 34.057ms
[31.796s][info][gc] GC(1750) To-space exhausted
[31.796s][info][gc] GC(1750) Pause Young (Normal) (G1 Evacuation Pause) 15M->15M(16M) 0.774ms
[31.830s][info][gc] GC(1751) Pause Full (G1 Compaction Pause) 15M->14M(16M) 33.714ms
[31.837s][info][gc] GC(1752) To-space exhausted
[31.837s][info][gc] GC(1752) Pause Young (Concurrent Start) (G1 Evacuation Pause) 15M->15M(16M) 0.923ms
[31.837s][info][gc] GC(1754) Concurrent Mark Cycle
[31.873s][info][gc] GC(1753) Pause Full (G1 Compaction Pause) 15M->14M(16M) 36.447ms
[31.873s][info][gc] GC(1754) Concurrent Mark Cycle 36.807ms
[31.883s][info][gc] GC(1755) To-space exhausted
[31.883s][info][gc] GC(1755) Pause Young (Normal) (G1 Evacuation Pause) 15M->15M(16M) 0.998ms
[31.918s][info][gc] GC(1756) Pause Full (G1 Compaction Pause) 15M->14M(16M) 34.509ms
[31.924s][info][gc] GC(1757) To-space exhausted
[31.924s][info][gc] GC(1757) Pause Young (Concurrent Start) (G1 Evacuation Pause) 15M->15M(16M) 1.037ms
[31.924s][info][gc] GC(1759) Concurrent Mark Cycle
[31.957s][info][gc] GC(1758) Pause Full (G1 Compaction Pause) 15M->14M(16M) 32.612ms
[31.957s][info][gc] GC(1759) Concurrent Mark Cycle 32.951ms
[31.963s][info][gc] GC(1760) To-space exhausted
[31.963s][info][gc] GC(1760) Pause Young (Normal) (G1 Evacuation Pause) 15M->15M(16M) 0.814ms
[31.997s][info][gc] GC(1761) Pause Full (G1 Compaction Pause) 15M->14M(16M) 33.753ms
[32.004s][info][gc] GC(1762) To-space exhausted
[32.004s][info][gc] GC(1762) Pause Young (Concurrent Start) (G1 Evacuation Pause) 15M->15M(16M) 1.460ms
[32.004s][info][gc] GC(1764) Concurrent Mark Cycle
[32.037s][info][gc] GC(1763) Pause Full (G1 Compaction Pause) 15M->14M(16M) 33.263ms
[32.038s][info][gc] GC(1764) Concurrent Mark Cycle 33.520ms
[32.044s][info][gc] GC(1765) To-space exhausted
[32.044s][info][gc] GC(1765) Pause Young (Normal) (G1 Evacuation Pause) 15M->15M(16M) 1.033ms
[32.083s][info][gc] GC(1766) Pause Full (G1 Compaction Pause) 15M->14M(16M) 39.700ms
[32.089s][info][gc] GC(1767) To-space exhausted
[32.089s][info][gc] GC(1767) Pause Young (Concurrent Start) (G1 Evacuation Pause) 15M->15M(16M) 1.148ms
[32.089s][info][gc] GC(1769) Concurrent Mark Cycle
[32.124s][info][gc] GC(1768) Pause Full (G1 Compaction Pause) 15M->14M(16M) 35.224ms
[32.125s][info][gc] GC(1769) Concurrent Mark Cycle 35.453ms
[32.132s][info][gc] GC(1770) To-space exhausted
[32.132s][info][gc] GC(1770) Pause Young (Normal) (G1 Evacuation Pause) 15M->15M(16M) 1.134ms
[32.169s][info][gc] GC(1771) Pause Full (G1 Compaction Pause) 15M->14M(16M) 37.035ms
[32.176s][info][gc] GC(1772) To-space exhausted
[32.176s][info][gc] GC(1772) Pause Young (Concurrent Start) (G1 Evacuation Pause) 15M->15M(16M) 1.101ms
[32.176s][info][gc] GC(1774) Concurrent Mark Cycle
[32.212s][info][gc] GC(1773) Pause Full (G1 Compaction Pause) 15M->14M(16M) 36.473ms
[32.212s][info][gc] GC(1774) Concurrent Mark Cycle 36.720ms
[32.219s][info][gc] GC(1775) To-space exhausted
[32.219s][info][gc] GC(1775) Pause Young (Normal) (G1 Evacuation Pause) 15M->15M(16M) 0.911ms
[32.253s][info][gc] GC(1776) Pause Full (G1 Compaction Pause) 15M->14M(16M) 33.931ms
[32.259s][info][gc] GC(1777) To-space exhausted
[32.259s][info][gc] GC(1777) Pause Young (Concurrent Start) (G1 Evacuation Pause) 15M->15M(16M) 0.918ms
[32.259s][info][gc] GC(1779) Concurrent Mark Cycle
[32.300s][info][gc] GC(1778) Pause Full (G1 Compaction Pause) 15M->14M(16M) 40.260ms
[32.300s][info][gc] GC(1779) Concurrent Mark Cycle 40.475ms
[32.307s][info][gc] GC(1780) To-space exhausted
[32.307s][info][gc] GC(1780) Pause Young (Normal) (G1 Evacuation Pause) 15M->15M(16M) 0.977ms
[32.344s][info][gc] GC(1781) Pause Full (G1 Compaction Pause) 15M->14M(16M) 37.239ms
[32.351s][info][gc] GC(1782) To-space exhausted
[32.351s][info][gc] GC(1782) Pause Young (Concurrent Start) (G1 Evacuation Pause) 15M->15M(16M) 1.014ms
[32.351s][info][gc] GC(1784) Concurrent Mark Cycle
[32.386s][info][gc] GC(1783) Pause Full (G1 Compaction Pause) 15M->14M(16M) 34.052ms
[32.386s][info][gc] GC(1784) Concurrent Mark Cycle 34.268ms
[32.391s][info][gc] GC(1785) To-space exhausted
[32.392s][info][gc] GC(1785) Pause Young (Normal) (G1 Evacuation Pause) 15M->15M(16M) 0.811ms
[32.437s][info][gc] GC(1786) Pause Full (G1 Compaction Pause) 15M->14M(16M) 44.949ms
[32.445s][info][gc] GC(1787) To-space exhausted
[32.445s][info][gc] GC(1787) Pause Young (Concurrent Start) (G1 Evacuation Pause) 15M->15M(16M) 1.171ms
[32.445s][info][gc] GC(1789) Concurrent Mark Cycle
[32.490s][info][gc] GC(1788) Pause Full (G1 Compaction Pause) 15M->14M(16M) 45.372ms
[32.490s][info][gc] GC(1789) Concurrent Mark Cycle 45.655ms
[32.497s][info][gc] GC(1790) To-space exhausted
[32.497s][info][gc] GC(1790) Pause Young (Normal) (G1 Evacuation Pause) 15M->15M(16M) 1.085ms
[32.532s][info][gc] GC(1791) Pause Full (G1 Compaction Pause) 15M->14M(16M) 34.326ms
[32.539s][info][gc] GC(1792) To-space exhausted
[32.539s][info][gc] GC(1792) Pause Young (Concurrent Start) (G1 Evacuation Pause) 15M->15M(16M) 0.966ms
[32.539s][info][gc] GC(1794) Concurrent Mark Cycle
[32.576s][info][gc] GC(1793) Pause Full (G1 Compaction Pause) 15M->14M(16M) 37.473ms
[32.576s][info][gc] GC(1794) Concurrent Mark Cycle 37.688ms
[32.583s][info][gc] GC(1795) To-space exhausted
[32.583s][info][gc] GC(1795) Pause Young (Normal) (G1 Evacuation Pause) 15M->15M(16M) 1.034ms
[32.618s][info][gc] GC(1796) Pause Full (G1 Compaction Pause) 15M->14M(16M) 34.522ms
[32.625s][info][gc] GC(1797) To-space exhausted
[32.625s][info][gc] GC(1797) Pause Young (Concurrent Start) (G1 Evacuation Pause) 15M->15M(16M) 1.216ms
[32.625s][info][gc] GC(1799) Concurrent Mark Cycle
[32.660s][info][gc] GC(1798) Pause Full (G1 Compaction Pause) 15M->14M(16M) 34.441ms
[32.660s][info][gc] GC(1799) Concurrent Mark Cycle 34.662ms
[32.667s][info][gc] GC(1800) To-space exhausted
[32.667s][info][gc] GC(1800) Pause Young (Normal) (G1 Evacuation Pause) 15M->15M(16M) 0.991ms
[32.712s][info][gc] GC(1801) Pause Full (G1 Compaction Pause) 15M->14M(16M) 44.675ms
[32.719s][info][gc] GC(1802) To-space exhausted
[32.720s][info][gc] GC(1802) Pause Young (Concurrent Start) (G1 Evacuation Pause) 15M->15M(16M) 1.199ms
[32.720s][info][gc] GC(1804) Concurrent Mark Cycle
[32.765s][info][gc] GC(1803) Pause Full (G1 Compaction Pause) 15M->14M(16M) 45.319ms
[32.765s][info][gc] GC(1804) Concurrent Mark Cycle 45.683ms
[32.776s][info][gc] GC(1805) To-space exhausted
[32.776s][info][gc] GC(1805) Pause Young (Normal) (G1 Evacuation Pause) 15M->15M(16M) 0.965ms
[32.815s][info][gc] GC(1806) Pause Full (G1 Compaction Pause) 15M->14M(16M) 39.242ms
[32.823s][info][gc] GC(1807) To-space exhausted
[32.823s][info][gc] GC(1807) Pause Young (Concurrent Start) (G1 Evacuation Pause) 15M->15M(16M) 0.997ms
[32.823s][info][gc] GC(1809) Concurrent Mark Cycle
[32.862s][info][gc] GC(1808) Pause Full (G1 Compaction Pause) 15M->14M(16M) 39.465ms
[32.863s][info][gc] GC(1809) Concurrent Mark Cycle 39.701ms
[32.869s][info][gc] GC(1810) To-space exhausted
[32.869s][info][gc] GC(1810) Pause Young (Normal) (G1 Evacuation Pause) 15M->15M(16M) 0.893ms
[32.909s][info][gc] GC(1811) Pause Full (G1 Compaction Pause) 15M->14M(16M) 40.544ms
[32.916s][info][gc] GC(1812) To-space exhausted
[32.916s][info][gc] GC(1812) Pause Young (Concurrent Start) (G1 Evacuation Pause) 15M->15M(16M) 1.047ms
[32.916s][info][gc] GC(1814) Concurrent Mark Cycle
[32.951s][info][gc] GC(1813) Pause Full (G1 Compaction Pause) 15M->14M(16M) 34.471ms
[32.951s][info][gc] GC(1814) Concurrent Mark Cycle 34.708ms
[32.956s][info][gc] GC(1815) To-space exhausted
[32.957s][info][gc] GC(1815) Pause Young (Normal) (G1 Evacuation Pause) 15M->15M(16M) 0.885ms
[32.993s][info][gc] GC(1816) Pause Full (G1 Compaction Pause) 15M->14M(16M) 36.217ms
[32.999s][info][gc] GC(1817) To-space exhausted
[32.999s][info][gc] GC(1817) Pause Young (Concurrent Start) (G1 Evacuation Pause) 15M->15M(16M) 1.291ms
[32.999s][info][gc] GC(1819) Concurrent Mark Cycle
[33.035s][info][gc] GC(1818) Pause Full (G1 Compaction Pause) 15M->14M(16M) 35.280ms
[33.035s][info][gc] GC(1819) Concurrent Mark Cycle 35.502ms
[33.042s][info][gc] GC(1820) To-space exhausted
[33.042s][info][gc] GC(1820) Pause Young (Normal) (G1 Evacuation Pause) 15M->15M(16M) 1.418ms
[33.079s][info][gc] GC(1821) Pause Full (G1 Compaction Pause) 15M->14M(16M) 37.207ms
[33.088s][info][gc] GC(1822) To-space exhausted
[33.088s][info][gc] GC(1822) Pause Young (Concurrent Start) (G1 Evacuation Pause) 15M->15M(16M) 1.433ms
[33.088s][info][gc] GC(1824) Concurrent Mark Cycle
[33.123s][info][gc] GC(1823) Pause Full (G1 Compaction Pause) 15M->14M(16M) 34.726ms
[33.123s][info][gc] GC(1824) Concurrent Mark Cycle 34.958ms
[33.130s][info][gc] GC(1825) To-space exhausted
[33.130s][info][gc] GC(1825) Pause Young (Normal) (G1 Evacuation Pause) 15M->15M(16M) 1.199ms
[33.170s][info][gc] GC(1826) Pause Full (G1 Compaction Pause) 15M->14M(16M) 39.223ms
[33.177s][info][gc] GC(1827) To-space exhausted
[33.177s][info][gc] GC(1827) Pause Young (Concurrent Start) (G1 Evacuation Pause) 15M->15M(16M) 1.001ms
[33.177s][info][gc] GC(1829) Concurrent Mark Cycle
[33.213s][info][gc] GC(1828) Pause Full (G1 Compaction Pause) 15M->14M(16M) 35.670ms
[33.213s][info][gc] GC(1829) Concurrent Mark Cycle 35.985ms
[33.220s][info][gc] GC(1830) To-space exhausted
[33.220s][info][gc] GC(1830) Pause Young (Normal) (G1 Evacuation Pause) 15M->15M(16M) 0.824ms
[33.254s][info][gc] GC(1831) Pause Full (G1 Compaction Pause) 15M->14M(16M) 34.501ms
[33.262s][info][gc] GC(1832) To-space exhausted
[33.262s][info][gc] GC(1832) Pause Young (Concurrent Start) (G1 Evacuation Pause) 15M->15M(16M) 1.297ms
[33.262s][info][gc] GC(1834) Concurrent Mark Cycle
[33.305s][info][gc] GC(1833) Pause Full (G1 Compaction Pause) 15M->14M(16M) 42.882ms
[33.306s][info][gc] GC(1834) Concurrent Mark Cycle 43.184ms
[33.313s][info][gc] GC(1835) To-space exhausted
[33.313s][info][gc] GC(1835) Pause Young (Normal) (G1 Evacuation Pause) 15M->15M(16M) 0.922ms
[33.347s][info][gc] GC(1836) Pause Full (G1 Compaction Pause) 15M->14M(16M) 33.810ms
[33.353s][info][gc] GC(1837) To-space exhausted
[33.354s][info][gc] GC(1837) Pause Young (Concurrent Start) (G1 Evacuation Pause) 15M->15M(16M) 1.228ms
[33.354s][info][gc] GC(1839) Concurrent Mark Cycle
[33.390s][info][gc] GC(1838) Pause Full (G1 Compaction Pause) 15M->14M(16M) 36.400ms
[33.390s][info][gc] GC(1839) Concurrent Mark Cycle 36.630ms
[33.397s][info][gc] GC(1840) To-space exhausted
[33.397s][info][gc] GC(1840) Pause Young (Normal) (G1 Evacuation Pause) 15M->15M(16M) 0.919ms
[33.432s][info][gc] GC(1841) Pause Full (G1 Compaction Pause) 15M->14M(16M) 35.188ms
[33.440s][info][gc] GC(1842) To-space exhausted
[33.440s][info][gc] GC(1842) Pause Young (Concurrent Start) (G1 Evacuation Pause) 15M->15M(16M) 1.031ms
[33.440s][info][gc] GC(1844) Concurrent Mark Cycle
[33.476s][info][gc] GC(1843) Pause Full (G1 Compaction Pause) 15M->14M(16M) 36.034ms
[33.476s][info][gc] GC(1844) Concurrent Mark Cycle 36.282ms
[33.486s][info][gc] GC(1845) To-space exhausted
[33.486s][info][gc] GC(1845) Pause Young (Normal) (G1 Evacuation Pause) 15M->15M(16M) 1.175ms
[33.522s][info][gc] GC(1846) Pause Full (G1 Compaction Pause) 15M->14M(16M) 36.539ms
[33.529s][info][gc] GC(1847) To-space exhausted
[33.529s][info][gc] GC(1847) Pause Young (Concurrent Start) (G1 Evacuation Pause) 15M->15M(16M) 0.841ms
[33.529s][info][gc] GC(1849) Concurrent Mark Cycle
[33.562s][info][gc] GC(1848) Pause Full (G1 Compaction Pause) 15M->14M(16M) 33.554ms
[33.563s][info][gc] GC(1849) Concurrent Mark Cycle 33.817ms
[33.569s][info][gc] GC(1850) To-space exhausted
[33.569s][info][gc] GC(1850) Pause Young (Normal) (G1 Evacuation Pause) 15M->15M(16M) 0.900ms
[33.604s][info][gc] GC(1851) Pause Full (G1 Compaction Pause) 15M->14M(16M) 35.182ms
[33.611s][info][gc] GC(1852) To-space exhausted
[33.611s][info][gc] GC(1852) Pause Young (Concurrent Start) (G1 Evacuation Pause) 15M->15M(16M) 1.190ms
[33.611s][info][gc] GC(1854) Concurrent Mark Cycle
[33.648s][info][gc] GC(1853) Pause Full (G1 Compaction Pause) 15M->14M(16M) 36.290ms
[33.648s][info][gc] GC(1854) Concurrent Mark Cycle 36.508ms
[33.654s][info][gc] GC(1855) To-space exhausted
[33.654s][info][gc] GC(1855) Pause Young (Normal) (G1 Evacuation Pause) 15M->15M(16M) 0.893ms
[33.694s][info][gc] GC(1856) Pause Full (G1 Compaction Pause) 15M->14M(16M) 40.350ms
[33.701s][info][gc] GC(1857) To-space exhausted
[33.701s][info][gc] GC(1857) Pause Young (Concurrent Start) (G1 Evacuation Pause) 15M->15M(16M) 1.058ms
[33.701s][info][gc] GC(1859) Concurrent Mark Cycle
[33.735s][info][gc] GC(1858) Pause Full (G1 Compaction Pause) 15M->14M(16M) 34.209ms
[33.735s][info][gc] GC(1859) Concurrent Mark Cycle 34.435ms
[33.742s][info][gc] GC(1860) To-space exhausted
[33.742s][info][gc] GC(1860) Pause Young (Normal) (G1 Evacuation Pause) 15M->15M(16M) 1.109ms
[33.778s][info][gc] GC(1861) Pause Full (G1 Compaction Pause) 15M->14M(16M) 35.981ms
[33.785s][info][gc] GC(1862) To-space exhausted
[33.785s][info][gc] GC(1862) Pause Young (Concurrent Start) (G1 Evacuation Pause) 15M->15M(16M) 0.919ms
[33.786s][info][gc] GC(1864) Concurrent Mark Cycle
[33.820s][info][gc] GC(1863) Pause Full (G1 Compaction Pause) 15M->14M(16M) 34.734ms
[33.820s][info][gc] GC(1864) Concurrent Mark Cycle 34.947ms
[33.827s][info][gc] GC(1865) To-space exhausted
[33.827s][info][gc] GC(1865) Pause Young (Normal) (G1 Evacuation Pause) 15M->15M(16M) 0.801ms
[33.861s][info][gc] GC(1866) Pause Full (G1 Compaction Pause) 15M->14M(16M) 34.183ms
[33.868s][info][gc] GC(1867) To-space exhausted
[33.868s][info][gc] GC(1867) Pause Young (Concurrent Start) (G1 Evacuation Pause) 15M->15M(16M) 1.124ms
[33.868s][info][gc] GC(1869) Concurrent Mark Cycle
[33.907s][info][gc] GC(1868) Pause Full (G1 Compaction Pause) 15M->14M(16M) 38.579ms
[33.907s][info][gc] GC(1869) Concurrent Mark Cycle 38.854ms
[33.914s][info][gc] GC(1870) To-space exhausted
[33.915s][info][gc] GC(1870) Pause Young (Normal) (G1 Evacuation Pause) 15M->15M(16M) 0.962ms
[33.958s][info][gc] GC(1871) Pause Full (G1 Compaction Pause) 15M->14M(16M) 43.043ms
[33.966s][info][gc] GC(1872) To-space exhausted
[33.966s][info][gc] GC(1872) Pause Young (Concurrent Start) (G1 Evacuation Pause) 15M->15M(16M) 1.013ms
[33.966s][info][gc] GC(1874) Concurrent Mark Cycle
[34.004s][info][gc] GC(1873) Pause Full (G1 Compaction Pause) 15M->14M(16M) 37.826ms
[34.004s][info][gc] GC(1874) Concurrent Mark Cycle 38.210ms
[34.012s][info][gc] GC(1875) To-space exhausted
[34.012s][info][gc] GC(1875) Pause Young (Normal) (G1 Evacuation Pause) 15M->15M(16M) 1.380ms
[34.054s][info][gc] GC(1876) Pause Full (G1 Compaction Pause) 15M->14M(16M) 42.121ms
[34.062s][info][gc] GC(1877) To-space exhausted
[34.062s][info][gc] GC(1877) Pause Young (Concurrent Start) (G1 Evacuation Pause) 15M->15M(16M) 1.424ms
[34.062s][info][gc] GC(1879) Concurrent Mark Cycle
[34.104s][info][gc] GC(1878) Pause Full (G1 Compaction Pause) 15M->14M(16M) 41.702ms
[34.104s][info][gc] GC(1879) Concurrent Mark Cycle 41.924ms
[34.110s][info][gc] GC(1880) To-space exhausted
[34.110s][info][gc] GC(1880) Pause Young (Normal) (G1 Evacuation Pause) 15M->15M(16M) 1.196ms
[34.149s][info][gc] GC(1881) Pause Full (G1 Compaction Pause) 15M->14M(16M) 38.212ms
[34.154s][info][gc] GC(1882) To-space exhausted
[34.155s][info][gc] GC(1882) Pause Young (Concurrent Start) (G1 Evacuation Pause) 15M->15M(16M) 0.971ms
[34.155s][info][gc] GC(1884) Concurrent Mark Cycle
[34.190s][info][gc] GC(1883) Pause Full (G1 Compaction Pause) 15M->14M(16M) 34.975ms
[34.190s][info][gc] GC(1884) Concurrent Mark Cycle 35.190ms
[34.196s][info][gc] GC(1885) To-space exhausted
[34.196s][info][gc] GC(1885) Pause Young (Normal) (G1 Evacuation Pause) 15M->15M(16M) 0.849ms
[34.236s][info][gc] GC(1886) Pause Full (G1 Compaction Pause) 15M->14M(16M) 39.562ms
[34.244s][info][gc] GC(1887) To-space exhausted
[34.244s][info][gc] GC(1887) Pause Young (Concurrent Start) (G1 Evacuation Pause) 15M->15M(16M) 1.042ms
[34.244s][info][gc] GC(1889) Concurrent Mark Cycle
[34.287s][info][gc] GC(1888) Pause Full (G1 Compaction Pause) 15M->14M(16M) 42.719ms
[34.287s][info][gc] GC(1889) Concurrent Mark Cycle 43.088ms
[34.296s][info][gc] GC(1890) To-space exhausted
[34.296s][info][gc] GC(1890) Pause Young (Normal) (G1 Evacuation Pause) 15M->15M(16M) 0.894ms
[34.331s][info][gc] GC(1891) Pause Full (G1 Compaction Pause) 15M->14M(16M) 34.958ms
[34.337s][info][gc] GC(1892) To-space exhausted
[34.337s][info][gc] GC(1892) Pause Young (Concurrent Start) (G1 Evacuation Pause) 15M->15M(16M) 0.987ms
[34.337s][info][gc] GC(1894) Concurrent Mark Cycle
[34.371s][info][gc] GC(1893) Pause Full (G1 Compaction Pause) 15M->14M(16M) 34.303ms
[34.371s][info][gc] GC(1894) Concurrent Mark Cycle 34.577ms
[34.378s][info][gc] GC(1895) To-space exhausted
[34.378s][info][gc] GC(1895) Pause Young (Normal) (G1 Evacuation Pause) 15M->15M(16M) 0.849ms
[34.414s][info][gc] GC(1896) Pause Full (G1 Compaction Pause) 15M->14M(16M) 35.958ms
[34.423s][info][gc] GC(1897) To-space exhausted
[34.423s][info][gc] GC(1897) Pause Young (Concurrent Start) (G1 Evacuation Pause) 15M->15M(16M) 1.175ms
[34.423s][info][gc] GC(1899) Concurrent Mark Cycle
[34.459s][info][gc] GC(1898) Pause Full (G1 Compaction Pause) 15M->14M(16M) 35.921ms
[34.459s][info][gc] GC(1899) Concurrent Mark Cycle 36.136ms
[34.466s][info][gc] GC(1900) To-space exhausted
[34.466s][info][gc] GC(1900) Pause Young (Normal) (G1 Evacuation Pause) 15M->15M(16M) 0.908ms
[34.511s][info][gc] GC(1901) Pause Full (G1 Compaction Pause) 15M->14M(16M) 44.261ms
[34.518s][info][gc] GC(1902) To-space exhausted
[34.518s][info][gc] GC(1902) Pause Young (Concurrent Start) (G1 Evacuation Pause) 15M->15M(16M) 1.128ms
[34.518s][info][gc] GC(1904) Concurrent Mark Cycle
[34.558s][info][gc] GC(1903) Pause Full (G1 Compaction Pause) 15M->14M(16M) 39.680ms
[34.558s][info][gc] GC(1904) Concurrent Mark Cycle 39.910ms
[34.566s][info][gc] GC(1905) To-space exhausted
[34.566s][info][gc] GC(1905) Pause Young (Normal) (G1 Evacuation Pause) 15M->15M(16M) 0.889ms
[34.605s][info][gc] GC(1906) Pause Full (G1 Compaction Pause) 15M->14M(16M) 39.689ms
[34.613s][info][gc] GC(1907) To-space exhausted
[34.613s][info][gc] GC(1907) Pause Young (Concurrent Start) (G1 Evacuation Pause) 15M->15M(16M) 1.278ms
[34.613s][info][gc] GC(1909) Concurrent Mark Cycle
[34.653s][info][gc] GC(1908) Pause Full (G1 Compaction Pause) 15M->14M(16M) 40.055ms
[34.654s][info][gc] GC(1909) Concurrent Mark Cycle 40.268ms
[34.660s][info][gc] GC(1910) To-space exhausted
[34.660s][info][gc] GC(1910) Pause Young (Normal) (G1 Evacuation Pause) 15M->15M(16M) 0.889ms
[34.710s][info][gc] GC(1911) Pause Full (G1 Compaction Pause) 15M->14M(16M) 49.112ms
[34.720s][info][gc] GC(1912) To-space exhausted
[34.720s][info][gc] GC(1912) Pause Young (Concurrent Start) (G1 Evacuation Pause) 15M->15M(16M) 1.427ms
[34.720s][info][gc] GC(1914) Concurrent Mark Cycle
[34.771s][info][gc] GC(1913) Pause Full (G1 Compaction Pause) 15M->14M(16M) 51.302ms
[34.771s][info][gc] GC(1914) Concurrent Mark Cycle 51.596ms
[34.779s][info][gc] GC(1915) To-space exhausted
[34.779s][info][gc] GC(1915) Pause Young (Normal) (G1 Evacuation Pause) 15M->15M(16M) 1.072ms
[34.821s][info][gc] GC(1916) Pause Full (G1 Compaction Pause) 15M->14M(16M) 41.757ms
[34.829s][info][gc] GC(1917) To-space exhausted
[34.829s][info][gc] GC(1917) Pause Young (Concurrent Start) (G1 Evacuation Pause) 15M->15M(16M) 1.072ms
[34.829s][info][gc] GC(1919) Concurrent Mark Cycle
[34.871s][info][gc] GC(1918) Pause Full (G1 Compaction Pause) 15M->14M(16M) 42.003ms
[34.872s][info][gc] GC(1919) Concurrent Mark Cycle 42.244ms
[34.879s][info][gc] GC(1920) To-space exhausted
[34.879s][info][gc] GC(1920) Pause Young (Normal) (G1 Evacuation Pause) 15M->15M(16M) 0.896ms
[34.931s][info][gc] GC(1921) Pause Full (G1 Compaction Pause) 15M->14M(16M) 51.944ms
[34.938s][info][gc] GC(1922) To-space exhausted
[34.938s][info][gc] GC(1922) Pause Young (Concurrent Start) (G1 Evacuation Pause) 15M->15M(16M) 1.142ms
[34.938s][info][gc] GC(1924) Concurrent Mark Cycle
[34.976s][info][gc] GC(1923) Pause Full (G1 Compaction Pause) 15M->14M(16M) 38.154ms
[34.976s][info][gc] GC(1924) Concurrent Mark Cycle 38.377ms
[34.984s][info][gc] GC(1925) To-space exhausted
[34.984s][info][gc] GC(1925) Pause Young (Normal) (G1 Evacuation Pause) 15M->15M(16M) 1.002ms
[35.023s][info][gc] GC(1926) Pause Full (G1 Compaction Pause) 15M->14M(16M) 39.253ms
[35.030s][info][gc] GC(1927) To-space exhausted
[35.030s][info][gc] GC(1927) Pause Young (Concurrent Start) (G1 Evacuation Pause) 15M->15M(16M) 1.220ms
[35.030s][info][gc] GC(1929) Concurrent Mark Cycle
[35.077s][info][gc] GC(1928) Pause Full (G1 Compaction Pause) 15M->14M(16M) 46.777ms
[35.077s][info][gc] GC(1929) Concurrent Mark Cycle 47.138ms
[35.085s][info][gc] GC(1930) To-space exhausted
[35.085s][info][gc] GC(1930) Pause Young (Normal) (G1 Evacuation Pause) 15M->15M(16M) 1.225ms
[35.132s][info][gc] GC(1931) Pause Full (G1 Compaction Pause) 15M->14M(16M) 47.012ms
[35.139s][info][gc] GC(1932) To-space exhausted
[35.139s][info][gc] GC(1932) Pause Young (Concurrent Start) (G1 Evacuation Pause) 15M->15M(16M) 1.623ms
[35.139s][info][gc] GC(1934) Concurrent Mark Cycle
[35.178s][info][gc] GC(1933) Pause Full (G1 Compaction Pause) 15M->14M(16M) 38.889ms
[35.179s][info][gc] GC(1934) Concurrent Mark Cycle 39.135ms
[35.187s][info][gc] GC(1935) To-space exhausted
[35.187s][info][gc] GC(1935) Pause Young (Normal) (G1 Evacuation Pause) 15M->15M(16M) 1.313ms
[35.232s][info][gc] GC(1936) Pause Full (G1 Compaction Pause) 15M->14M(16M) 45.169ms
[35.240s][info][gc] GC(1937) To-space exhausted
[35.240s][info][gc] GC(1937) Pause Young (Concurrent Start) (G1 Evacuation Pause) 15M->15M(16M) 1.073ms
[35.240s][info][gc] GC(1939) Concurrent Mark Cycle
[35.282s][info][gc] GC(1938) Pause Full (G1 Compaction Pause) 15M->14M(16M) 42.009ms
[35.282s][info][gc] GC(1939) Concurrent Mark Cycle 42.251ms
[35.295s][info][gc] GC(1940) To-space exhausted
[35.295s][info][gc] GC(1940) Pause Young (Normal) (G1 Evacuation Pause) 15M->15M(16M) 1.287ms
[35.335s][info][gc] GC(1941) Pause Full (G1 Compaction Pause) 15M->14M(16M) 40.288ms
[35.343s][info][gc] GC(1942) To-space exhausted
[35.343s][info][gc] GC(1942) Pause Young (Concurrent Start) (G1 Evacuation Pause) 15M->15M(16M) 1.001ms
[35.343s][info][gc] GC(1944) Concurrent Mark Cycle
[35.382s][info][gc] GC(1943) Pause Full (G1 Compaction Pause) 15M->14M(16M) 39.118ms
[35.382s][info][gc] GC(1944) Concurrent Mark Cycle 39.334ms
[35.389s][info][gc] GC(1945) To-space exhausted
[35.389s][info][gc] GC(1945) Pause Young (Normal) (G1 Evacuation Pause) 15M->15M(16M) 0.805ms
[35.428s][info][gc] GC(1946) Pause Full (G1 Compaction Pause) 15M->14M(16M) 39.210ms
[35.437s][info][gc] GC(1947) To-space exhausted
[35.437s][info][gc] GC(1947) Pause Young (Concurrent Start) (G1 Evacuation Pause) 15M->15M(16M) 1.496ms
[35.437s][info][gc] GC(1949) Concurrent Mark Cycle
[35.478s][info][gc] GC(1948) Pause Full (G1 Compaction Pause) 15M->14M(16M) 40.729ms
[35.479s][info][gc] GC(1949) Concurrent Mark Cycle 41.003ms
[35.487s][info][gc] GC(1950) To-space exhausted
[35.487s][info][gc] GC(1950) Pause Young (Normal) (G1 Evacuation Pause) 15M->15M(16M) 1.775ms
[35.537s][info][gc] GC(1951) Pause Full (G1 Compaction Pause) 15M->14M(16M) 49.055ms
[35.545s][info][gc] GC(1952) To-space exhausted
[35.545s][info][gc] GC(1952) Pause Young (Concurrent Start) (G1 Evacuation Pause) 15M->15M(16M) 1.148ms
[35.545s][info][gc] GC(1954) Concurrent Mark Cycle
[35.584s][info][gc] GC(1953) Pause Full (G1 Compaction Pause) 15M->14M(16M) 39.325ms
[35.585s][info][gc] GC(1954) Concurrent Mark Cycle 39.591ms
[35.592s][info][gc] GC(1955) To-space exhausted
[35.592s][info][gc] GC(1955) Pause Young (Normal) (G1 Evacuation Pause) 15M->15M(16M) 0.924ms
[35.631s][info][gc] GC(1956) Pause Full (G1 Compaction Pause) 15M->14M(16M) 38.872ms
[35.638s][info][gc] GC(1957) To-space exhausted
[35.638s][info][gc] GC(1957) Pause Young (Concurrent Start) (G1 Evacuation Pause) 15M->15M(16M) 1.270ms
[35.638s][info][gc] GC(1959) Concurrent Mark Cycle
[35.678s][info][gc] GC(1958) Pause Full (G1 Compaction Pause) 15M->14M(16M) 39.229ms
[35.678s][info][gc] GC(1959) Concurrent Mark Cycle 39.523ms
[35.685s][info][gc] GC(1960) To-space exhausted
[35.685s][info][gc] GC(1960) Pause Young (Normal) (G1 Evacuation Pause) 15M->15M(16M) 0.861ms
[35.731s][info][gc] GC(1961) Pause Full (G1 Compaction Pause) 15M->14M(16M) 46.177ms
[35.738s][info][gc] GC(1962) To-space exhausted
[35.738s][info][gc] GC(1962) Pause Young (Concurrent Start) (G1 Evacuation Pause) 15M->15M(16M) 1.353ms
[35.738s][info][gc] GC(1964) Concurrent Mark Cycle
[35.780s][info][gc] GC(1963) Pause Full (G1 Compaction Pause) 15M->14M(16M) 41.987ms
[35.781s][info][gc] GC(1964) Concurrent Mark Cycle 42.229ms
[35.789s][info][gc] GC(1965) To-space exhausted
[35.789s][info][gc] GC(1965) Pause Young (Normal) (G1 Evacuation Pause) 15M->15M(16M) 0.940ms
[35.833s][info][gc] GC(1966) Pause Full (G1 Compaction Pause) 15M->14M(16M) 44.280ms
[35.840s][info][gc] GC(1967) To-space exhausted
[35.840s][info][gc] GC(1967) Pause Young (Concurrent Start) (G1 Evacuation Pause) 15M->15M(16M) 1.312ms
[35.840s][info][gc] GC(1969) Concurrent Mark Cycle
[35.883s][info][gc] GC(1968) Pause Full (G1 Compaction Pause) 15M->14M(16M) 42.069ms
[35.883s][info][gc] GC(1969) Concurrent Mark Cycle 42.296ms
[35.891s][info][gc] GC(1970) To-space exhausted
[35.891s][info][gc] GC(1970) Pause Young (Normal) (G1 Evacuation Pause) 15M->15M(16M) 1.165ms
[35.934s][info][gc] GC(1971) Pause Full (G1 Compaction Pause) 15M->14M(16M) 42.381ms
[35.942s][info][gc] GC(1972) To-space exhausted
[35.942s][info][gc] GC(1972) Pause Young (Concurrent Start) (G1 Evacuation Pause) 15M->15M(16M) 1.113ms
[35.942s][info][gc] GC(1974) Concurrent Mark Cycle
[35.982s][info][gc] GC(1973) Pause Full (G1 Compaction Pause) 15M->14M(16M) 39.988ms
[35.982s][info][gc] GC(1974) Concurrent Mark Cycle 40.224ms
[35.989s][info][gc] GC(1975) To-space exhausted
[35.989s][info][gc] GC(1975) Pause Young (Normal) (G1 Evacuation Pause) 15M->15M(16M) 1.062ms
[36.031s][info][gc] GC(1976) Pause Full (G1 Compaction Pause) 15M->14M(16M) 42.101ms
[36.040s][info][gc] GC(1977) To-space exhausted
[36.040s][info][gc] GC(1977) Pause Young (Concurrent Start) (G1 Evacuation Pause) 15M->15M(16M) 2.058ms
[36.040s][info][gc] GC(1979) Concurrent Mark Cycle
[36.084s][info][gc] GC(1978) Pause Full (G1 Compaction Pause) 15M->14M(16M) 43.637ms
[36.084s][info][gc] GC(1979) Concurrent Mark Cycle 43.933ms
[36.092s][info][gc] GC(1980) To-space exhausted
[36.092s][info][gc] GC(1980) Pause Young (Normal) (G1 Evacuation Pause) 15M->15M(16M) 1.932ms
[36.132s][info][gc] GC(1981) Pause Full (G1 Compaction Pause) 15M->14M(16M) 40.182ms
[36.139s][info][gc] GC(1982) To-space exhausted
[36.139s][info][gc] GC(1982) Pause Young (Concurrent Start) (G1 Evacuation Pause) 15M->15M(16M) 1.225ms
[36.139s][info][gc] GC(1984) Concurrent Mark Cycle
[36.182s][info][gc] GC(1983) Pause Full (G1 Compaction Pause) 15M->14M(16M) 42.843ms
[36.182s][info][gc] GC(1984) Concurrent Mark Cycle 43.064ms
[36.189s][info][gc] GC(1985) To-space exhausted
[36.189s][info][gc] GC(1985) Pause Young (Normal) (G1 Evacuation Pause) 15M->15M(16M) 1.098ms
[36.226s][info][gc] GC(1986) Pause Full (G1 Compaction Pause) 15M->14M(16M) 37.043ms
[36.234s][info][gc] GC(1987) To-space exhausted
[36.234s][info][gc] GC(1987) Pause Young (Concurrent Start) (G1 Evacuation Pause) 15M->15M(16M) 1.358ms
[36.235s][info][gc] GC(1989) Concurrent Mark Cycle
[36.276s][info][gc] GC(1988) Pause Full (G1 Compaction Pause) 15M->14M(16M) 41.477ms
[36.276s][info][gc] GC(1989) Concurrent Mark Cycle 41.765ms
[36.284s][info][gc] GC(1990) To-space exhausted
[36.284s][info][gc] GC(1990) Pause Young (Normal) (G1 Evacuation Pause) 15M->15M(16M) 1.007ms
[36.335s][info][gc] GC(1991) Pause Full (G1 Compaction Pause) 15M->14M(16M) 51.487ms
[36.344s][info][gc] GC(1992) To-space exhausted
[36.344s][info][gc] GC(1992) Pause Young (Concurrent Start) (G1 Evacuation Pause) 15M->15M(16M) 1.087ms
[36.344s][info][gc] GC(1994) Concurrent Mark Cycle
[36.389s][info][gc] GC(1993) Pause Full (G1 Compaction Pause) 15M->14M(16M) 44.737ms
[36.389s][info][gc] GC(1994) Concurrent Mark Cycle 44.949ms
[36.397s][info][gc] GC(1995) To-space exhausted
[36.397s][info][gc] GC(1995) Pause Young (Normal) (G1 Evacuation Pause) 15M->15M(16M) 1.016ms
[36.435s][info][gc] GC(1996) Pause Full (G1 Compaction Pause) 15M->14M(16M) 37.671ms
[36.443s][info][gc] GC(1997) To-space exhausted
[36.443s][info][gc] GC(1997) Pause Young (Concurrent Start) (G1 Evacuation Pause) 15M->15M(16M) 1.629ms
[36.443s][info][gc] GC(1999) Concurrent Mark Cycle
[36.481s][info][gc] GC(1998) Pause Full (G1 Compaction Pause) 15M->14M(16M) 37.413ms
[36.481s][info][gc] GC(1999) Concurrent Mark Cycle 37.656ms
[36.488s][info][gc] GC(2000) To-space exhausted
[36.488s][info][gc] GC(2000) Pause Young (Normal) (G1 Evacuation Pause) 15M->15M(16M) 1.078ms
[36.533s][info][gc] GC(2001) Pause Full (G1 Compaction Pause) 15M->14M(16M) 44.930ms
[36.542s][info][gc] GC(2002) To-space exhausted
[36.542s][info][gc] GC(2002) Pause Young (Concurrent Start) (G1 Evacuation Pause) 15M->15M(16M) 1.735ms
[36.542s][info][gc] GC(2004) Concurrent Mark Cycle
[36.582s][info][gc] GC(2003) Pause Full (G1 Compaction Pause) 15M->14M(16M) 40.049ms
[36.583s][info][gc] GC(2004) Concurrent Mark Cycle 40.444ms
[36.590s][info][gc] GC(2005) To-space exhausted
[36.590s][info][gc] GC(2005) Pause Young (Normal) (G1 Evacuation Pause) 15M->15M(16M) 1.007ms
[36.625s][info][gc] GC(2006) Pause Full (G1 Compaction Pause) 15M->14M(16M) 35.710ms
[36.633s][info][gc] GC(2007) To-space exhausted
[36.633s][info][gc] GC(2007) Pause Young (Concurrent Start) (G1 Evacuation Pause) 15M->15M(16M) 1.108ms
[36.633s][info][gc] GC(2009) Concurrent Mark Cycle
[36.682s][info][gc] GC(2008) Pause Full (G1 Compaction Pause) 15M->14M(16M) 49.659ms
[36.683s][info][gc] GC(2009) Concurrent Mark Cycle 49.926ms
[36.694s][info][gc] GC(2010) To-space exhausted
[36.694s][info][gc] GC(2010) Pause Young (Normal) (G1 Evacuation Pause) 15M->15M(16M) 1.663ms
[36.747s][info][gc] GC(2011) Pause Full (G1 Compaction Pause) 15M->14M(16M) 53.334ms
[36.762s][info][gc] GC(2012) To-space exhausted
[36.762s][info][gc] GC(2012) Pause Young (Concurrent Start) (G1 Evacuation Pause) 15M->15M(16M) 2.334ms
[36.762s][info][gc] GC(2014) Concurrent Mark Cycle
[36.822s][info][gc] GC(2013) Pause Full (G1 Compaction Pause) 15M->14M(16M) 59.779ms
[36.823s][info][gc] GC(2014) Concurrent Mark Cycle 60.087ms
[36.833s][info][gc] GC(2015) To-space exhausted
[36.833s][info][gc] GC(2015) Pause Young (Normal) (G1 Evacuation Pause) 15M->15M(16M) 1.627ms
[36.882s][info][gc] GC(2016) Pause Full (G1 Compaction Pause) 15M->14M(16M) 49.321ms
[36.890s][info][gc] GC(2017) To-space exhausted
[36.890s][info][gc] GC(2017) Pause Young (Concurrent Start) (G1 Evacuation Pause) 15M->15M(16M) 1.134ms
[36.890s][info][gc] GC(2019) Concurrent Mark Cycle
[36.940s][info][gc] GC(2018) Pause Full (G1 Compaction Pause) 15M->14M(16M) 49.865ms
[36.941s][info][gc] GC(2019) Concurrent Mark Cycle 50.102ms
[36.948s][info][gc] GC(2020) To-space exhausted
[36.948s][info][gc] GC(2020) Pause Young (Normal) (G1 Evacuation Pause) 15M->15M(16M) 0.986ms
[36.989s][info][gc] GC(2021) Pause Full (G1 Compaction Pause) 15M->14M(16M) 40.635ms
[36.997s][info][gc] GC(2022) To-space exhausted
[36.997s][info][gc] GC(2022) Pause Young (Concurrent Start) (G1 Evacuation Pause) 15M->15M(16M) 1.480ms
[36.997s][info][gc] GC(2024) Concurrent Mark Cycle
[37.036s][info][gc] GC(2023) Pause Full (G1 Compaction Pause) 15M->14M(16M) 38.762ms
[37.036s][info][gc] GC(2024) Concurrent Mark Cycle 39.003ms
[37.043s][info][gc] GC(2025) To-space exhausted
[37.043s][info][gc] GC(2025) Pause Young (Normal) (G1 Evacuation Pause) 15M->15M(16M) 1.543ms
[37.085s][info][gc] GC(2026) Pause Full (G1 Compaction Pause) 15M->14M(16M) 41.592ms
[37.093s][info][gc] GC(2027) To-space exhausted
[37.093s][info][gc] GC(2027) Pause Young (Concurrent Start) (G1 Evacuation Pause) 15M->15M(16M) 1.396ms
[37.093s][info][gc] GC(2029) Concurrent Mark Cycle
[37.137s][info][gc] GC(2028) Pause Full (G1 Compaction Pause) 15M->14M(16M) 43.667ms
[37.137s][info][gc] GC(2029) Concurrent Mark Cycle 43.906ms
[37.144s][info][gc] GC(2030) To-space exhausted
[37.144s][info][gc] GC(2030) Pause Young (Normal) (G1 Evacuation Pause) 15M->15M(16M) 1.344ms
[37.185s][info][gc] GC(2031) Pause Full (G1 Compaction Pause) 15M->14M(16M) 41.579ms
[37.193s][info][gc] GC(2032) To-space exhausted
[37.193s][info][gc] GC(2032) Pause Young (Concurrent Start) (G1 Evacuation Pause) 15M->15M(16M) 1.689ms
[37.193s][info][gc] GC(2034) Concurrent Mark Cycle
[37.240s][info][gc] GC(2033) Pause Full (G1 Compaction Pause) 15M->14M(16M) 47.099ms
[37.240s][info][gc] GC(2034) Concurrent Mark Cycle 47.342ms
[37.249s][info][gc] GC(2035) To-space exhausted
[37.249s][info][gc] GC(2035) Pause Young (Normal) (G1 Evacuation Pause) 15M->15M(16M) 1.058ms
[37.296s][info][gc] GC(2036) Pause Full (G1 Compaction Pause) 15M->14M(16M) 46.743ms
[37.309s][info][gc] GC(2037) To-space exhausted
[37.309s][info][gc] GC(2037) Pause Young (Concurrent Start) (G1 Evacuation Pause) 15M->15M(16M) 1.239ms
[37.309s][info][gc] GC(2039) Concurrent Mark Cycle
[37.352s][info][gc] GC(2038) Pause Full (G1 Compaction Pause) 15M->14M(16M) 42.322ms
[37.352s][info][gc] GC(2039) Concurrent Mark Cycle 42.632ms
[37.359s][info][gc] GC(2040) To-space exhausted
[37.359s][info][gc] GC(2040) Pause Young (Normal) (G1 Evacuation Pause) 15M->15M(16M) 0.987ms
[37.402s][info][gc] GC(2041) Pause Full (G1 Compaction Pause) 15M->14M(16M) 43.354ms
[37.410s][info][gc] GC(2042) To-space exhausted
[37.410s][info][gc] GC(2042) Pause Young (Concurrent Start) (G1 Evacuation Pause) 15M->15M(16M) 1.222ms
[37.410s][info][gc] GC(2044) Concurrent Mark Cycle
[37.450s][info][gc] GC(2043) Pause Full (G1 Compaction Pause) 15M->14M(16M) 40.528ms
[37.451s][info][gc] GC(2044) Concurrent Mark Cycle 40.759ms
[37.457s][info][gc] GC(2045) To-space exhausted
[37.457s][info][gc] GC(2045) Pause Young (Normal) (G1 Evacuation Pause) 15M->15M(16M) 1.084ms
[37.508s][info][gc] GC(2046) Pause Full (G1 Compaction Pause) 15M->14M(16M) 51.087ms
[37.515s][info][gc] GC(2047) To-space exhausted
[37.515s][info][gc] GC(2047) Pause Young (Concurrent Start) (G1 Evacuation Pause) 15M->15M(16M) 1.106ms
[37.515s][info][gc] GC(2049) Concurrent Mark Cycle
[37.557s][info][gc] GC(2048) Pause Full (G1 Compaction Pause) 15M->14M(16M) 41.466ms
[37.557s][info][gc] GC(2049) Concurrent Mark Cycle 41.689ms
[37.564s][info][gc] GC(2050) To-space exhausted
[37.564s][info][gc] GC(2050) Pause Young (Normal) (G1 Evacuation Pause) 15M->15M(16M) 0.819ms
[37.608s][info][gc] GC(2051) Pause Full (G1 Compaction Pause) 15M->14M(16M) 43.841ms
[37.616s][info][gc] GC(2052) To-space exhausted
[37.616s][info][gc] GC(2052) Pause Young (Concurrent Start) (G1 Evacuation Pause) 15M->15M(16M) 1.050ms
[37.616s][info][gc] GC(2054) Concurrent Mark Cycle
[37.656s][info][gc] GC(2053) Pause Full (G1 Compaction Pause) 15M->14M(16M) 40.587ms
[37.657s][info][gc] GC(2054) Concurrent Mark Cycle 40.852ms
[37.664s][info][gc] GC(2055) To-space exhausted
[37.664s][info][gc] GC(2055) Pause Young (Normal) (G1 Evacuation Pause) 15M->15M(16M) 0.843ms
[37.709s][info][gc] GC(2056) Pause Full (G1 Compaction Pause) 15M->14M(16M) 45.138ms
[37.716s][info][gc] GC(2057) To-space exhausted
[37.716s][info][gc] GC(2057) Pause Young (Concurrent Start) (G1 Evacuation Pause) 15M->15M(16M) 1.124ms
[37.716s][info][gc] GC(2059) Concurrent Mark Cycle
[37.752s][info][gc] GC(2058) Pause Full (G1 Compaction Pause) 15M->14M(16M) 35.437ms
[37.752s][info][gc] GC(2059) Concurrent Mark Cycle 35.698ms
[37.759s][info][gc] GC(2060) To-space exhausted
[37.759s][info][gc] GC(2060) Pause Young (Normal) (G1 Evacuation Pause) 15M->15M(16M) 1.069ms
[37.799s][info][gc] GC(2061) Pause Full (G1 Compaction Pause) 15M->14M(16M) 40.123ms
[37.807s][info][gc] GC(2062) To-space exhausted
[37.807s][info][gc] GC(2062) Pause Young (Concurrent Start) (G1 Evacuation Pause) 15M->15M(16M) 1.090ms
[37.807s][info][gc] GC(2064) Concurrent Mark Cycle
[37.846s][info][gc] GC(2063) Pause Full (G1 Compaction Pause) 15M->14M(16M) 39.111ms
[37.846s][info][gc] GC(2064) Concurrent Mark Cycle 39.318ms
[37.852s][info][gc] GC(2065) To-space exhausted
[37.852s][info][gc] GC(2065) Pause Young (Normal) (G1 Evacuation Pause) 15M->15M(16M) 0.945ms
[37.890s][info][gc] GC(2066) Pause Full (G1 Compaction Pause) 15M->14M(16M) 38.028ms
[37.899s][info][gc] GC(2067) To-space exhausted
[37.899s][info][gc] GC(2067) Pause Young (Concurrent Start) (G1 Evacuation Pause) 15M->15M(16M) 1.791ms
[37.899s][info][gc] GC(2069) Concurrent Mark Cycle
[37.940s][info][gc] GC(2068) Pause Full (G1 Compaction Pause) 15M->14M(16M) 41.009ms
[37.940s][info][gc] GC(2069) Concurrent Mark Cycle 41.402ms
[37.948s][info][gc] GC(2070) To-space exhausted
[37.948s][info][gc] GC(2070) Pause Young (Normal) (G1 Evacuation Pause) 15M->15M(16M) 1.007ms
[37.987s][info][gc] GC(2071) Pause Full (G1 Compaction Pause) 15M->14M(16M) 39.251ms
[37.994s][info][gc] GC(2072) To-space exhausted
[37.994s][info][gc] GC(2072) Pause Young (Concurrent Start) (G1 Evacuation Pause) 15M->15M(16M) 1.290ms
[37.994s][info][gc] GC(2074) Concurrent Mark Cycle
[38.031s][info][gc] GC(2073) Pause Full (G1 Compaction Pause) 15M->14M(16M) 37.454ms
[38.032s][info][gc] GC(2074) Concurrent Mark Cycle 37.705ms
[38.038s][info][gc] GC(2075) To-space exhausted
[38.039s][info][gc] GC(2075) Pause Young (Normal) (G1 Evacuation Pause) 15M->15M(16M) 1.371ms
[38.082s][info][gc] GC(2076) Pause Full (G1 Compaction Pause) 15M->14M(16M) 43.299ms
[38.088s][info][gc] GC(2077) To-space exhausted
[38.088s][info][gc] GC(2077) Pause Young (Concurrent Start) (G1 Evacuation Pause) 15M->15M(16M) 1.331ms
[38.088s][info][gc] GC(2079) Concurrent Mark Cycle
[38.133s][info][gc] GC(2078) Pause Full (G1 Compaction Pause) 15M->14M(16M) 45.303ms
[38.133s][info][gc] GC(2079) Concurrent Mark Cycle 45.542ms
[38.140s][info][gc] GC(2080) To-space exhausted
[38.140s][info][gc] GC(2080) Pause Young (Normal) (G1 Evacuation Pause) 15M->15M(16M) 1.042ms
[38.178s][info][gc] GC(2081) Pause Full (G1 Compaction Pause) 15M->14M(16M) 37.338ms
[38.185s][info][gc] GC(2082) To-space exhausted
[38.185s][info][gc] GC(2082) Pause Young (Concurrent Start) (G1 Evacuation Pause) 15M->15M(16M) 1.067ms
[38.185s][info][gc] GC(2084) Concurrent Mark Cycle
[38.232s][info][gc] GC(2083) Pause Full (G1 Compaction Pause) 15M->14M(16M) 46.609ms
[38.232s][info][gc] GC(2084) Concurrent Mark Cycle 46.814ms
[38.239s][info][gc] GC(2085) To-space exhausted
[38.239s][info][gc] GC(2085) Pause Young (Normal) (G1 Evacuation Pause) 15M->15M(16M) 1.099ms
[38.279s][info][gc] GC(2086) Pause Full (G1 Compaction Pause) 15M->14M(16M) 39.285ms
[38.287s][info][gc] GC(2087) To-space exhausted
[38.287s][info][gc] GC(2087) Pause Young (Concurrent Start) (G1 Evacuation Pause) 15M->15M(16M) 1.222ms
[38.287s][info][gc] GC(2089) Concurrent Mark Cycle
[38.335s][info][gc] GC(2088) Pause Full (G1 Compaction Pause) 15M->14M(16M) 47.861ms
[38.335s][info][gc] GC(2089) Concurrent Mark Cycle 48.078ms
[38.341s][info][gc] GC(2090) To-space exhausted
[38.341s][info][gc] GC(2090) Pause Young (Normal) (G1 Evacuation Pause) 15M->15M(16M) 1.046ms
[38.385s][info][gc] GC(2091) Pause Full (G1 Compaction Pause) 15M->14M(16M) 43.219ms
[38.392s][info][gc] GC(2092) To-space exhausted
[38.392s][info][gc] GC(2092) Pause Young (Concurrent Start) (G1 Evacuation Pause) 15M->15M(16M) 1.248ms
[38.392s][info][gc] GC(2094) Concurrent Mark Cycle
[38.439s][info][gc] GC(2093) Pause Full (G1 Compaction Pause) 15M->14M(16M) 47.268ms
[38.439s][info][gc] GC(2094) Concurrent Mark Cycle 47.512ms
[38.446s][info][gc] GC(2095) To-space exhausted
[38.446s][info][gc] GC(2095) Pause Young (Normal) (G1 Evacuation Pause) 15M->15M(16M) 1.081ms
[38.489s][info][gc] GC(2096) Pause Full (G1 Compaction Pause) 15M->14M(16M) 42.626ms
[38.497s][info][gc] GC(2097) To-space exhausted
[38.497s][info][gc] GC(2097) Pause Young (Concurrent Start) (G1 Evacuation Pause) 15M->15M(16M) 1.094ms
[38.497s][info][gc] GC(2099) Concurrent Mark Cycle
[38.546s][info][gc] GC(2098) Pause Full (G1 Compaction Pause) 15M->14M(16M) 48.676ms
[38.546s][info][gc] GC(2099) Concurrent Mark Cycle 48.929ms
[38.553s][info][gc] GC(2100) To-space exhausted
[38.553s][info][gc] GC(2100) Pause Young (Normal) (G1 Evacuation Pause) 15M->15M(16M) 0.970ms
[38.597s][info][gc] GC(2101) Pause Full (G1 Compaction Pause) 15M->14M(16M) 44.764ms
[38.605s][info][gc] GC(2102) To-space exhausted
[38.605s][info][gc] GC(2102) Pause Young (Concurrent Start) (G1 Evacuation Pause) 15M->15M(16M) 1.090ms
[38.605s][info][gc] GC(2104) Concurrent Mark Cycle
[38.646s][info][gc] GC(2103) Pause Full (G1 Compaction Pause) 15M->14M(16M) 40.501ms
[38.646s][info][gc] GC(2104) Concurrent Mark Cycle 40.719ms
[38.653s][info][gc] GC(2105) To-space exhausted
[38.653s][info][gc] GC(2105) Pause Young (Normal) (G1 Evacuation Pause) 15M->15M(16M) 0.962ms
[38.688s][info][gc] GC(2106) Pause Full (G1 Compaction Pause) 15M->14M(16M) 34.770ms
[38.695s][info][gc] GC(2107) To-space exhausted
[38.696s][info][gc] GC(2107) Pause Young (Concurrent Start) (G1 Evacuation Pause) 15M->15M(16M) 1.159ms
[38.696s][info][gc] GC(2109) Concurrent Mark Cycle
[38.741s][info][gc] GC(2108) Pause Full (G1 Compaction Pause) 15M->14M(16M) 45.014ms
[38.741s][info][gc] GC(2109) Concurrent Mark Cycle 45.284ms
[38.747s][info][gc] GC(2110) To-space exhausted
[38.748s][info][gc] GC(2110) Pause Young (Normal) (G1 Evacuation Pause) 15M->15M(16M) 0.870ms
[38.783s][info][gc] GC(2111) Pause Full (G1 Compaction Pause) 15M->14M(16M) 35.515ms
[38.790s][info][gc] GC(2112) To-space exhausted
[38.790s][info][gc] GC(2112) Pause Young (Concurrent Start) (G1 Evacuation Pause) 15M->15M(16M) 1.061ms
[38.790s][info][gc] GC(2114) Concurrent Mark Cycle
[38.826s][info][gc] GC(2113) Pause Full (G1 Compaction Pause) 15M->14M(16M) 36.062ms
[38.826s][info][gc] GC(2114) Concurrent Mark Cycle 36.278ms
[38.832s][info][gc] GC(2115) To-space exhausted
[38.832s][info][gc] GC(2115) Pause Young (Normal) (G1 Evacuation Pause) 15M->15M(16M) 0.847ms
[38.872s][info][gc] GC(2116) Pause Full (G1 Compaction Pause) 15M->14M(16M) 40.079ms
[38.879s][info][gc] GC(2117) To-space exhausted
[38.879s][info][gc] GC(2117) Pause Young (Concurrent Start) (G1 Evacuation Pause) 15M->15M(16M) 1.009ms
[38.879s][info][gc] GC(2119) Concurrent Mark Cycle
[38.927s][info][gc] GC(2118) Pause Full (G1 Compaction Pause) 15M->14M(16M) 48.122ms
[38.927s][info][gc] GC(2119) Concurrent Mark Cycle 48.346ms
[38.935s][info][gc] GC(2120) To-space exhausted
[38.935s][info][gc] GC(2120) Pause Young (Normal) (G1 Evacuation Pause) 15M->15M(16M) 1.004ms
[38.979s][info][gc] GC(2121) Pause Full (G1 Compaction Pause) 15M->14M(16M) 44.718ms
[38.986s][info][gc] GC(2122) To-space exhausted
[38.986s][info][gc] GC(2122) Pause Young (Concurrent Start) (G1 Evacuation Pause) 15M->15M(16M) 1.505ms
[38.986s][info][gc] GC(2124) Concurrent Mark Cycle
[39.027s][info][gc] GC(2123) Pause Full (G1 Compaction Pause) 15M->14M(16M) 40.995ms
[39.027s][info][gc] GC(2124) Concurrent Mark Cycle 41.250ms
[39.035s][info][gc] GC(2125) To-space exhausted
[39.035s][info][gc] GC(2125) Pause Young (Normal) (G1 Evacuation Pause) 15M->15M(16M) 1.600ms
[39.080s][info][gc] GC(2126) Pause Full (G1 Compaction Pause) 15M->14M(16M) 45.222ms
[39.088s][info][gc] GC(2127) To-space exhausted
[39.088s][info][gc] GC(2127) Pause Young (Concurrent Start) (G1 Evacuation Pause) 15M->15M(16M) 1.379ms
[39.088s][info][gc] GC(2129) Concurrent Mark Cycle
[39.131s][info][gc] GC(2128) Pause Full (G1 Compaction Pause) 15M->14M(16M) 42.604ms
[39.131s][info][gc] GC(2129) Concurrent Mark Cycle 42.862ms
[39.137s][info][gc] GC(2130) To-space exhausted
[39.137s][info][gc] GC(2130) Pause Young (Normal) (G1 Evacuation Pause) 15M->15M(16M) 1.146ms
[39.175s][info][gc] GC(2131) Pause Full (G1 Compaction Pause) 15M->14M(16M) 37.838ms
[39.184s][info][gc] GC(2132) To-space exhausted
[39.184s][info][gc] GC(2132) Pause Young (Concurrent Start) (G1 Evacuation Pause) 15M->15M(16M) 1.340ms
[39.184s][info][gc] GC(2134) Concurrent Mark Cycle
[39.223s][info][gc] GC(2133) Pause Full (G1 Compaction Pause) 15M->14M(16M) 39.615ms
[39.223s][info][gc] GC(2134) Concurrent Mark Cycle 39.838ms
[39.230s][info][gc] GC(2135) To-space exhausted
[39.230s][info][gc] GC(2135) Pause Young (Normal) (G1 Evacuation Pause) 15M->15M(16M) 0.822ms
[39.266s][info][gc] GC(2136) Pause Full (G1 Compaction Pause) 15M->14M(16M) 36.491ms
[39.273s][info][gc] GC(2137) To-space exhausted
[39.273s][info][gc] GC(2137) Pause Young (Concurrent Start) (G1 Evacuation Pause) 15M->15M(16M) 0.933ms
[39.273s][info][gc] GC(2139) Concurrent Mark Cycle
[39.316s][info][gc] GC(2138) Pause Full (G1 Compaction Pause) 15M->14M(16M) 42.368ms
[39.316s][info][gc] GC(2139) Concurrent Mark Cycle 42.597ms
[39.323s][info][gc] GC(2140) To-space exhausted
[39.323s][info][gc] GC(2140) Pause Young (Normal) (G1 Evacuation Pause) 15M->15M(16M) 1.157ms
[39.371s][info][gc] GC(2141) Pause Full (G1 Compaction Pause) 15M->14M(16M) 47.820ms
[39.379s][info][gc] GC(2142) To-space exhausted
[39.379s][info][gc] GC(2142) Pause Young (Concurrent Start) (G1 Evacuation Pause) 15M->15M(16M) 1.220ms
[39.379s][info][gc] GC(2144) Concurrent Mark Cycle
[39.426s][info][gc] GC(2143) Pause Full (G1 Compaction Pause) 15M->14M(16M) 46.109ms
[39.426s][info][gc] GC(2144) Concurrent Mark Cycle 46.427ms
[39.437s][info][gc] GC(2145) To-space exhausted
[39.437s][info][gc] GC(2145) Pause Young (Normal) (G1 Evacuation Pause) 15M->15M(16M) 1.263ms
[39.477s][info][gc] GC(2146) Pause Full (G1 Compaction Pause) 15M->14M(16M) 40.020ms
[39.485s][info][gc] GC(2147) To-space exhausted
[39.485s][info][gc] GC(2147) Pause Young (Concurrent Start) (G1 Evacuation Pause) 15M->15M(16M) 1.185ms
[39.485s][info][gc] GC(2149) Concurrent Mark Cycle
[39.532s][info][gc] GC(2148) Pause Full (G1 Compaction Pause) 15M->14M(16M) 46.739ms
[39.532s][info][gc] GC(2149) Concurrent Mark Cycle 46.975ms
[39.538s][info][gc] GC(2150) To-space exhausted
[39.539s][info][gc] GC(2150) Pause Young (Normal) (G1 Evacuation Pause) 15M->15M(16M) 0.838ms
[39.574s][info][gc] GC(2151) Pause Full (G1 Compaction Pause) 15M->14M(16M) 35.046ms
[39.580s][info][gc] GC(2152) To-space exhausted
[39.580s][info][gc] GC(2152) Pause Young (Concurrent Start) (G1 Evacuation Pause) 15M->15M(16M) 0.994ms
[39.581s][info][gc] GC(2154) Concurrent Mark Cycle
[39.615s][info][gc] GC(2153) Pause Full (G1 Compaction Pause) 15M->14M(16M) 34.892ms
[39.616s][info][gc] GC(2154) Concurrent Mark Cycle 35.131ms
[39.622s][info][gc] GC(2155) To-space exhausted
[39.622s][info][gc] GC(2155) Pause Young (Normal) (G1 Evacuation Pause) 15M->15M(16M) 0.901ms
[39.668s][info][gc] GC(2156) Pause Full (G1 Compaction Pause) 15M->14M(16M) 46.041ms
[39.676s][info][gc] GC(2157) To-space exhausted
[39.676s][info][gc] GC(2157) Pause Young (Concurrent Start) (G1 Evacuation Pause) 15M->15M(16M) 1.131ms
[39.676s][info][gc] GC(2159) Concurrent Mark Cycle
[39.722s][info][gc] GC(2158) Pause Full (G1 Compaction Pause) 15M->14M(16M) 46.237ms
[39.722s][info][gc] GC(2159) Concurrent Mark Cycle 46.463ms
[39.729s][info][gc] GC(2160) To-space exhausted
[39.729s][info][gc] GC(2160) Pause Young (Normal) (G1 Evacuation Pause) 15M->15M(16M) 0.892ms
[39.766s][info][gc] GC(2161) Pause Full (G1 Compaction Pause) 15M->14M(16M) 36.502ms
[39.772s][info][gc] GC(2162) To-space exhausted
[39.772s][info][gc] GC(2162) Pause Young (Concurrent Start) (G1 Evacuation Pause) 15M->15M(16M) 0.980ms
[39.772s][info][gc] GC(2164) Concurrent Mark Cycle
[39.806s][info][gc] GC(2163) Pause Full (G1 Compaction Pause) 15M->14M(16M) 34.031ms
[39.806s][info][gc] GC(2164) Concurrent Mark Cycle 34.257ms
[39.812s][info][gc] GC(2165) To-space exhausted
[39.812s][info][gc] GC(2165) Pause Young (Normal) (G1 Evacuation Pause) 15M->15M(16M) 0.911ms
[39.846s][info][gc] GC(2166) Pause Full (G1 Compaction Pause) 15M->14M(16M) 33.818ms
[39.853s][info][gc] GC(2167) To-space exhausted
[39.853s][info][gc] GC(2167) Pause Young (Concurrent Start) (G1 Evacuation Pause) 15M->15M(16M) 0.996ms
[39.853s][info][gc] GC(2169) Concurrent Mark Cycle
[39.888s][info][gc] GC(2168) Pause Full (G1 Compaction Pause) 15M->14M(16M) 35.669ms
[39.889s][info][gc] GC(2169) Concurrent Mark Cycle 35.893ms
[39.894s][info][gc] GC(2170) To-space exhausted
[39.894s][info][gc] GC(2170) Pause Young (Normal) (G1 Evacuation Pause) 15M->15M(16M) 0.889ms
[39.932s][info][gc] GC(2171) Pause Full (G1 Compaction Pause) 15M->14M(16M) 37.779ms
[39.938s][info][gc] GC(2172) To-space exhausted
[39.938s][info][gc] GC(2172) Pause Young (Concurrent Start) (G1 Evacuation Pause) 15M->15M(16M) 1.069ms
[39.938s][info][gc] GC(2174) Concurrent Mark Cycle
[39.971s][info][gc] GC(2173) Pause Full (G1 Compaction Pause) 15M->14M(16M) 33.300ms
[39.972s][info][gc] GC(2174) Concurrent Mark Cycle 33.616ms
[39.979s][info][gc] GC(2175) To-space exhausted
[39.979s][info][gc] GC(2175) Pause Young (Normal) (G1 Evacuation Pause) 15M->15M(16M) 1.025ms
[40.012s][info][gc] GC(2176) Pause Full (G1 Compaction Pause) 15M->14M(16M) 33.619ms
[40.018s][info][gc] GC(2177) To-space exhausted
[40.018s][info][gc] GC(2177) Pause Young (Concurrent Start) (G1 Evacuation Pause) 15M->15M(16M) 1.246ms
[40.018s][info][gc] GC(2179) Concurrent Mark Cycle
[40.055s][info][gc] GC(2178) Pause Full (G1 Compaction Pause) 15M->14M(16M) 37.248ms
[40.055s][info][gc] GC(2179) Concurrent Mark Cycle 37.504ms
[40.062s][info][gc] GC(2180) To-space exhausted
[40.062s][info][gc] GC(2180) Pause Young (Normal) (G1 Evacuation Pause) 15M->15M(16M) 0.930ms
[40.097s][info][gc] GC(2181) Pause Full (G1 Compaction Pause) 15M->14M(16M) 34.646ms
[40.103s][info][gc] GC(2182) To-space exhausted
[40.103s][info][gc] GC(2182) Pause Young (Concurrent Start) (G1 Evacuation Pause) 15M->15M(16M) 1.419ms
[40.103s][info][gc] GC(2184) Concurrent Mark Cycle
[40.142s][info][gc] GC(2183) Pause Full (G1 Compaction Pause) 15M->14M(16M) 39.191ms
[40.142s][info][gc] GC(2184) Concurrent Mark Cycle 39.403ms
[40.149s][info][gc] GC(2185) To-space exhausted
[40.149s][info][gc] GC(2185) Pause Young (Normal) (G1 Evacuation Pause) 15M->15M(16M) 1.041ms
[40.185s][info][gc] GC(2186) Pause Full (G1 Compaction Pause) 15M->14M(16M) 36.041ms
[40.190s][info][gc] GC(2187) To-space exhausted
[40.190s][info][gc] GC(2187) Pause Young (Concurrent Start) (G1 Evacuation Pause) 15M->15M(16M) 0.898ms
[40.191s][info][gc] GC(2189) Concurrent Mark Cycle
[40.223s][info][gc] GC(2188) Pause Full (G1 Compaction Pause) 15M->14M(16M) 32.918ms
[40.224s][info][gc] GC(2189) Concurrent Mark Cycle 33.182ms
[40.230s][info][gc] GC(2190) To-space exhausted
[40.230s][info][gc] GC(2190) Pause Young (Normal) (G1 Evacuation Pause) 15M->15M(16M) 0.907ms
[40.264s][info][gc] GC(2191) Pause Full (G1 Compaction Pause) 15M->14M(16M) 34.365ms
[40.271s][info][gc] GC(2192) To-space exhausted
[40.271s][info][gc] GC(2192) Pause Young (Concurrent Start) (G1 Evacuation Pause) 15M->15M(16M) 0.889ms
[40.271s][info][gc] GC(2194) Concurrent Mark Cycle
[40.307s][info][gc] GC(2193) Pause Full (G1 Compaction Pause) 15M->14M(16M) 35.955ms
[40.307s][info][gc] GC(2194) Concurrent Mark Cycle 36.239ms
[40.317s][info][gc] GC(2195) To-space exhausted
[40.317s][info][gc] GC(2195) Pause Young (Normal) (G1 Evacuation Pause) 15M->15M(16M) 0.955ms
[40.354s][info][gc] GC(2196) Pause Full (G1 Compaction Pause) 15M->14M(16M) 36.835ms
[40.360s][info][gc] GC(2197) To-space exhausted
[40.360s][info][gc] GC(2197) Pause Young (Concurrent Start) (G1 Evacuation Pause) 15M->15M(16M) 1.002ms
[40.360s][info][gc] GC(2199) Concurrent Mark Cycle
[40.393s][info][gc] GC(2198) Pause Full (G1 Compaction Pause) 15M->14M(16M) 33.017ms
[40.394s][info][gc] GC(2199) Concurrent Mark Cycle 33.258ms
[40.399s][info][gc] GC(2200) To-space exhausted
[40.399s][info][gc] GC(2200) Pause Young (Normal) (G1 Evacuation Pause) 15M->15M(16M) 0.750ms
[40.434s][info][gc] GC(2201) Pause Full (G1 Compaction Pause) 15M->14M(16M) 34.454ms
[40.440s][info][gc] GC(2202) To-space exhausted
[40.440s][info][gc] GC(2202) Pause Young (Concurrent Start) (G1 Evacuation Pause) 15M->15M(16M) 1.146ms
[40.440s][info][gc] GC(2204) Concurrent Mark Cycle
[40.479s][info][gc] GC(2203) Pause Full (G1 Compaction Pause) 15M->14M(16M) 38.467ms
[40.479s][info][gc] GC(2204) Concurrent Mark Cycle 38.825ms
[40.486s][info][gc] GC(2205) To-space exhausted
[40.486s][info][gc] GC(2205) Pause Young (Normal) (G1 Evacuation Pause) 15M->15M(16M) 0.970ms
[40.528s][info][gc] GC(2206) Pause Full (G1 Compaction Pause) 15M->14M(16M) 42.087ms
[40.535s][info][gc] GC(2207) To-space exhausted
[40.535s][info][gc] GC(2207) Pause Young (Concurrent Start) (G1 Evacuation Pause) 15M->15M(16M) 1.126ms
[40.535s][info][gc] GC(2209) Concurrent Mark Cycle
[40.573s][info][gc] GC(2208) Pause Full (G1 Compaction Pause) 15M->14M(16M) 37.853ms
[40.573s][info][gc] GC(2209) Concurrent Mark Cycle 38.065ms
[40.579s][info][gc] GC(2210) To-space exhausted
[40.579s][info][gc] GC(2210) Pause Young (Normal) (G1 Evacuation Pause) 15M->15M(16M) 0.834ms
[40.612s][info][gc] GC(2211) Pause Full (G1 Compaction Pause) 15M->14M(16M) 33.679ms
[40.619s][info][gc] GC(2212) To-space exhausted
[40.619s][info][gc] GC(2212) Pause Young (Concurrent Start) (G1 Evacuation Pause) 15M->15M(16M) 0.991ms
[40.619s][info][gc] GC(2214) Concurrent Mark Cycle
[40.653s][info][gc] GC(2213) Pause Full (G1 Compaction Pause) 15M->14M(16M) 33.769ms
[40.653s][info][gc] GC(2214) Concurrent Mark Cycle 33.970ms
[40.659s][info][gc] GC(2215) To-space exhausted
[40.659s][info][gc] GC(2215) Pause Young (Normal) (G1 Evacuation Pause) 15M->15M(16M) 0.908ms
[40.693s][info][gc] GC(2216) Pause Full (G1 Compaction Pause) 15M->14M(16M) 33.641ms
[40.699s][info][gc] GC(2217) To-space exhausted
[40.699s][info][gc] GC(2217) Pause Young (Concurrent Start) (G1 Evacuation Pause) 15M->15M(16M) 0.921ms
[40.699s][info][gc] GC(2219) Concurrent Mark Cycle
[40.737s][info][gc] GC(2218) Pause Full (G1 Compaction Pause) 15M->14M(16M) 38.156ms
[40.737s][info][gc] GC(2219) Concurrent Mark Cycle 38.368ms
[40.743s][info][gc] GC(2220) To-space exhausted
[40.744s][info][gc] GC(2220) Pause Young (Normal) (G1 Evacuation Pause) 15M->15M(16M) 1.105ms
[40.777s][info][gc] GC(2221) Pause Full (G1 Compaction Pause) 15M->14M(16M) 33.002ms
[40.783s][info][gc] GC(2222) To-space exhausted
[40.783s][info][gc] GC(2222) Pause Young (Concurrent Start) (G1 Evacuation Pause) 15M->15M(16M) 1.021ms
[40.783s][info][gc] GC(2224) Concurrent Mark Cycle
[40.819s][info][gc] GC(2223) Pause Full (G1 Compaction Pause) 15M->14M(16M) 35.143ms
[40.819s][info][gc] GC(2224) Concurrent Mark Cycle 35.458ms
[40.825s][info][gc] GC(2225) To-space exhausted
[40.825s][info][gc] GC(2225) Pause Young (Normal) (G1 Evacuation Pause) 15M->15M(16M) 0.867ms
[40.864s][info][gc] GC(2226) Pause Full (G1 Compaction Pause) 15M->14M(16M) 38.572ms
[40.872s][info][gc] GC(2227) To-space exhausted
[40.872s][info][gc] GC(2227) Pause Young (Concurrent Start) (G1 Evacuation Pause) 15M->15M(16M) 1.154ms
[40.872s][info][gc] GC(2229) Concurrent Mark Cycle
[40.910s][info][gc] GC(2228) Pause Full (G1 Compaction Pause) 15M->14M(16M) 38.384ms
[40.911s][info][gc] GC(2229) Concurrent Mark Cycle 39.562ms
[40.918s][info][gc] GC(2230) To-space exhausted
[40.918s][info][gc] GC(2230) Pause Young (Normal) (G1 Evacuation Pause) 15M->15M(16M) 0.771ms
[40.952s][info][gc] GC(2231) Pause Full (G1 Compaction Pause) 15M->14M(16M) 33.573ms
[40.958s][info][gc] GC(2232) To-space exhausted
[40.958s][info][gc] GC(2232) Pause Young (Concurrent Start) (G1 Evacuation Pause) 15M->15M(16M) 1.175ms
[40.958s][info][gc] GC(2234) Concurrent Mark Cycle
[40.996s][info][gc] GC(2233) Pause Full (G1 Compaction Pause) 15M->14M(16M) 37.680ms
[40.996s][info][gc] GC(2234) Concurrent Mark Cycle 37.873ms
[41.002s][info][gc] GC(2235) To-space exhausted
[41.002s][info][gc] GC(2235) Pause Young (Normal) (G1 Evacuation Pause) 15M->15M(16M) 1.188ms
[41.045s][info][gc] GC(2236) Pause Full (G1 Compaction Pause) 15M->14M(16M) 42.190ms
[41.052s][info][gc] GC(2237) To-space exhausted
[41.052s][info][gc] GC(2237) Pause Young (Concurrent Start) (G1 Evacuation Pause) 15M->15M(16M) 1.464ms
[41.052s][info][gc] GC(2239) Concurrent Mark Cycle
[41.099s][info][gc] GC(2238) Pause Full (G1 Compaction Pause) 15M->14M(16M) 46.152ms
[41.099s][info][gc] GC(2239) Concurrent Mark Cycle 46.353ms
[41.106s][info][gc] GC(2240) To-space exhausted
[41.106s][info][gc] GC(2240) Pause Young (Normal) (G1 Evacuation Pause) 15M->15M(16M) 1.345ms
[41.152s][info][gc] GC(2241) Pause Full (G1 Compaction Pause) 15M->14M(16M) 45.681ms
[41.159s][info][gc] GC(2242) To-space exhausted
[41.159s][info][gc] GC(2242) Pause Young (Concurrent Start) (G1 Evacuation Pause) 15M->15M(16M) 1.177ms
[41.159s][info][gc] GC(2244) Concurrent Mark Cycle
[41.202s][info][gc] GC(2243) Pause Full (G1 Compaction Pause) 15M->14M(16M) 43.531ms
[41.202s][info][gc] GC(2244) Concurrent Mark Cycle 43.733ms
[41.209s][info][gc] GC(2245) To-space exhausted
[41.209s][info][gc] GC(2245) Pause Young (Normal) (G1 Evacuation Pause) 15M->15M(16M) 0.909ms
[41.246s][info][gc] GC(2246) Pause Full (G1 Compaction Pause) 15M->14M(16M) 36.642ms
[41.252s][info][gc] GC(2247) To-space exhausted
[41.252s][info][gc] GC(2247) Pause Young (Concurrent Start) (G1 Evacuation Pause) 15M->15M(16M) 1.010ms
[41.252s][info][gc] GC(2249) Concurrent Mark Cycle
[41.287s][info][gc] GC(2248) Pause Full (G1 Compaction Pause) 15M->14M(16M) 35.011ms
[41.288s][info][gc] GC(2249) Concurrent Mark Cycle 35.258ms
[41.294s][info][gc] GC(2250) To-space exhausted
[41.294s][info][gc] GC(2250) Pause Young (Normal) (G1 Evacuation Pause) 15M->15M(16M) 0.925ms
[41.336s][info][gc] GC(2251) Pause Full (G1 Compaction Pause) 15M->14M(16M) 42.249ms
[41.343s][info][gc] GC(2252) To-space exhausted
[41.343s][info][gc] GC(2252) Pause Young (Concurrent Start) (G1 Evacuation Pause) 15M->15M(16M) 0.938ms
[41.343s][info][gc] GC(2254) Concurrent Mark Cycle
[41.377s][info][gc] GC(2253) Pause Full (G1 Compaction Pause) 15M->14M(16M) 33.856ms
[41.377s][info][gc] GC(2254) Concurrent Mark Cycle 34.151ms
[41.384s][info][gc] GC(2255) To-space exhausted
[41.384s][info][gc] GC(2255) Pause Young (Normal) (G1 Evacuation Pause) 15M->15M(16M) 0.837ms
[41.418s][info][gc] GC(2256) Pause Full (G1 Compaction Pause) 15M->14M(16M) 33.882ms
[41.425s][info][gc] GC(2257) To-space exhausted
[41.425s][info][gc] GC(2257) Pause Young (Concurrent Start) (G1 Evacuation Pause) 15M->15M(16M) 0.984ms
[41.425s][info][gc] GC(2259) Concurrent Mark Cycle
[41.459s][info][gc] GC(2258) Pause Full (G1 Compaction Pause) 15M->14M(16M) 34.515ms
[41.460s][info][gc] GC(2259) Concurrent Mark Cycle 34.833ms
[41.466s][info][gc] GC(2260) To-space exhausted
[41.466s][info][gc] GC(2260) Pause Young (Normal) (G1 Evacuation Pause) 15M->15M(16M) 0.912ms
[41.500s][info][gc] GC(2261) Pause Full (G1 Compaction Pause) 15M->14M(16M) 33.697ms
[41.506s][info][gc] GC(2262) To-space exhausted
[41.506s][info][gc] GC(2262) Pause Young (Concurrent Start) (G1 Evacuation Pause) 15M->15M(16M) 1.130ms
[41.506s][info][gc] GC(2264) Concurrent Mark Cycle
[41.547s][info][gc] GC(2263) Pause Full (G1 Compaction Pause) 15M->14M(16M) 40.743ms
[41.547s][info][gc] GC(2264) Concurrent Mark Cycle 40.988ms
[41.553s][info][gc] GC(2265) To-space exhausted
[41.553s][info][gc] GC(2265) Pause Young (Normal) (G1 Evacuation Pause) 15M->15M(16M) 0.710ms
[41.587s][info][gc] GC(2266) Pause Full (G1 Compaction Pause) 15M->14M(16M) 34.642ms
[41.594s][info][gc] GC(2267) To-space exhausted
[41.594s][info][gc] GC(2267) Pause Young (Concurrent Start) (G1 Evacuation Pause) 15M->15M(16M) 0.994ms
[41.594s][info][gc] GC(2269) Concurrent Mark Cycle
[41.628s][info][gc] GC(2268) Pause Full (G1 Compaction Pause) 15M->14M(16M) 33.972ms
[41.628s][info][gc] GC(2269) Concurrent Mark Cycle 34.190ms
[41.635s][info][gc] GC(2270) To-space exhausted
[41.635s][info][gc] GC(2270) Pause Young (Normal) (G1 Evacuation Pause) 15M->15M(16M) 0.861ms
[41.670s][info][gc] GC(2271) Pause Full (G1 Compaction Pause) 15M->14M(16M) 34.881ms
[41.676s][info][gc] GC(2272) To-space exhausted
[41.676s][info][gc] GC(2272) Pause Young (Concurrent Start) (G1 Evacuation Pause) 15M->15M(16M) 0.992ms
[41.676s][info][gc] GC(2274) Concurrent Mark Cycle
[41.712s][info][gc] GC(2273) Pause Full (G1 Compaction Pause) 15M->14M(16M) 35.956ms
[41.712s][info][gc] GC(2274) Concurrent Mark Cycle 36.252ms
[41.722s][info][gc] GC(2275) To-space exhausted
[41.722s][info][gc] GC(2275) Pause Young (Normal) (G1 Evacuation Pause) 15M->15M(16M) 0.950ms
[41.758s][info][gc] GC(2276) Pause Full (G1 Compaction Pause) 15M->14M(16M) 35.580ms
[41.764s][info][gc] GC(2277) To-space exhausted
[41.765s][info][gc] GC(2277) Pause Young (Concurrent Start) (G1 Evacuation Pause) 15M->15M(16M) 0.914ms
[41.765s][info][gc] GC(2279) Concurrent Mark Cycle
[41.799s][info][gc] GC(2278) Pause Full (G1 Compaction Pause) 15M->14M(16M) 33.946ms
[41.799s][info][gc] GC(2279) Concurrent Mark Cycle 34.168ms
[41.805s][info][gc] GC(2280) To-space exhausted
[41.805s][info][gc] GC(2280) Pause Young (Normal) (G1 Evacuation Pause) 15M->15M(16M) 0.895ms
[41.839s][info][gc] GC(2281) Pause Full (G1 Compaction Pause) 15M->14M(16M) 34.054ms
[41.845s][info][gc] GC(2282) To-space exhausted
[41.845s][info][gc] GC(2282) Pause Young (Concurrent Start) (G1 Evacuation Pause) 15M->15M(16M) 0.942ms
[41.845s][info][gc] GC(2284) Concurrent Mark Cycle
[41.877s][info][gc] GC(2283) Pause Full (G1 Compaction Pause) 15M->14M(16M) 32.280ms
[41.877s][info][gc] GC(2284) Concurrent Mark Cycle 32.507ms
[41.884s][info][gc] GC(2285) To-space exhausted
[41.884s][info][gc] GC(2285) Pause Young (Normal) (G1 Evacuation Pause) 15M->15M(16M) 0.835ms
[41.921s][info][gc] GC(2286) Pause Full (G1 Compaction Pause) 15M->14M(16M) 37.124ms
[41.927s][info][gc] GC(2287) To-space exhausted
[41.927s][info][gc] GC(2287) Pause Young (Concurrent Start) (G1 Evacuation Pause) 15M->15M(16M) 0.968ms
[41.927s][info][gc] GC(2289) Concurrent Mark Cycle
[41.962s][info][gc] GC(2288) Pause Full (G1 Compaction Pause) 15M->14M(16M) 34.976ms
[41.963s][info][gc] GC(2289) Concurrent Mark Cycle 35.262ms
[41.968s][info][gc] GC(2290) To-space exhausted
[41.968s][info][gc] GC(2290) Pause Young (Normal) (G1 Evacuation Pause) 15M->15M(16M) 0.705ms
[42.003s][info][gc] GC(2291) Pause Full (G1 Compaction Pause) 15M->14M(16M) 34.025ms
[42.009s][info][gc] GC(2292) To-space exhausted
[42.009s][info][gc] GC(2292) Pause Young (Concurrent Start) (G1 Evacuation Pause) 15M->15M(16M) 1.211ms
[42.009s][info][gc] GC(2294) Concurrent Mark Cycle
[42.043s][info][gc] GC(2293) Pause Full (G1 Compaction Pause) 15M->14M(16M) 33.411ms
[42.043s][info][gc] GC(2294) Concurrent Mark Cycle 33.625ms
[42.049s][info][gc] GC(2295) To-space exhausted
[42.049s][info][gc] GC(2295) Pause Young (Normal) (G1 Evacuation Pause) 15M->15M(16M) 1.220ms
[42.085s][info][gc] GC(2296) Pause Full (G1 Compaction Pause) 15M->14M(16M) 35.890ms
[42.092s][info][gc] GC(2297) To-space exhausted
[42.092s][info][gc] GC(2297) Pause Young (Concurrent Start) (G1 Evacuation Pause) 15M->15M(16M) 1.403ms
[42.092s][info][gc] GC(2299) Concurrent Mark Cycle
[42.144s][info][gc] GC(2298) Pause Full (G1 Compaction Pause) 15M->14M(16M) 51.526ms
[42.144s][info][gc] GC(2299) Concurrent Mark Cycle 51.881ms
[42.154s][info][gc] GC(2300) To-space exhausted
[42.154s][info][gc] GC(2300) Pause Young (Normal) (G1 Evacuation Pause) 15M->15M(16M) 1.015ms
[42.191s][info][gc] GC(2301) Pause Full (G1 Compaction Pause) 15M->14M(16M) 37.148ms
[42.198s][info][gc] GC(2302) To-space exhausted
[42.198s][info][gc] GC(2302) Pause Young (Concurrent Start) (G1 Evacuation Pause) 15M->15M(16M) 1.088ms
[42.198s][info][gc] GC(2304) Concurrent Mark Cycle
[42.234s][info][gc] GC(2303) Pause Full (G1 Compaction Pause) 15M->14M(16M) 35.697ms
[42.234s][info][gc] GC(2304) Concurrent Mark Cycle 35.939ms
[42.240s][info][gc] GC(2305) To-space exhausted
[42.240s][info][gc] GC(2305) Pause Young (Normal) (G1 Evacuation Pause) 15M->15M(16M) 0.968ms
[42.276s][info][gc] GC(2306) Pause Full (G1 Compaction Pause) 15M->14M(16M) 35.768ms
[42.285s][info][gc] GC(2307) To-space exhausted
[42.285s][info][gc] GC(2307) Pause Young (Concurrent Start) (G1 Evacuation Pause) 15M->15M(16M) 1.236ms
[42.285s][info][gc] GC(2309) Concurrent Mark Cycle
[42.326s][info][gc] GC(2308) Pause Full (G1 Compaction Pause) 15M->14M(16M) 41.190ms
[42.326s][info][gc] GC(2309) Concurrent Mark Cycle 41.396ms
[42.333s][info][gc] GC(2310) To-space exhausted
[42.333s][info][gc] GC(2310) Pause Young (Normal) (G1 Evacuation Pause) 15M->15M(16M) 0.855ms
[42.367s][info][gc] GC(2311) Pause Full (G1 Compaction Pause) 15M->14M(16M) 33.866ms
[42.373s][info][gc] GC(2312) To-space exhausted
[42.373s][info][gc] GC(2312) Pause Young (Concurrent Start) (G1 Evacuation Pause) 15M->15M(16M) 1.010ms
[42.373s][info][gc] GC(2314) Concurrent Mark Cycle
[42.407s][info][gc] GC(2313) Pause Full (G1 Compaction Pause) 15M->14M(16M) 34.163ms
[42.407s][info][gc] GC(2314) Concurrent Mark Cycle 34.383ms
[42.413s][info][gc] GC(2315) To-space exhausted
[42.413s][info][gc] GC(2315) Pause Young (Normal) (G1 Evacuation Pause) 15M->15M(16M) 1.003ms
[42.449s][info][gc] GC(2316) Pause Full (G1 Compaction Pause) 15M->14M(16M) 35.465ms
[42.455s][info][gc] GC(2317) To-space exhausted
[42.456s][info][gc] GC(2317) Pause Young (Concurrent Start) (G1 Evacuation Pause) 15M->15M(16M) 1.032ms
[42.456s][info][gc] GC(2319) Concurrent Mark Cycle
[42.489s][info][gc] GC(2318) Pause Full (G1 Compaction Pause) 15M->14M(16M) 33.081ms
[42.489s][info][gc] GC(2319) Concurrent Mark Cycle 33.294ms
[42.495s][info][gc] GC(2320) To-space exhausted
[42.495s][info][gc] GC(2320) Pause Young (Normal) (G1 Evacuation Pause) 15M->15M(16M) 0.730ms
[42.536s][info][gc] GC(2321) Pause Full (G1 Compaction Pause) 15M->14M(16M) 41.683ms
[42.543s][info][gc] GC(2322) To-space exhausted
[42.543s][info][gc] GC(2322) Pause Young (Concurrent Start) (G1 Evacuation Pause) 15M->15M(16M) 1.054ms
[42.543s][info][gc] GC(2324) Concurrent Mark Cycle
[42.588s][info][gc] GC(2323) Pause Full (G1 Compaction Pause) 15M->14M(16M) 44.195ms
[42.588s][info][gc] GC(2324) Concurrent Mark Cycle 44.441ms
[42.595s][info][gc] GC(2325) To-space exhausted
[42.595s][info][gc] GC(2325) Pause Young (Normal) (G1 Evacuation Pause) 15M->15M(16M) 0.855ms
[42.633s][info][gc] GC(2326) Pause Full (G1 Compaction Pause) 15M->14M(16M) 38.672ms
[42.640s][info][gc] GC(2327) To-space exhausted
[42.640s][info][gc] GC(2327) Pause Young (Concurrent Start) (G1 Evacuation Pause) 15M->15M(16M) 0.907ms
[42.640s][info][gc] GC(2329) Concurrent Mark Cycle
[42.677s][info][gc] GC(2328) Pause Full (G1 Compaction Pause) 15M->14M(16M) 36.437ms
[42.677s][info][gc] GC(2329) Concurrent Mark Cycle 36.639ms
[42.684s][info][gc] GC(2330) To-space exhausted
[42.684s][info][gc] GC(2330) Pause Young (Normal) (G1 Evacuation Pause) 15M->15M(16M) 0.961ms
[42.728s][info][gc] GC(2331) Pause Full (G1 Compaction Pause) 15M->14M(16M) 43.657ms
[42.734s][info][gc] GC(2332) To-space exhausted
[42.734s][info][gc] GC(2332) Pause Young (Concurrent Start) (G1 Evacuation Pause) 15M->15M(16M) 0.971ms
[42.734s][info][gc] GC(2334) Concurrent Mark Cycle
[42.770s][info][gc] GC(2333) Pause Full (G1 Compaction Pause) 15M->14M(16M) 35.553ms
[42.770s][info][gc] GC(2334) Concurrent Mark Cycle 35.873ms
[42.777s][info][gc] GC(2335) To-space exhausted
[42.777s][info][gc] GC(2335) Pause Young (Normal) (G1 Evacuation Pause) 15M->15M(16M) 0.952ms
[42.813s][info][gc] GC(2336) Pause Full (G1 Compaction Pause) 15M->14M(16M) 35.982ms
[42.820s][info][gc] GC(2337) To-space exhausted
[42.820s][info][gc] GC(2337) Pause Young (Concurrent Start) (G1 Evacuation Pause) 15M->15M(16M) 0.944ms
[42.820s][info][gc] GC(2339) Concurrent Mark Cycle
[42.858s][info][gc] GC(2338) Pause Full (G1 Compaction Pause) 15M->14M(16M) 38.212ms
[42.859s][info][gc] GC(2339) Concurrent Mark Cycle 38.476ms
[42.865s][info][gc] GC(2340) To-space exhausted
[42.865s][info][gc] GC(2340) Pause Young (Normal) (G1 Evacuation Pause) 15M->15M(16M) 1.008ms
[42.902s][info][gc] GC(2341) Pause Full (G1 Compaction Pause) 15M->14M(16M) 36.582ms
[42.908s][info][gc] GC(2342) To-space exhausted
[42.908s][info][gc] GC(2342) Pause Young (Concurrent Start) (G1 Evacuation Pause) 15M->15M(16M) 1.049ms
[42.909s][info][gc] GC(2344) Concurrent Mark Cycle
[42.946s][info][gc] GC(2343) Pause Full (G1 Compaction Pause) 15M->14M(16M) 37.461ms
[42.946s][info][gc] GC(2344) Concurrent Mark Cycle 37.668ms
[42.953s][info][gc] GC(2345) To-space exhausted
[42.953s][info][gc] GC(2345) Pause Young (Normal) (G1 Evacuation Pause) 15M->15M(16M) 1.117ms
[42.992s][info][gc] GC(2346) Pause Full (G1 Compaction Pause) 15M->14M(16M) 39.165ms
[43.000s][info][gc] GC(2347) To-space exhausted
[43.000s][info][gc] GC(2347) Pause Young (Concurrent Start) (G1 Evacuation Pause) 15M->15M(16M) 1.264ms
[43.000s][info][gc] GC(2349) Concurrent Mark Cycle
[43.046s][info][gc] GC(2348) Pause Full (G1 Compaction Pause) 15M->14M(16M) 45.457ms
[43.046s][info][gc] GC(2349) Concurrent Mark Cycle 45.703ms
[43.053s][info][gc] GC(2350) To-space exhausted
[43.053s][info][gc] GC(2350) Pause Young (Normal) (G1 Evacuation Pause) 15M->15M(16M) 1.353ms
[43.091s][info][gc] GC(2351) Pause Full (G1 Compaction Pause) 15M->14M(16M) 38.134ms
[43.097s][info][gc] GC(2352) To-space exhausted
[43.097s][info][gc] GC(2352) Pause Young (Concurrent Start) (G1 Evacuation Pause) 15M->15M(16M) 1.199ms
[43.098s][info][gc] GC(2354) Concurrent Mark Cycle
[43.140s][info][gc] GC(2353) Pause Full (G1 Compaction Pause) 15M->14M(16M) 42.304ms
[43.140s][info][gc] GC(2354) Concurrent Mark Cycle 42.555ms
[43.146s][info][gc] GC(2355) To-space exhausted
[43.146s][info][gc] GC(2355) Pause Young (Normal) (G1 Evacuation Pause) 15M->15M(16M) 0.916ms
[43.183s][info][gc] GC(2356) Pause Full (G1 Compaction Pause) 15M->14M(16M) 36.452ms
[43.191s][info][gc] GC(2357) To-space exhausted
[43.191s][info][gc] GC(2357) Pause Young (Concurrent Start) (G1 Evacuation Pause) 15M->15M(16M) 1.020ms
[43.191s][info][gc] GC(2359) Concurrent Mark Cycle
[43.231s][info][gc] GC(2358) Pause Full (G1 Compaction Pause) 15M->14M(16M) 40.218ms
[43.231s][info][gc] GC(2359) Concurrent Mark Cycle 40.489ms
[43.238s][info][gc] GC(2360) To-space exhausted
[43.238s][info][gc] GC(2360) Pause Young (Normal) (G1 Evacuation Pause) 15M->15M(16M) 0.936ms
[43.277s][info][gc] GC(2361) Pause Full (G1 Compaction Pause) 15M->14M(16M) 38.288ms
[43.284s][info][gc] GC(2362) To-space exhausted
[43.284s][info][gc] GC(2362) Pause Young (Concurrent Start) (G1 Evacuation Pause) 15M->15M(16M) 1.238ms
[43.284s][info][gc] GC(2364) Concurrent Mark Cycle
[43.325s][info][gc] GC(2363) Pause Full (G1 Compaction Pause) 15M->14M(16M) 40.478ms
[43.325s][info][gc] GC(2364) Concurrent Mark Cycle 40.879ms
[43.334s][info][gc] GC(2365) To-space exhausted
[43.334s][info][gc] GC(2365) Pause Young (Normal) (G1 Evacuation Pause) 15M->15M(16M) 0.937ms
[43.375s][info][gc] GC(2366) Pause Full (G1 Compaction Pause) 15M->14M(16M) 40.863ms
[43.382s][info][gc] GC(2367) To-space exhausted
[43.382s][info][gc] GC(2367) Pause Young (Concurrent Start) (G1 Evacuation Pause) 15M->15M(16M) 1.256ms
[43.382s][info][gc] GC(2369) Concurrent Mark Cycle
[43.419s][info][gc] GC(2368) Pause Full (G1 Compaction Pause) 15M->14M(16M) 36.752ms
[43.419s][info][gc] GC(2369) Concurrent Mark Cycle 37.042ms
[43.425s][info][gc] GC(2370) To-space exhausted
[43.425s][info][gc] GC(2370) Pause Young (Normal) (G1 Evacuation Pause) 15M->15M(16M) 0.829ms
[43.462s][info][gc] GC(2371) Pause Full (G1 Compaction Pause) 15M->14M(16M) 36.213ms
[43.469s][info][gc] GC(2372) To-space exhausted
[43.469s][info][gc] GC(2372) Pause Young (Concurrent Start) (G1 Evacuation Pause) 15M->15M(16M) 0.975ms
[43.469s][info][gc] GC(2374) Concurrent Mark Cycle
[43.511s][info][gc] GC(2373) Pause Full (G1 Compaction Pause) 15M->14M(16M) 41.901ms
[43.511s][info][gc] GC(2374) Concurrent Mark Cycle 42.111ms
[43.518s][info][gc] GC(2375) To-space exhausted
[43.518s][info][gc] GC(2375) Pause Young (Normal) (G1 Evacuation Pause) 15M->15M(16M) 0.855ms
[43.558s][info][gc] GC(2376) Pause Full (G1 Compaction Pause) 15M->14M(16M) 40.379ms
[43.565s][info][gc] GC(2377) To-space exhausted
[43.565s][info][gc] GC(2377) Pause Young (Concurrent Start) (G1 Evacuation Pause) 15M->15M(16M) 0.944ms
[43.565s][info][gc] GC(2379) Concurrent Mark Cycle
[43.600s][info][gc] GC(2378) Pause Full (G1 Compaction Pause) 15M->14M(16M) 34.968ms
[43.600s][info][gc] GC(2379) Concurrent Mark Cycle 35.177ms
[43.606s][info][gc] GC(2380) To-space exhausted
[43.606s][info][gc] GC(2380) Pause Young (Normal) (G1 Evacuation Pause) 15M->15M(16M) 0.787ms
[43.642s][info][gc] GC(2381) Pause Full (G1 Compaction Pause) 15M->14M(16M) 35.356ms
[43.648s][info][gc] GC(2382) To-space exhausted
[43.648s][info][gc] GC(2382) Pause Young (Concurrent Start) (G1 Evacuation Pause) 15M->15M(16M) 1.028ms
[43.648s][info][gc] GC(2384) Concurrent Mark Cycle
[43.684s][info][gc] GC(2383) Pause Full (G1 Compaction Pause) 15M->14M(16M) 35.260ms
[43.684s][info][gc] GC(2384) Concurrent Mark Cycle 35.476ms
[43.691s][info][gc] GC(2385) To-space exhausted
[43.691s][info][gc] GC(2385) Pause Young (Normal) (G1 Evacuation Pause) 15M->15M(16M) 0.815ms
[43.730s][info][gc] GC(2386) Pause Full (G1 Compaction Pause) 15M->14M(16M) 39.489ms
[43.737s][info][gc] GC(2387) To-space exhausted
[43.737s][info][gc] GC(2387) Pause Young (Concurrent Start) (G1 Evacuation Pause) 15M->15M(16M) 0.871ms
[43.737s][info][gc] GC(2389) Concurrent Mark Cycle
[43.772s][info][gc] GC(2388) Pause Full (G1 Compaction Pause) 15M->14M(16M) 34.941ms
[43.772s][info][gc] GC(2389) Concurrent Mark Cycle 35.176ms
[43.778s][info][gc] GC(2390) To-space exhausted
[43.778s][info][gc] GC(2390) Pause Young (Normal) (G1 Evacuation Pause) 15M->15M(16M) 0.890ms
[43.812s][info][gc] GC(2391) Pause Full (G1 Compaction Pause) 15M->14M(16M) 33.867ms
[43.819s][info][gc] GC(2392) To-space exhausted
[43.819s][info][gc] GC(2392) Pause Young (Concurrent Start) (G1 Evacuation Pause) 15M->15M(16M) 1.018ms
[43.819s][info][gc] GC(2394) Concurrent Mark Cycle
[43.853s][info][gc] GC(2393) Pause Full (G1 Compaction Pause) 15M->14M(16M) 34.281ms
[43.853s][info][gc] GC(2394) Concurrent Mark Cycle 34.509ms
[43.859s][info][gc] GC(2395) To-space exhausted
[43.859s][info][gc] GC(2395) Pause Young (Normal) (G1 Evacuation Pause) 15M->15M(16M) 0.935ms
[43.896s][info][gc] GC(2396) Pause Full (G1 Compaction Pause) 15M->14M(16M) 36.576ms
[43.903s][info][gc] GC(2397) To-space exhausted
[43.903s][info][gc] GC(2397) Pause Young (Concurrent Start) (G1 Evacuation Pause) 15M->15M(16M) 1.012ms
[43.903s][info][gc] GC(2399) Concurrent Mark Cycle
[43.949s][info][gc] GC(2398) Pause Full (G1 Compaction Pause) 15M->14M(16M) 45.782ms
[43.949s][info][gc] GC(2399) Concurrent Mark Cycle 46.067ms
[43.958s][info][gc] GC(2400) To-space exhausted
[43.958s][info][gc] GC(2400) Pause Young (Normal) (G1 Evacuation Pause) 15M->15M(16M) 1.165ms
[43.997s][info][gc] GC(2401) Pause Full (G1 Compaction Pause) 15M->14M(16M) 39.482ms
[44.005s][info][gc] GC(2402) To-space exhausted
[44.005s][info][gc] GC(2402) Pause Young (Concurrent Start) (G1 Evacuation Pause) 15M->15M(16M) 1.582ms
[44.006s][info][gc] GC(2404) Concurrent Mark Cycle
[44.045s][info][gc] GC(2403) Pause Full (G1 Compaction Pause) 15M->14M(16M) 39.254ms
[44.045s][info][gc] GC(2404) Concurrent Mark Cycle 39.597ms
[44.054s][info][gc] GC(2405) To-space exhausted
[44.054s][info][gc] GC(2405) Pause Young (Normal) (G1 Evacuation Pause) 15M->15M(16M) 1.658ms
[44.097s][info][gc] GC(2406) Pause Full (G1 Compaction Pause) 15M->14M(16M) 42.684ms
[44.104s][info][gc] GC(2407) To-space exhausted
[44.104s][info][gc] GC(2407) Pause Young (Concurrent Start) (G1 Evacuation Pause) 15M->15M(16M) 1.288ms
[44.104s][info][gc] GC(2409) Concurrent Mark Cycle
[44.149s][info][gc] GC(2408) Pause Full (G1 Compaction Pause) 15M->14M(16M) 44.743ms
[44.149s][info][gc] GC(2409) Concurrent Mark Cycle 44.958ms
[44.157s][info][gc] GC(2410) To-space exhausted
[44.157s][info][gc] GC(2410) Pause Young (Normal) (G1 Evacuation Pause) 15M->15M(16M) 1.102ms
[44.195s][info][gc] GC(2411) Pause Full (G1 Compaction Pause) 15M->14M(16M) 38.227ms
[44.202s][info][gc] GC(2412) To-space exhausted
[44.202s][info][gc] GC(2412) Pause Young (Concurrent Start) (G1 Evacuation Pause) 15M->15M(16M) 1.225ms
[44.202s][info][gc] GC(2414) Concurrent Mark Cycle
[44.241s][info][gc] GC(2413) Pause Full (G1 Compaction Pause) 15M->14M(16M) 38.798ms
[44.241s][info][gc] GC(2414) Concurrent Mark Cycle 39.005ms
[44.249s][info][gc] GC(2415) To-space exhausted
[44.249s][info][gc] GC(2415) Pause Young (Normal) (G1 Evacuation Pause) 15M->15M(16M) 0.868ms
[44.284s][info][gc] GC(2416) Pause Full (G1 Compaction Pause) 15M->14M(16M) 35.703ms
[44.292s][info][gc] GC(2417) To-space exhausted
[44.292s][info][gc] GC(2417) Pause Young (Concurrent Start) (G1 Evacuation Pause) 15M->15M(16M) 0.958ms
[44.292s][info][gc] GC(2419) Concurrent Mark Cycle
[44.332s][info][gc] GC(2418) Pause Full (G1 Compaction Pause) 15M->14M(16M) 39.979ms
[44.332s][info][gc] GC(2419) Concurrent Mark Cycle 40.238ms
[44.339s][info][gc] GC(2420) To-space exhausted
[44.339s][info][gc] GC(2420) Pause Young (Normal) (G1 Evacuation Pause) 15M->15M(16M) 0.770ms
[44.375s][info][gc] GC(2421) Pause Full (G1 Compaction Pause) 15M->14M(16M) 35.802ms
[44.381s][info][gc] GC(2422) To-space exhausted
[44.381s][info][gc] GC(2422) Pause Young (Concurrent Start) (G1 Evacuation Pause) 15M->15M(16M) 0.961ms
[44.381s][info][gc] GC(2424) Concurrent Mark Cycle
[44.416s][info][gc] GC(2423) Pause Full (G1 Compaction Pause) 15M->14M(16M) 34.694ms
[44.416s][info][gc] GC(2424) Concurrent Mark Cycle 34.907ms
[44.422s][info][gc] GC(2425) To-space exhausted
[44.422s][info][gc] GC(2425) Pause Young (Normal) (G1 Evacuation Pause) 15M->15M(16M) 1.073ms
[44.460s][info][gc] GC(2426) Pause Full (G1 Compaction Pause) 15M->14M(16M) 37.912ms
[44.467s][info][gc] GC(2427) To-space exhausted
[44.468s][info][gc] GC(2427) Pause Young (Concurrent Start) (G1 Evacuation Pause) 15M->15M(16M) 1.114ms
[44.468s][info][gc] GC(2429) Concurrent Mark Cycle
[44.504s][info][gc] GC(2428) Pause Full (G1 Compaction Pause) 15M->14M(16M) 36.188ms
[44.504s][info][gc] GC(2429) Concurrent Mark Cycle 36.415ms
[44.510s][info][gc] GC(2430) To-space exhausted
[44.510s][info][gc] GC(2430) Pause Young (Normal) (G1 Evacuation Pause) 15M->15M(16M) 0.880ms
[44.553s][info][gc] GC(2431) Pause Full (G1 Compaction Pause) 15M->14M(16M) 42.397ms
[44.560s][info][gc] GC(2432) To-space exhausted
[44.560s][info][gc] GC(2432) Pause Young (Concurrent Start) (G1 Evacuation Pause) 15M->15M(16M) 1.012ms
[44.560s][info][gc] GC(2434) Concurrent Mark Cycle
[44.595s][info][gc] GC(2433) Pause Full (G1 Compaction Pause) 15M->14M(16M) 35.256ms
[44.595s][info][gc] GC(2434) Concurrent Mark Cycle 35.514ms
[44.601s][info][gc] GC(2435) To-space exhausted
[44.601s][info][gc] GC(2435) Pause Young (Normal) (G1 Evacuation Pause) 15M->15M(16M) 0.883ms
[44.637s][info][gc] GC(2436) Pause Full (G1 Compaction Pause) 15M->14M(16M) 35.390ms
[44.645s][info][gc] GC(2437) To-space exhausted
[44.645s][info][gc] GC(2437) Pause Young (Concurrent Start) (G1 Evacuation Pause) 15M->15M(16M) 1.224ms
[44.645s][info][gc] GC(2439) Concurrent Mark Cycle
[44.684s][info][gc] GC(2438) Pause Full (G1 Compaction Pause) 15M->14M(16M) 38.855ms
[44.684s][info][gc] GC(2439) Concurrent Mark Cycle 39.051ms
[44.691s][info][gc] GC(2440) To-space exhausted
[44.691s][info][gc] GC(2440) Pause Young (Normal) (G1 Evacuation Pause) 15M->15M(16M) 0.823ms
[44.732s][info][gc] GC(2441) Pause Full (G1 Compaction Pause) 15M->14M(16M) 41.231ms
[44.739s][info][gc] GC(2442) To-space exhausted
[44.739s][info][gc] GC(2442) Pause Young (Concurrent Start) (G1 Evacuation Pause) 15M->15M(16M) 1.099ms
[44.739s][info][gc] GC(2444) Concurrent Mark Cycle
[44.773s][info][gc] GC(2443) Pause Full (G1 Compaction Pause) 15M->14M(16M) 33.726ms
[44.773s][info][gc] GC(2444) Concurrent Mark Cycle 33.946ms
[44.779s][info][gc] GC(2445) To-space exhausted
[44.779s][info][gc] GC(2445) Pause Young (Normal) (G1 Evacuation Pause) 15M->15M(16M) 0.783ms
[44.813s][info][gc] GC(2446) Pause Full (G1 Compaction Pause) 15M->14M(16M) 34.170ms
[44.820s][info][gc] GC(2447) To-space exhausted
[44.820s][info][gc] GC(2447) Pause Young (Concurrent Start) (G1 Evacuation Pause) 15M->15M(16M) 1.040ms
[44.820s][info][gc] GC(2449) Concurrent Mark Cycle
[44.861s][info][gc] GC(2448) Pause Full (G1 Compaction Pause) 15M->14M(16M) 40.901ms
[44.861s][info][gc] GC(2449) Concurrent Mark Cycle 41.178ms
[44.867s][info][gc] GC(2450) To-space exhausted
[44.867s][info][gc] GC(2450) Pause Young (Normal) (G1 Evacuation Pause) 15M->15M(16M) 0.915ms
[44.901s][info][gc] GC(2451) Pause Full (G1 Compaction Pause) 15M->14M(16M) 34.369ms
[44.908s][info][gc] GC(2452) To-space exhausted
[44.908s][info][gc] GC(2452) Pause Young (Concurrent Start) (G1 Evacuation Pause) 15M->15M(16M) 0.896ms
[44.908s][info][gc] GC(2454) Concurrent Mark Cycle
[44.949s][info][gc] GC(2453) Pause Full (G1 Compaction Pause) 15M->14M(16M) 41.090ms
[44.949s][info][gc] GC(2454) Concurrent Mark Cycle 41.296ms
[44.955s][info][gc] GC(2455) To-space exhausted
[44.955s][info][gc] GC(2455) Pause Young (Normal) (G1 Evacuation Pause) 15M->15M(16M) 0.768ms
[44.990s][info][gc] GC(2456) Pause Full (G1 Compaction Pause) 15M->14M(16M) 34.581ms
[44.996s][info][gc] GC(2457) To-space exhausted
[44.996s][info][gc] GC(2457) Pause Young (Concurrent Start) (G1 Evacuation Pause) 15M->15M(16M) 1.050ms
[44.996s][info][gc] GC(2459) Concurrent Mark Cycle
[45.031s][info][gc] GC(2458) Pause Full (G1 Compaction Pause) 15M->14M(16M) 34.117ms
[45.031s][info][gc] GC(2459) Concurrent Mark Cycle 34.370ms
[45.037s][info][gc] GC(2460) To-space exhausted
[45.037s][info][gc] GC(2460) Pause Young (Normal) (G1 Evacuation Pause) 15M->15M(16M) 1.061ms
[45.073s][info][gc] GC(2461) Pause Full (G1 Compaction Pause) 15M->14M(16M) 36.444ms
[45.079s][info][gc] GC(2462) To-space exhausted
[45.079s][info][gc] GC(2462) Pause Young (Concurrent Start) (G1 Evacuation Pause) 15M->15M(16M) 1.181ms
[45.079s][info][gc] GC(2464) Concurrent Mark Cycle
[45.129s][info][gc] GC(2463) Pause Full (G1 Compaction Pause) 15M->14M(16M) 49.054ms
[45.129s][info][gc] GC(2464) Concurrent Mark Cycle 49.431ms
[45.143s][info][gc] GC(2465) To-space exhausted
[45.143s][info][gc] GC(2465) Pause Young (Normal) (G1 Evacuation Pause) 15M->15M(16M) 1.326ms
[45.185s][info][gc] GC(2466) Pause Full (G1 Compaction Pause) 15M->14M(16M) 42.549ms
[45.194s][info][gc] GC(2467) To-space exhausted
[45.194s][info][gc] GC(2467) Pause Young (Concurrent Start) (G1 Evacuation Pause) 15M->15M(16M) 1.553ms
[45.194s][info][gc] GC(2469) Concurrent Mark Cycle
[45.235s][info][gc] GC(2468) Pause Full (G1 Compaction Pause) 15M->14M(16M) 40.859ms
[45.235s][info][gc] GC(2469) Concurrent Mark Cycle 41.143ms
[45.241s][info][gc] GC(2470) To-space exhausted
[45.241s][info][gc] GC(2470) Pause Young (Normal) (G1 Evacuation Pause) 15M->15M(16M) 1.007ms
[45.278s][info][gc] GC(2471) Pause Full (G1 Compaction Pause) 15M->14M(16M) 36.253ms
[45.286s][info][gc] GC(2472) To-space exhausted
[45.286s][info][gc] GC(2472) Pause Young (Concurrent Start) (G1 Evacuation Pause) 15M->15M(16M) 1.103ms
[45.286s][info][gc] GC(2474) Concurrent Mark Cycle
[45.324s][info][gc] GC(2473) Pause Full (G1 Compaction Pause) 15M->14M(16M) 38.143ms
[45.324s][info][gc] GC(2474) Concurrent Mark Cycle 38.441ms
[45.336s][info][gc] GC(2475) To-space exhausted
[45.336s][info][gc] GC(2475) Pause Young (Normal) (G1 Evacuation Pause) 15M->15M(16M) 1.042ms
[45.374s][info][gc] GC(2476) Pause Full (G1 Compaction Pause) 15M->14M(16M) 37.321ms
[45.381s][info][gc] GC(2477) To-space exhausted
[45.381s][info][gc] GC(2477) Pause Young (Concurrent Start) (G1 Evacuation Pause) 15M->15M(16M) 1.147ms
[45.381s][info][gc] GC(2479) Concurrent Mark Cycle
[45.419s][info][gc] GC(2478) Pause Full (G1 Compaction Pause) 15M->14M(16M) 38.006ms
[45.420s][info][gc] GC(2479) Concurrent Mark Cycle 38.268ms
[45.426s][info][gc] GC(2480) To-space exhausted
[45.426s][info][gc] GC(2480) Pause Young (Normal) (G1 Evacuation Pause) 15M->15M(16M) 0.907ms
[45.463s][info][gc] GC(2481) Pause Full (G1 Compaction Pause) 15M->14M(16M) 36.575ms
[45.469s][info][gc] GC(2482) To-space exhausted
[45.469s][info][gc] GC(2482) Pause Young (Concurrent Start) (G1 Evacuation Pause) 15M->15M(16M) 0.951ms
[45.470s][info][gc] GC(2484) Concurrent Mark Cycle
[45.508s][info][gc] GC(2483) Pause Full (G1 Compaction Pause) 15M->14M(16M) 38.003ms
[45.508s][info][gc] GC(2484) Concurrent Mark Cycle 38.226ms
[45.514s][info][gc] GC(2485) To-space exhausted
[45.514s][info][gc] GC(2485) Pause Young (Normal) (G1 Evacuation Pause) 15M->15M(16M) 0.920ms
[45.556s][info][gc] GC(2486) Pause Full (G1 Compaction Pause) 15M->14M(16M) 41.550ms
[45.562s][info][gc] GC(2487) To-space exhausted
[45.562s][info][gc] GC(2487) Pause Young (Concurrent Start) (G1 Evacuation Pause) 15M->15M(16M) 1.281ms
[45.562s][info][gc] GC(2489) Concurrent Mark Cycle
[45.599s][info][gc] GC(2488) Pause Full (G1 Compaction Pause) 15M->14M(16M) 36.244ms
[45.599s][info][gc] GC(2489) Concurrent Mark Cycle 36.454ms
[45.606s][info][gc] GC(2490) To-space exhausted
[45.607s][info][gc] GC(2490) Pause Young (Normal) (G1 Evacuation Pause) 15M->15M(16M) 0.866ms
[45.646s][info][gc] GC(2491) Pause Full (G1 Compaction Pause) 15M->14M(16M) 39.570ms
[45.653s][info][gc] GC(2492) To-space exhausted
[45.653s][info][gc] GC(2492) Pause Young (Concurrent Start) (G1 Evacuation Pause) 15M->15M(16M) 1.058ms
[45.653s][info][gc] GC(2494) Concurrent Mark Cycle
[45.690s][info][gc] GC(2493) Pause Full (G1 Compaction Pause) 15M->14M(16M) 36.693ms
[45.690s][info][gc] GC(2494) Concurrent Mark Cycle 36.968ms
[45.697s][info][gc] GC(2495) To-space exhausted
[45.697s][info][gc] GC(2495) Pause Young (Normal) (G1 Evacuation Pause) 15M->15M(16M) 0.949ms
[45.736s][info][gc] GC(2496) Pause Full (G1 Compaction Pause) 15M->14M(16M) 39.072ms
[45.744s][info][gc] GC(2497) To-space exhausted
[45.744s][info][gc] GC(2497) Pause Young (Concurrent Start) (G1 Evacuation Pause) 15M->15M(16M) 1.063ms
[45.744s][info][gc] GC(2499) Concurrent Mark Cycle
[45.781s][info][gc] GC(2498) Pause Full (G1 Compaction Pause) 15M->14M(16M) 37.482ms
[45.781s][info][gc] GC(2499) Concurrent Mark Cycle 37.744ms
[45.788s][info][gc] GC(2500) To-space exhausted
[45.789s][info][gc] GC(2500) Pause Young (Normal) (G1 Evacuation Pause) 15M->15M(16M) 1.068ms
[45.828s][info][gc] GC(2501) Pause Full (G1 Compaction Pause) 15M->14M(16M) 39.726ms
[45.835s][info][gc] GC(2502) To-space exhausted
[45.836s][info][gc] GC(2502) Pause Young (Concurrent Start) (G1 Evacuation Pause) 15M->15M(16M) 1.149ms
[45.836s][info][gc] GC(2504) Concurrent Mark Cycle
[45.874s][info][gc] GC(2503) Pause Full (G1 Compaction Pause) 15M->14M(16M) 38.671ms
[45.875s][info][gc] GC(2504) Concurrent Mark Cycle 38.948ms
[45.881s][info][gc] GC(2505) To-space exhausted
[45.881s][info][gc] GC(2505) Pause Young (Normal) (G1 Evacuation Pause) 15M->15M(16M) 0.931ms
[45.917s][info][gc] GC(2506) Pause Full (G1 Compaction Pause) 15M->14M(16M) 36.048ms
[45.924s][info][gc] GC(2507) To-space exhausted
[45.924s][info][gc] GC(2507) Pause Young (Concurrent Start) (G1 Evacuation Pause) 15M->15M(16M) 1.133ms
[45.924s][info][gc] GC(2509) Concurrent Mark Cycle
[45.967s][info][gc] GC(2508) Pause Full (G1 Compaction Pause) 15M->14M(16M) 43.113ms
[45.968s][info][gc] GC(2509) Concurrent Mark Cycle 43.559ms
[45.975s][info][gc] GC(2510) To-space exhausted
[45.976s][info][gc] GC(2510) Pause Young (Normal) (G1 Evacuation Pause) 15M->15M(16M) 0.887ms
[46.016s][info][gc] GC(2511) Pause Full (G1 Compaction Pause) 15M->14M(16M) 40.863ms
[46.024s][info][gc] GC(2512) To-space exhausted
[46.024s][info][gc] GC(2512) Pause Young (Concurrent Start) (G1 Evacuation Pause) 15M->15M(16M) 1.213ms
[46.024s][info][gc] GC(2514) Concurrent Mark Cycle
[46.065s][info][gc] GC(2513) Pause Full (G1 Compaction Pause) 15M->14M(16M) 41.040ms
[46.065s][info][gc] GC(2514) Concurrent Mark Cycle 41.249ms
[46.072s][info][gc] GC(2515) To-space exhausted
[46.072s][info][gc] GC(2515) Pause Young (Normal) (G1 Evacuation Pause) 15M->15M(16M) 1.374ms
[46.111s][info][gc] GC(2516) Pause Full (G1 Compaction Pause) 15M->14M(16M) 39.062ms
[46.119s][info][gc] GC(2517) To-space exhausted
[46.119s][info][gc] GC(2517) Pause Young (Concurrent Start) (G1 Evacuation Pause) 15M->15M(16M) 1.419ms
[46.119s][info][gc] GC(2519) Concurrent Mark Cycle
[46.161s][info][gc] GC(2518) Pause Full (G1 Compaction Pause) 15M->14M(16M) 41.665ms
[46.161s][info][gc] GC(2519) Concurrent Mark Cycle 41.906ms
[46.168s][info][gc] GC(2520) To-space exhausted
[46.168s][info][gc] GC(2520) Pause Young (Normal) (G1 Evacuation Pause) 15M->15M(16M) 0.818ms
[46.207s][info][gc] GC(2521) Pause Full (G1 Compaction Pause) 15M->14M(16M) 38.177ms
[46.215s][info][gc] GC(2522) To-space exhausted
[46.215s][info][gc] GC(2522) Pause Young (Concurrent Start) (G1 Evacuation Pause) 15M->15M(16M) 1.509ms
[46.215s][info][gc] GC(2524) Concurrent Mark Cycle
[46.252s][info][gc] GC(2523) Pause Full (G1 Compaction Pause) 15M->14M(16M) 36.714ms
[46.252s][info][gc] GC(2524) Concurrent Mark Cycle 36.978ms
[46.260s][info][gc] GC(2525) To-space exhausted
[46.260s][info][gc] GC(2525) Pause Young (Normal) (G1 Evacuation Pause) 15M->15M(16M) 0.838ms
[46.298s][info][gc] GC(2526) Pause Full (G1 Compaction Pause) 15M->14M(16M) 37.934ms
[46.305s][info][gc] GC(2527) To-space exhausted
[46.305s][info][gc] GC(2527) Pause Young (Concurrent Start) (G1 Evacuation Pause) 15M->15M(16M) 1.129ms
[46.305s][info][gc] GC(2529) Concurrent Mark Cycle
[46.348s][info][gc] GC(2528) Pause Full (G1 Compaction Pause) 15M->14M(16M) 42.625ms
[46.348s][info][gc] GC(2529) Concurrent Mark Cycle 42.846ms
[46.354s][info][gc] GC(2530) To-space exhausted
[46.354s][info][gc] GC(2530) Pause Young (Normal) (G1 Evacuation Pause) 15M->15M(16M) 1.059ms
[46.391s][info][gc] GC(2531) Pause Full (G1 Compaction Pause) 15M->14M(16M) 37.028ms
[46.398s][info][gc] GC(2532) To-space exhausted
[46.398s][info][gc] GC(2532) Pause Young (Concurrent Start) (G1 Evacuation Pause) 15M->15M(16M) 0.902ms
[46.398s][info][gc] GC(2534) Concurrent Mark Cycle
[46.437s][info][gc] GC(2533) Pause Full (G1 Compaction Pause) 15M->14M(16M) 39.076ms
[46.437s][info][gc] GC(2534) Concurrent Mark Cycle 39.390ms
[46.445s][info][gc] GC(2535) To-space exhausted
[46.445s][info][gc] GC(2535) Pause Young (Normal) (G1 Evacuation Pause) 15M->15M(16M) 0.795ms
[46.481s][info][gc] GC(2536) Pause Full (G1 Compaction Pause) 15M->14M(16M) 36.175ms
[46.488s][info][gc] GC(2537) To-space exhausted
[46.488s][info][gc] GC(2537) Pause Young (Concurrent Start) (G1 Evacuation Pause) 15M->15M(16M) 1.024ms
[46.488s][info][gc] GC(2539) Concurrent Mark Cycle
[46.523s][info][gc] GC(2538) Pause Full (G1 Compaction Pause) 15M->14M(16M) 34.684ms
[46.523s][info][gc] GC(2539) Concurrent Mark Cycle 34.927ms
[46.530s][info][gc] GC(2540) To-space exhausted
[46.530s][info][gc] GC(2540) Pause Young (Normal) (G1 Evacuation Pause) 15M->15M(16M) 1.112ms
[46.573s][info][gc] GC(2541) Pause Full (G1 Compaction Pause) 15M->14M(16M) 42.556ms
[46.579s][info][gc] GC(2542) To-space exhausted
[46.579s][info][gc] GC(2542) Pause Young (Concurrent Start) (G1 Evacuation Pause) 15M->15M(16M) 0.891ms
[46.579s][info][gc] GC(2544) Concurrent Mark Cycle
[46.615s][info][gc] GC(2543) Pause Full (G1 Compaction Pause) 15M->14M(16M) 36.147ms
[46.615s][info][gc] GC(2544) Concurrent Mark Cycle 36.453ms
[46.622s][info][gc] GC(2545) To-space exhausted
[46.622s][info][gc] GC(2545) Pause Young (Normal) (G1 Evacuation Pause) 15M->15M(16M) 0.934ms
[46.661s][info][gc] GC(2546) Pause Full (G1 Compaction Pause) 15M->14M(16M) 39.517ms
[46.669s][info][gc] GC(2547) To-space exhausted
[46.669s][info][gc] GC(2547) Pause Young (Concurrent Start) (G1 Evacuation Pause) 15M->15M(16M) 0.877ms
[46.669s][info][gc] GC(2549) Concurrent Mark Cycle
[46.714s][info][gc] GC(2548) Pause Full (G1 Compaction Pause) 15M->14M(16M) 45.441ms
[46.715s][info][gc] GC(2549) Concurrent Mark Cycle 45.771ms
[46.725s][info][gc] GC(2550) To-space exhausted
[46.725s][info][gc] GC(2550) Pause Young (Normal) (G1 Evacuation Pause) 15M->15M(16M) 1.119ms
[46.794s][info][gc] GC(2551) Pause Full (G1 Compaction Pause) 15M->14M(16M) 69.492ms
[46.806s][info][gc] GC(2552) To-space exhausted
[46.806s][info][gc] GC(2552) Pause Young (Concurrent Start) (G1 Evacuation Pause) 15M->15M(16M) 1.387ms
[46.806s][info][gc] GC(2554) Concurrent Mark Cycle
[46.850s][info][gc] GC(2553) Pause Full (G1 Compaction Pause) 15M->14M(16M) 44.444ms
[46.850s][info][gc] GC(2554) Concurrent Mark Cycle 44.689ms
[46.857s][info][gc] GC(2555) To-space exhausted
[46.857s][info][gc] GC(2555) Pause Young (Normal) (G1 Evacuation Pause) 15M->15M(16M) 0.885ms
[46.896s][info][gc] GC(2556) Pause Full (G1 Compaction Pause) 15M->14M(16M) 39.189ms
[46.903s][info][gc] GC(2557) To-space exhausted
[46.903s][info][gc] GC(2557) Pause Young (Concurrent Start) (G1 Evacuation Pause) 15M->15M(16M) 0.958ms
[46.903s][info][gc] GC(2559) Concurrent Mark Cycle
[46.943s][info][gc] GC(2558) Pause Full (G1 Compaction Pause) 15M->14M(16M) 39.306ms
[46.943s][info][gc] GC(2559) Concurrent Mark Cycle 39.566ms
[46.949s][info][gc] GC(2560) To-space exhausted
[46.949s][info][gc] GC(2560) Pause Young (Normal) (G1 Evacuation Pause) 15M->15M(16M) 0.883ms
[46.984s][info][gc] GC(2561) Pause Full (G1 Compaction Pause) 15M->14M(16M) 34.959ms
[46.991s][info][gc] GC(2562) To-space exhausted
[46.991s][info][gc] GC(2562) Pause Young (Concurrent Start) (G1 Evacuation Pause) 15M->15M(16M) 1.051ms
[46.991s][info][gc] GC(2564) Concurrent Mark Cycle
[47.028s][info][gc] GC(2563) Pause Full (G1 Compaction Pause) 15M->14M(16M) 37.170ms
[47.028s][info][gc] GC(2564) Concurrent Mark Cycle 37.407ms
[47.035s][info][gc] GC(2565) To-space exhausted
[47.035s][info][gc] GC(2565) Pause Young (Normal) (G1 Evacuation Pause) 15M->15M(16M) 1.304ms
[47.074s][info][gc] GC(2566) Pause Full (G1 Compaction Pause) 15M->14M(16M) 39.188ms
[47.080s][info][gc] GC(2567) To-space exhausted
[47.081s][info][gc] GC(2567) Pause Young (Concurrent Start) (G1 Evacuation Pause) 15M->15M(16M) 1.179ms
[47.081s][info][gc] GC(2569) Concurrent Mark Cycle
[47.116s][info][gc] GC(2568) Pause Full (G1 Compaction Pause) 15M->14M(16M) 35.510ms
[47.116s][info][gc] GC(2569) Concurrent Mark Cycle 35.722ms
[47.121s][info][gc] GC(2570) To-space exhausted
[47.121s][info][gc] GC(2570) Pause Young (Normal) (G1 Evacuation Pause) 15M->15M(16M) 1.167ms
[47.161s][info][gc] GC(2571) Pause Full (G1 Compaction Pause) 15M->14M(16M) 39.458ms
[47.167s][info][gc] GC(2572) To-space exhausted
[47.167s][info][gc] GC(2572) Pause Young (Concurrent Start) (G1 Evacuation Pause) 15M->15M(16M) 0.969ms
[47.167s][info][gc] GC(2574) Concurrent Mark Cycle
[47.201s][info][gc] GC(2573) Pause Full (G1 Compaction Pause) 15M->14M(16M) 33.845ms
[47.201s][info][gc] GC(2574) Concurrent Mark Cycle 34.049ms
[47.207s][info][gc] GC(2575) To-space exhausted
[47.207s][info][gc] GC(2575) Pause Young (Normal) (G1 Evacuation Pause) 15M->15M(16M) 0.870ms
[47.242s][info][gc] GC(2576) Pause Full (G1 Compaction Pause) 15M->14M(16M) 34.454ms
[47.248s][info][gc] GC(2577) To-space exhausted
[47.248s][info][gc] GC(2577) Pause Young (Concurrent Start) (G1 Evacuation Pause) 15M->15M(16M) 1.122ms
[47.249s][info][gc] GC(2579) Concurrent Mark Cycle
[47.285s][info][gc] GC(2578) Pause Full (G1 Compaction Pause) 15M->14M(16M) 36.870ms
[47.286s][info][gc] GC(2579) Concurrent Mark Cycle 37.127ms
[47.292s][info][gc] GC(2580) To-space exhausted
[47.292s][info][gc] GC(2580) Pause Young (Normal) (G1 Evacuation Pause) 15M->15M(16M) 0.837ms
[47.326s][info][gc] GC(2581) Pause Full (G1 Compaction Pause) 15M->14M(16M) 34.201ms
[47.333s][info][gc] GC(2582) To-space exhausted
[47.333s][info][gc] GC(2582) Pause Young (Concurrent Start) (G1 Evacuation Pause) 15M->15M(16M) 1.178ms
[47.333s][info][gc] GC(2584) Concurrent Mark Cycle
[47.381s][info][gc] GC(2583) Pause Full (G1 Compaction Pause) 15M->14M(16M) 47.808ms
[47.381s][info][gc] GC(2584) Concurrent Mark Cycle 48.084ms
[47.388s][info][gc] GC(2585) To-space exhausted
[47.389s][info][gc] GC(2585) Pause Young (Normal) (G1 Evacuation Pause) 15M->15M(16M) 0.880ms
[47.431s][info][gc] GC(2586) Pause Full (G1 Compaction Pause) 15M->14M(16M) 42.209ms
[47.439s][info][gc] GC(2587) To-space exhausted
[47.439s][info][gc] GC(2587) Pause Young (Concurrent Start) (G1 Evacuation Pause) 15M->15M(16M) 1.189ms
[47.439s][info][gc] GC(2589) Concurrent Mark Cycle
[47.475s][info][gc] GC(2588) Pause Full (G1 Compaction Pause) 15M->14M(16M) 35.931ms
[47.475s][info][gc] GC(2589) Concurrent Mark Cycle 36.148ms
[47.482s][info][gc] GC(2590) To-space exhausted
[47.482s][info][gc] GC(2590) Pause Young (Normal) (G1 Evacuation Pause) 15M->15M(16M) 1.121ms
[47.519s][info][gc] GC(2591) Pause Full (G1 Compaction Pause) 15M->14M(16M) 36.739ms
[47.525s][info][gc] GC(2592) To-space exhausted
[47.526s][info][gc] GC(2592) Pause Young (Concurrent Start) (G1 Evacuation Pause) 15M->15M(16M) 1.029ms
[47.526s][info][gc] GC(2594) Concurrent Mark Cycle
[47.572s][info][gc] GC(2593) Pause Full (G1 Compaction Pause) 15M->14M(16M) 46.097ms
[47.572s][info][gc] GC(2594) Concurrent Mark Cycle 46.386ms
[47.579s][info][gc] GC(2595) To-space exhausted
[47.579s][info][gc] GC(2595) Pause Young (Normal) (G1 Evacuation Pause) 15M->15M(16M) 0.895ms
[47.617s][info][gc] GC(2596) Pause Full (G1 Compaction Pause) 15M->14M(16M) 38.040ms
[47.624s][info][gc] GC(2597) To-space exhausted
[47.624s][info][gc] GC(2597) Pause Young (Concurrent Start) (G1 Evacuation Pause) 15M->15M(16M) 1.232ms
[47.624s][info][gc] GC(2599) Concurrent Mark Cycle
[47.664s][info][gc] GC(2598) Pause Full (G1 Compaction Pause) 15M->14M(16M) 40.137ms
[47.664s][info][gc] GC(2599) Concurrent Mark Cycle 40.384ms
[47.671s][info][gc] GC(2600) To-space exhausted
[47.671s][info][gc] GC(2600) Pause Young (Normal) (G1 Evacuation Pause) 15M->15M(16M) 0.952ms
[47.706s][info][gc] GC(2601) Pause Full (G1 Compaction Pause) 15M->14M(16M) 35.058ms
[47.713s][info][gc] GC(2602) To-space exhausted
[47.713s][info][gc] GC(2602) Pause Young (Concurrent Start) (G1 Evacuation Pause) 15M->15M(16M) 0.957ms
[47.713s][info][gc] GC(2604) Concurrent Mark Cycle
[47.752s][info][gc] GC(2603) Pause Full (G1 Compaction Pause) 15M->14M(16M) 39.481ms
[47.753s][info][gc] GC(2604) Concurrent Mark Cycle 39.744ms
[47.759s][info][gc] GC(2605) To-space exhausted
[47.759s][info][gc] GC(2605) Pause Young (Normal) (G1 Evacuation Pause) 15M->15M(16M) 0.769ms
[47.793s][info][gc] GC(2606) Pause Full (G1 Compaction Pause) 15M->14M(16M) 33.854ms
[47.799s][info][gc] GC(2607) To-space exhausted
[47.799s][info][gc] GC(2607) Pause Young (Concurrent Start) (G1 Evacuation Pause) 15M->15M(16M) 1.059ms
[47.799s][info][gc] GC(2609) Concurrent Mark Cycle
[47.833s][info][gc] GC(2608) Pause Full (G1 Compaction Pause) 15M->14M(16M) 33.943ms
[47.834s][info][gc] GC(2609) Concurrent Mark Cycle 34.159ms
[47.840s][info][gc] GC(2610) To-space exhausted
[47.840s][info][gc] GC(2610) Pause Young (Normal) (G1 Evacuation Pause) 15M->15M(16M) 0.739ms
[47.874s][info][gc] GC(2611) Pause Full (G1 Compaction Pause) 15M->14M(16M) 34.395ms
[47.880s][info][gc] GC(2612) To-space exhausted
[47.880s][info][gc] GC(2612) Pause Young (Concurrent Start) (G1 Evacuation Pause) 15M->15M(16M) 1.213ms
[47.880s][info][gc] GC(2614) Concurrent Mark Cycle
[47.914s][info][gc] GC(2613) Pause Full (G1 Compaction Pause) 15M->14M(16M) 33.254ms
[47.914s][info][gc] GC(2614) Concurrent Mark Cycle 33.481ms
[47.920s][info][gc] GC(2615) To-space exhausted
[47.920s][info][gc] GC(2615) Pause Young (Normal) (G1 Evacuation Pause) 15M->15M(16M) 0.845ms
[47.959s][info][gc] GC(2616) Pause Full (G1 Compaction Pause) 15M->14M(16M) 38.528ms
[47.965s][info][gc] GC(2617) To-space exhausted
[47.965s][info][gc] GC(2617) Pause Young (Concurrent Start) (G1 Evacuation Pause) 15M->15M(16M) 0.952ms
[47.965s][info][gc] GC(2619) Concurrent Mark Cycle
[47.999s][info][gc] GC(2618) Pause Full (G1 Compaction Pause) 15M->14M(16M) 34.214ms
[48.000s][info][gc] GC(2619) Concurrent Mark Cycle 34.481ms
[48.006s][info][gc] GC(2620) To-space exhausted
[48.006s][info][gc] GC(2620) Pause Young (Normal) (G1 Evacuation Pause) 15M->15M(16M) 1.041ms
[48.055s][info][gc] GC(2621) Pause Full (G1 Compaction Pause) 15M->14M(16M) 49.106ms
[48.063s][info][gc] GC(2622) To-space exhausted
[48.063s][info][gc] GC(2622) Pause Young (Concurrent Start) (G1 Evacuation Pause) 15M->15M(16M) 1.667ms
[48.063s][info][gc] GC(2624) Concurrent Mark Cycle
[48.100s][info][gc] GC(2623) Pause Full (G1 Compaction Pause) 15M->14M(16M) 36.679ms
[48.100s][info][gc] GC(2624) Concurrent Mark Cycle 36.896ms
[48.106s][info][gc] GC(2625) To-space exhausted
[48.106s][info][gc] GC(2625) Pause Young (Normal) (G1 Evacuation Pause) 15M->15M(16M) 1.042ms
[48.144s][info][gc] GC(2626) Pause Full (G1 Compaction Pause) 15M->14M(16M) 37.577ms
[48.154s][info][gc] GC(2627) To-space exhausted
[48.154s][info][gc] GC(2627) Pause Young (Concurrent Start) (G1 Evacuation Pause) 15M->15M(16M) 1.391ms
[48.154s][info][gc] GC(2629) Concurrent Mark Cycle
[48.188s][info][gc] GC(2628) Pause Full (G1 Compaction Pause) 15M->14M(16M) 34.521ms
[48.188s][info][gc] GC(2629) Concurrent Mark Cycle 34.737ms
[48.194s][info][gc] GC(2630) To-space exhausted
[48.195s][info][gc] GC(2630) Pause Young (Normal) (G1 Evacuation Pause) 15M->15M(16M) 0.824ms
[48.226s][info][gc] GC(2631) Pause Full (G1 Compaction Pause) 15M->14M(16M) 31.699ms
[48.232s][info][gc] GC(2632) To-space exhausted
[48.232s][info][gc] GC(2632) Pause Young (Concurrent Start) (G1 Evacuation Pause) 15M->15M(16M) 1.113ms
[48.232s][info][gc] GC(2634) Concurrent Mark Cycle
[48.266s][info][gc] GC(2633) Pause Full (G1 Compaction Pause) 15M->14M(16M) 33.866ms
[48.267s][info][gc] GC(2634) Concurrent Mark Cycle 34.097ms
[48.272s][info][gc] GC(2635) To-space exhausted
[48.272s][info][gc] GC(2635) Pause Young (Normal) (G1 Evacuation Pause) 15M->15M(16M) 0.763ms
[48.304s][info][gc] GC(2636) Pause Full (G1 Compaction Pause) 15M->14M(16M) 31.535ms
[48.311s][info][gc] GC(2637) To-space exhausted
[48.311s][info][gc] GC(2637) Pause Young (Concurrent Start) (G1 Evacuation Pause) 15M->15M(16M) 1.161ms
[48.311s][info][gc] GC(2639) Concurrent Mark Cycle
[48.349s][info][gc] GC(2638) Pause Full (G1 Compaction Pause) 15M->14M(16M) 37.935ms
[48.349s][info][gc] GC(2639) Concurrent Mark Cycle 38.161ms
[48.355s][info][gc] GC(2640) To-space exhausted
[48.355s][info][gc] GC(2640) Pause Young (Normal) (G1 Evacuation Pause) 15M->15M(16M) 0.793ms
[48.387s][info][gc] GC(2641) Pause Full (G1 Compaction Pause) 15M->14M(16M) 32.383ms
[48.394s][info][gc] GC(2642) To-space exhausted
[48.394s][info][gc] GC(2642) Pause Young (Concurrent Start) (G1 Evacuation Pause) 15M->15M(16M) 1.021ms
[48.394s][info][gc] GC(2644) Concurrent Mark Cycle
[48.426s][info][gc] GC(2643) Pause Full (G1 Compaction Pause) 15M->14M(16M) 31.888ms
[48.426s][info][gc] GC(2644) Concurrent Mark Cycle 32.084ms
[48.432s][info][gc] GC(2645) To-space exhausted
[48.432s][info][gc] GC(2645) Pause Young (Normal) (G1 Evacuation Pause) 15M->15M(16M) 0.776ms
[48.464s][info][gc] GC(2646) Pause Full (G1 Compaction Pause) 15M->14M(16M) 32.163ms
[48.470s][info][gc] GC(2647) To-space exhausted
[48.470s][info][gc] GC(2647) Pause Young (Concurrent Start) (G1 Evacuation Pause) 15M->15M(16M) 0.877ms
[48.470s][info][gc] GC(2649) Concurrent Mark Cycle
[48.508s][info][gc] GC(2648) Pause Full (G1 Compaction Pause) 15M->14M(16M) 37.481ms
[48.508s][info][gc] GC(2649) Concurrent Mark Cycle 37.680ms
[48.514s][info][gc] GC(2650) To-space exhausted
[48.514s][info][gc] GC(2650) Pause Young (Normal) (G1 Evacuation Pause) 15M->15M(16M) 0.835ms
[48.549s][info][gc] GC(2651) Pause Full (G1 Compaction Pause) 15M->14M(16M) 35.680ms
[48.558s][info][gc] GC(2652) To-space exhausted
[48.558s][info][gc] GC(2652) Pause Young (Concurrent Start) (G1 Evacuation Pause) 15M->15M(16M) 0.972ms
[48.558s][info][gc] GC(2654) Concurrent Mark Cycle
[48.591s][info][gc] GC(2653) Pause Full (G1 Compaction Pause) 15M->14M(16M) 33.439ms
[48.591s][info][gc] GC(2654) Concurrent Mark Cycle 33.666ms
[48.597s][info][gc] GC(2655) To-space exhausted
[48.597s][info][gc] GC(2655) Pause Young (Normal) (G1 Evacuation Pause) 15M->15M(16M) 0.719ms
[48.629s][info][gc] GC(2656) Pause Full (G1 Compaction Pause) 15M->14M(16M) 31.840ms
[48.635s][info][gc] GC(2657) To-space exhausted
[48.635s][info][gc] GC(2657) Pause Young (Concurrent Start) (G1 Evacuation Pause) 15M->15M(16M) 0.992ms
[48.635s][info][gc] GC(2659) Concurrent Mark Cycle
[48.667s][info][gc] GC(2658) Pause Full (G1 Compaction Pause) 15M->14M(16M) 31.875ms
[48.667s][info][gc] GC(2659) Concurrent Mark Cycle 32.113ms
[48.673s][info][gc] GC(2660) To-space exhausted
[48.673s][info][gc] GC(2660) Pause Young (Normal) (G1 Evacuation Pause) 15M->15M(16M) 0.786ms
[48.704s][info][gc] GC(2661) Pause Full (G1 Compaction Pause) 15M->14M(16M) 31.404ms
