[0.012s][info][gc] Using G1
[0.230s][info][gc] GC(0) Pause Young (Normal) (G1 Evacuation Pause) 6M->1M(16M) 1.650ms
[0.349s][info][gc] GC(1) Pause Young (Normal) (G1 Evacuation Pause) 6M->2M(16M) 1.711ms
[0.421s][info][gc] GC(2) Pause Young (Normal) (G1 Evacuation Pause) 7M->2M(16M) 1.258ms
[0.484s][info][gc] GC(3) Pause Young (Normal) (G1 Evacuation Pause) 8M->2M(16M) 1.351ms
[0.570s][info][gc] GC(4) Pause Young (Normal) (G1 Evacuation Pause) 9M->2M(16M) 1.547ms
[0.717s][info][gc] GC(5) Pause Young (Normal) (G1 Evacuation Pause) 10M->2M(16M) 1.194ms
[0.791s][info][gc] GC(6) Pause Young (Normal) (G1 Evacuation Pause) 10M->2M(16M) 1.106ms
[0.876s][info][gc] GC(7) Pause Young (Normal) (G1 Evacuation Pause) 10M->2M(16M) 1.566ms
[0.939s][info][gc] GC(8) Pause Young (Normal) (G1 Evacuation Pause) 10M->2M(16M) 0.989ms
[1.003s][info][gc] GC(9) Pause Young (Normal) (G1 Evacuation Pause) 10M->2M(16M) 1.233ms
[1.073s][info][gc] GC(10) Pause Young (Normal) (G1 Evacuation Pause) 10M->2M(16M) 1.241ms
[1.136s][info][gc] GC(11) Pause Young (Normal) (G1 Evacuation Pause) 10M->2M(16M) 0.949ms
[1.197s][info][gc] GC(12) Pause Young (Normal) (G1 Evacuation Pause) 10M->2M(16M) 1.727ms
[1.281s][info][gc] GC(13) Pause Young (Normal) (G1 Evacuation Pause) 10M->2M(16M) 2.054ms
[1.354s][info][gc] GC(14) Pause Young (Normal) (G1 Evacuation Pause) 10M->2M(16M) 2.115ms
[1.606s][info][gc] GC(15) Pause Young (Normal) (G1 Evacuation Pause) 10M->2M(16M) 2.584ms
[1.686s][info][gc] GC(16) Pause Young (Normal) (G1 Evacuation Pause) 10M->2M(16M) 1.525ms
[1.746s][info][gc] GC(17) Pause Young (Normal) (G1 Evacuation Pause) 10M->2M(16M) 2.363ms
[1.795s][info][gc] GC(18) Pause Young (Normal) (G1 Evacuation Pause) 10M->2M(16M) 1.436ms
[1.865s][info][gc] GC(19) Pause Young (Normal) (G1 Evacuation Pause) 10M->3M(16M) 1.843ms
[1.916s][info][gc] GC(20) Pause Young (Normal) (G1 Evacuation Pause) 11M->3M(16M) 1.251ms
[1.969s][info][gc] GC(21) Pause Young (Normal) (G1 Evacuation Pause) 11M->3M(16M) 1.937ms
[2.018s][info][gc] GC(22) Pause Young (Normal) (G1 Evacuation Pause) 11M->3M(16M) 2.172ms
[2.080s][info][gc] GC(23) Pause Young (Normal) (G1 Evacuation Pause) 11M->3M(16M) 2.196ms
[2.150s][info][gc] GC(24) Pause Young (Normal) (G1 Evacuation Pause) 11M->3M(16M) 1.976ms
[2.237s][info][gc] GC(25) Pause Young (Normal) (G1 Evacuation Pause) 11M->3M(16M) 3.026ms
[2.318s][info][gc] GC(26) Pause Young (Normal) (G1 Evacuation Pause) 11M->3M(16M) 1.717ms
[2.379s][info][gc] GC(27) Pause Young (Normal) (G1 Evacuation Pause) 11M->3M(16M) 1.785ms
[2.431s][info][gc] GC(28) Pause Young (Normal) (G1 Evacuation Pause) 11M->3M(16M) 2.827ms
[2.494s][info][gc] GC(29) Pause Young (Normal) (G1 Evacuation Pause) 11M->3M(16M) 1.522ms
[2.553s][info][gc] GC(30) Pause Young (Normal) (G1 Evacuation Pause) 11M->3M(16M) 1.834ms
[2.618s][info][gc] GC(31) Pause Young (Normal) (G1 Evacuation Pause) 11M->3M(16M) 1.900ms
[2.702s][info][gc] GC(32) Pause Young (Normal) (G1 Evacuation Pause) 11M->3M(16M) 1.890ms
[2.767s][info][gc] GC(33) Pause Young (Normal) (G1 Evacuation Pause) 11M->3M(16M) 2.085ms
[2.840s][info][gc] GC(34) Pause Young (Normal) (G1 Evacuation Pause) 11M->3M(16M) 2.168ms
[2.898s][info][gc] GC(35) Pause Young (Normal) (G1 Evacuation Pause) 11M->4M(16M) 1.646ms
[2.951s][info][gc] GC(36) Pause Young (Normal) (G1 Evacuation Pause) 12M->3M(16M) 1.653ms
[3.015s][info][gc] GC(37) Pause Young (Normal) (G1 Evacuation Pause) 11M->4M(16M) 1.955ms
[3.083s][info][gc] GC(38) Pause Young (Normal) (G1 Evacuation Pause) 12M->4M(16M) 1.615ms
[3.146s][info][gc] GC(39) Pause Young (Normal) (G1 Evacuation Pause) 12M->4M(16M) 2.567ms
[3.233s][info][gc] GC(40) Pause Young (Normal) (G1 Evacuation Pause) 12M->4M(16M) 2.331ms
[3.298s][info][gc] GC(41) Pause Young (Normal) (G1 Evacuation Pause) 12M->4M(16M) 1.670ms
[3.347s][info][gc] GC(42) Pause Young (Normal) (G1 Evacuation Pause) 12M->4M(16M) 1.701ms
[3.412s][info][gc] GC(43) Pause Young (Normal) (G1 Evacuation Pause) 12M->4M(16M) 2.262ms
[3.504s][info][gc] GC(44) Pause Young (Normal) (G1 Evacuation Pause) 12M->4M(16M) 1.876ms
[3.568s][info][gc] GC(45) Pause Young (Normal) (G1 Evacuation Pause) 12M->4M(16M) 1.589ms
[3.614s][info][gc] GC(46) Pause Young (Normal) (G1 Evacuation Pause) 12M->4M(16M) 1.354ms
[3.664s][info][gc] GC(47) Pause Young (Normal) (G1 Evacuation Pause) 12M->4M(16M) 1.402ms
[3.704s][info][gc] GC(48) Pause Young (Normal) (G1 Evacuation Pause) 12M->4M(16M) 1.937ms
[3.708s][info][gc] GC(49) Pause Young (Concurrent Start) (Metadata GC Threshold) 5M->4M(16M) 1.764ms
[3.708s][info][gc] GC(50) Concurrent Mark Cycle
[3.724s][info][gc] GC(50) Pause Remark 5M->5M(16M) 13.133ms
[3.725s][info][gc] GC(50) Pause Cleanup 5M->5M(16M) 0.047ms
[3.725s][info][gc] GC(50) Concurrent Mark Cycle 17.570ms
[3.760s][info][gc] GC(51) Pause Young (Prepare Mixed) (G1 Evacuation Pause) 11M->4M(16M) 1.253ms
[3.768s][info][gc] GC(52) Pause Young (Mixed) (G1 Evacuation Pause) 5M->3M(16M) 1.458ms
[3.817s][info][gc] GC(53) Pause Young (Normal) (G1 Evacuation Pause) 11M->3M(16M) 0.949ms
[3.859s][info][gc] GC(54) Pause Young (Normal) (G1 Evacuation Pause) 11M->4M(16M) 0.907ms
[3.893s][info][gc] GC(55) Pause Young (Normal) (G1 Evacuation Pause) 12M->3M(16M) 0.961ms
[3.963s][info][gc] GC(56) Pause Young (Normal) (G1 Evacuation Pause) 11M->4M(16M) 1.510ms
[4.040s][info][gc] GC(57) Pause Young (Normal) (G1 Evacuation Pause) 12M->4M(16M) 1.992ms
[4.165s][info][gc] GC(58) Pause Young (Normal) (G1 Evacuation Pause) 12M->4M(16M) 1.770ms
[4.260s][info][gc] GC(59) Pause Young (Normal) (G1 Evacuation Pause) 12M->4M(16M) 1.361ms
[4.304s][info][gc] GC(60) Pause Young (Normal) (G1 Evacuation Pause) 12M->4M(16M) 1.183ms
[4.349s][info][gc] GC(61) Pause Young (Normal) (G1 Evacuation Pause) 12M->4M(16M) 1.605ms
[4.393s][info][gc] GC(62) Pause Young (Normal) (G1 Evacuation Pause) 12M->4M(16M) 1.371ms
[4.447s][info][gc] GC(63) Pause Young (Normal) (G1 Evacuation Pause) 12M->4M(16M) 1.548ms
[4.491s][info][gc] GC(64) Pause Young (Normal) (G1 Evacuation Pause) 12M->4M(16M) 1.269ms
[4.534s][info][gc] GC(65) Pause Young (Normal) (G1 Evacuation Pause) 12M->4M(16M) 1.463ms
[4.577s][info][gc] GC(66) Pause Young (Normal) (G1 Evacuation Pause) 12M->4M(16M) 1.764ms
[4.614s][info][gc] GC(67) Pause Young (Normal) (G1 Evacuation Pause) 12M->4M(16M) 1.074ms
[4.660s][info][gc] GC(68) Pause Young (Normal) (G1 Evacuation Pause) 12M->4M(16M) 1.670ms
[4.696s][info][gc] GC(69) Pause Young (Normal) (G1 Evacuation Pause) 12M->4M(16M) 1.750ms
[4.735s][info][gc] GC(70) Pause Young (Normal) (G1 Evacuation Pause) 12M->4M(16M) 1.532ms
[4.771s][info][gc] GC(71) Pause Young (Normal) (G1 Evacuation Pause) 11M->5M(16M) 1.738ms
[4.813s][info][gc] GC(72) Pause Young (Normal) (G1 Evacuation Pause) 12M->5M(16M) 1.421ms
[4.859s][info][gc] GC(73) Pause Young (Normal) (G1 Evacuation Pause) 12M->5M(16M) 0.915ms
[4.888s][info][gc] GC(74) Pause Young (Normal) (G1 Evacuation Pause) 12M->5M(16M) 1.032ms
[4.915s][info][gc] GC(75) Pause Young (Normal) (G1 Evacuation Pause) 12M->5M(16M) 1.128ms
[4.945s][info][gc] GC(76) Pause Young (Normal) (G1 Evacuation Pause) 12M->5M(16M) 1.042ms
[4.971s][info][gc] GC(77) Pause Young (Normal) (G1 Evacuation Pause) 12M->5M(16M) 0.953ms
[4.996s][info][gc] GC(78) Pause Young (Normal) (G1 Evacuation Pause) 12M->5M(16M) 1.047ms
[5.019s][info][gc] GC(79) Pause Young (Normal) (G1 Evacuation Pause) 12M->5M(16M) 0.764ms
[5.048s][info][gc] GC(80) Pause Young (Normal) (G1 Evacuation Pause) 12M->5M(16M) 0.862ms
[5.072s][info][gc] GC(81) Pause Young (Normal) (G1 Evacuation Pause) 12M->5M(16M) 1.093ms
[5.096s][info][gc] GC(82) Pause Young (Normal) (G1 Evacuation Pause) 12M->5M(16M) 1.003ms
[5.119s][info][gc] GC(83) Pause Young (Normal) (G1 Evacuation Pause) 11M->5M(16M) 0.978ms
[5.140s][info][gc] GC(84) Pause Young (Normal) (G1 Evacuation Pause) 11M->5M(16M) 1.029ms
[5.175s][info][gc] GC(85) Pause Young (Normal) (G1 Evacuation Pause) 11M->5M(16M) 1.056ms
[5.196s][info][gc] GC(86) Pause Young (Normal) (G1 Evacuation Pause) 11M->5M(16M) 1.246ms
[5.219s][info][gc] GC(87) Pause Young (Normal) (G1 Evacuation Pause) 11M->5M(16M) 0.984ms
[5.246s][info][gc] GC(88) Pause Young (Normal) (G1 Evacuation Pause) 11M->5M(16M) 1.111ms
[5.269s][info][gc] GC(89) Pause Young (Normal) (G1 Evacuation Pause) 11M->5M(16M) 0.961ms
[5.294s][info][gc] GC(90) Pause Young (Normal) (G1 Evacuation Pause) 11M->5M(16M) 0.799ms
[5.317s][info][gc] GC(91) Pause Young (Normal) (G1 Evacuation Pause) 11M->5M(16M) 0.873ms
[5.340s][info][gc] GC(92) Pause Young (Normal) (G1 Evacuation Pause) 11M->6M(16M) 1.441ms
[5.369s][info][gc] GC(93) Pause Young (Normal) (G1 Evacuation Pause) 12M->6M(16M) 1.646ms
[5.400s][info][gc] GC(94) Pause Young (Normal) (G1 Evacuation Pause) 12M->6M(16M) 1.224ms
[5.429s][info][gc] GC(95) Pause Young (Normal) (G1 Evacuation Pause) 12M->6M(16M) 2.104ms
[5.469s][info][gc] GC(96) Pause Young (Normal) (G1 Evacuation Pause) 11M->6M(16M) 1.998ms
[5.511s][info][gc] GC(97) Pause Young (Normal) (G1 Evacuation Pause) 11M->7M(16M) 1.586ms
[5.549s][info][gc] GC(98) Pause Young (Normal) (G1 Evacuation Pause) 12M->7M(16M) 1.876ms
[5.586s][info][gc] GC(99) Pause Young (Normal) (G1 Evacuation Pause) 12M->7M(16M) 1.786ms
[5.611s][info][gc] GC(100) Pause Young (Normal) (G1 Evacuation Pause) 12M->7M(16M) 1.994ms
[5.640s][info][gc] GC(101) Pause Young (Normal) (G1 Evacuation Pause) 12M->8M(16M) 3.457ms
[5.664s][info][gc] GC(102) Pause Young (Concurrent Start) (G1 Evacuation Pause) 11M->9M(16M) 2.848ms
[5.665s][info][gc] GC(103) Concurrent Mark Cycle
[5.693s][info][gc] GC(103) Pause Remark 10M->10M(16M) 24.618ms
[5.696s][info][gc] GC(103) Pause Cleanup 10M->10M(16M) 0.054ms
[5.696s][info][gc] GC(103) Concurrent Mark Cycle 31.238ms
[5.703s][info][gc] GC(104) Pause Young (Prepare Mixed) (G1 Evacuation Pause) 11M->8M(16M) 1.402ms
[5.754s][info][gc] GC(105) Pause Young (Mixed) (G1 Evacuation Pause) 9M->6M(16M) 1.322ms
[5.793s][info][gc] GC(106) Pause Young (Mixed) (G1 Evacuation Pause) 7M->5M(16M) 2.597ms
[5.941s][info][gc] GC(107) Pause Young (Normal) (G1 Evacuation Pause) 10M->5M(16M) 1.885ms
[6.077s][info][gc] GC(108) Pause Young (Normal) (G1 Evacuation Pause) 10M->5M(16M) 2.248ms
[6.177s][info][gc] GC(109) Pause Young (Normal) (G1 Evacuation Pause) 10M->5M(16M) 2.136ms
[6.280s][info][gc] GC(110) Pause Young (Normal) (G1 Evacuation Pause) 10M->6M(16M) 2.212ms
[6.374s][info][gc] GC(111) Pause Young (Normal) (G1 Evacuation Pause) 11M->6M(16M) 2.449ms
[6.496s][info][gc] GC(112) Pause Young (Normal) (G1 Evacuation Pause) 11M->6M(16M) 2.020ms
[6.573s][info][gc] GC(113) Pause Young (Normal) (G1 Evacuation Pause) 11M->6M(16M) 2.026ms
[6.670s][info][gc] GC(114) Pause Young (Normal) (G1 Evacuation Pause) 11M->6M(16M) 2.584ms
[6.776s][info][gc] GC(115) Pause Young (Normal) (G1 Evacuation Pause) 11M->6M(16M) 2.274ms
[6.862s][info][gc] GC(116) Pause Young (Normal) (G1 Evacuation Pause) 11M->6M(16M) 2.998ms
[6.962s][info][gc] GC(117) Pause Young (Normal) (G1 Evacuation Pause) 11M->7M(16M) 2.265ms
[7.095s][info][gc] GC(118) Pause Young (Normal) (G1 Evacuation Pause) 12M->7M(16M) 2.235ms
[7.229s][info][gc] GC(119) Pause Young (Normal) (G1 Evacuation Pause) 12M->7M(16M) 2.401ms
[7.310s][info][gc] GC(120) Pause Young (Normal) (G1 Evacuation Pause) 12M->7M(16M) 1.538ms
[7.372s][info][gc] GC(121) Pause Young (Normal) (G1 Evacuation Pause) 12M->7M(16M) 1.284ms
[7.434s][info][gc] GC(122) Pause Young (Normal) (G1 Evacuation Pause) 12M->7M(16M) 2.008ms
[7.501s][info][gc] GC(123) Pause Young (Normal) (G1 Evacuation Pause) 12M->7M(16M) 1.657ms
[7.568s][info][gc] GC(124) Pause Young (Normal) (G1 Evacuation Pause) 12M->7M(16M) 1.734ms
[7.630s][info][gc] GC(125) Pause Young (Normal) (G1 Evacuation Pause) 12M->7M(16M) 1.724ms
[7.710s][info][gc] GC(126) Pause Young (Normal) (G1 Evacuation Pause) 12M->7M(16M) 1.610ms
[7.779s][info][gc] GC(127) Pause Young (Normal) (G1 Evacuation Pause) 12M->7M(16M) 1.582ms
[7.845s][info][gc] GC(128) Pause Young (Concurrent Start) (G1 Evacuation Pause) 11M->7M(16M) 2.068ms
[7.845s][info][gc] GC(129) Concurrent Mark Cycle
[7.868s][info][gc] GC(129) Pause Remark 8M->8M(16M) 16.381ms
[7.873s][info][gc] GC(129) Pause Cleanup 8M->8M(16M) 0.098ms
[7.873s][info][gc] GC(129) Concurrent Mark Cycle 28.159ms
[7.928s][info][gc] GC(130) Pause Young (Prepare Mixed) (G1 Evacuation Pause) 11M->7M(16M) 2.456ms
[7.951s][info][gc] GC(131) Pause Young (Mixed) (G1 Evacuation Pause) 8M->6M(16M) 3.397ms
[8.010s][info][gc] GC(132) Pause Young (Normal) (G1 Evacuation Pause) 11M->6M(16M) 1.590ms
[8.093s][info][gc] GC(133) Pause Young (Normal) (G1 Evacuation Pause) 11M->6M(16M) 1.548ms
[8.157s][info][gc] GC(134) Pause Young (Normal) (G1 Evacuation Pause) 11M->6M(16M) 1.713ms
[8.229s][info][gc] GC(135) Pause Young (Normal) (G1 Evacuation Pause) 11M->6M(16M) 2.014ms
[8.341s][info][gc] GC(136) Pause Young (Normal) (G1 Evacuation Pause) 11M->6M(16M) 1.519ms
[8.422s][info][gc] GC(137) Pause Young (Normal) (G1 Evacuation Pause) 11M->6M(16M) 1.456ms
[8.512s][info][gc] GC(138) Pause Young (Normal) (G1 Evacuation Pause) 11M->6M(16M) 1.335ms
[8.593s][info][gc] GC(139) Pause Young (Normal) (G1 Evacuation Pause) 11M->6M(16M) 1.890ms
[8.671s][info][gc] GC(140) Pause Young (Normal) (G1 Evacuation Pause) 11M->6M(16M) 1.909ms
[8.750s][info][gc] GC(141) Pause Young (Normal) (G1 Evacuation Pause) 11M->7M(16M) 1.891ms
[8.916s][info][gc] GC(142) Pause Young (Normal) (G1 Evacuation Pause) 12M->7M(16M) 1.894ms
[9.029s][info][gc] GC(143) Pause Young (Normal) (G1 Evacuation Pause) 12M->7M(16M) 1.539ms
[9.107s][info][gc] GC(144) Pause Young (Normal) (G1 Evacuation Pause) 12M->7M(16M) 1.836ms
[9.176s][info][gc] GC(145) Pause Young (Normal) (G1 Evacuation Pause) 12M->7M(16M) 1.677ms
[9.230s][info][gc] GC(146) Pause Young (Normal) (G1 Evacuation Pause) 12M->7M(16M) 1.650ms
[9.320s][info][gc] GC(147) Pause Young (Normal) (G1 Evacuation Pause) 12M->7M(16M) 2.298ms
[9.388s][info][gc] GC(148) Pause Young (Normal) (G1 Evacuation Pause) 12M->7M(16M) 1.622ms
[9.461s][info][gc] GC(149) Pause Young (Normal) (G1 Evacuation Pause) 12M->7M(16M) 2.081ms
[9.560s][info][gc] GC(150) Pause Young (Normal) (G1 Evacuation Pause) 12M->7M(16M) 1.497ms
[9.709s][info][gc] GC(151) Pause Young (Normal) (G1 Evacuation Pause) 12M->7M(16M) 2.201ms
[9.778s][info][gc] GC(152) Pause Young (Concurrent Start) (G1 Evacuation Pause) 11M->7M(16M) 1.950ms
[9.778s][info][gc] GC(153) Concurrent Mark Cycle
[9.801s][info][gc] GC(153) Pause Remark 8M->8M(16M) 15.585ms
[9.804s][info][gc] GC(153) Pause Cleanup 8M->8M(16M) 0.061ms
[9.805s][info][gc] GC(153) Concurrent Mark Cycle 26.822ms
[9.853s][info][gc] GC(154) Pause Young (Prepare Mixed) (G1 Evacuation Pause) 11M->7M(16M) 1.801ms
[9.873s][info][gc] GC(155) Pause Young (Mixed) (G1 Evacuation Pause) 8M->6M(16M) 3.682ms
[9.969s][info][gc] GC(156) Pause Young (Normal) (G1 Evacuation Pause) 11M->7M(16M) 1.784ms
[10.034s][info][gc] GC(157) Pause Young (Normal) (G1 Evacuation Pause) 12M->7M(16M) 1.661ms
[10.124s][info][gc] GC(158) Pause Young (Normal) (G1 Evacuation Pause) 12M->7M(16M) 1.859ms
[10.192s][info][gc] GC(159) Pause Young (Normal) (G1 Evacuation Pause) 12M->7M(16M) 1.574ms
[10.268s][info][gc] GC(160) Pause Young (Normal) (G1 Evacuation Pause) 12M->7M(16M) 1.659ms
[10.339s][info][gc] GC(161) Pause Young (Normal) (G1 Evacuation Pause) 12M->7M(16M) 1.920ms
[10.401s][info][gc] GC(162) Pause Young (Normal) (G1 Evacuation Pause) 12M->7M(16M) 1.170ms
[10.458s][info][gc] GC(163) Pause Young (Normal) (G1 Evacuation Pause) 12M->7M(16M) 1.477ms
[10.531s][info][gc] GC(164) Pause Young (Normal) (G1 Evacuation Pause) 12M->7M(16M) 1.471ms
[10.616s][info][gc] GC(165) Pause Young (Normal) (G1 Evacuation Pause) 12M->7M(16M) 1.556ms
[10.673s][info][gc] GC(166) Pause Young (Normal) (G1 Evacuation Pause) 12M->7M(16M) 1.859ms
[10.724s][info][gc] GC(167) Pause Young (Normal) (G1 Evacuation Pause) 12M->7M(16M) 1.558ms
[10.760s][info][gc] GC(168) Pause Young (Normal) (G1 Evacuation Pause) 12M->7M(16M) 1.040ms
[10.783s][info][gc] GC(169) Pause Young (Concurrent Start) (G1 Evacuation Pause) 11M->7M(16M) 1.555ms
[10.783s][info][gc] GC(170) Concurrent Mark Cycle
[10.801s][info][gc] GC(170) Pause Remark 8M->8M(16M) 11.201ms
[10.804s][info][gc] GC(170) Pause Cleanup 8M->8M(16M) 0.053ms
[10.804s][info][gc] GC(170) Concurrent Mark Cycle 20.907ms
[10.824s][info][gc] GC(171) Pause Young (Prepare Mixed) (G1 Evacuation Pause) 11M->7M(16M) 1.404ms
[10.833s][info][gc] GC(172) Pause Young (Mixed) (G1 Evacuation Pause) 8M->7M(16M) 1.700ms
[10.870s][info][gc] GC(173) Pause Young (Normal) (G1 Evacuation Pause) 12M->7M(16M) 1.580ms
[10.927s][info][gc] GC(174) Pause Young (Normal) (G1 Evacuation Pause) 12M->7M(16M) 1.690ms
[10.956s][info][gc] GC(175) Pause Young (Normal) (G1 Evacuation Pause) 12M->7M(16M) 1.064ms
[10.982s][info][gc] GC(176) Pause Young (Normal) (G1 Evacuation Pause) 12M->7M(16M) 1.162ms
[11.012s][info][gc] GC(177) Pause Young (Normal) (G1 Evacuation Pause) 12M->7M(16M) 1.123ms
[11.056s][info][gc] GC(178) Pause Full (System.gc()) 8M->5M(16M) 38.071ms
[11.106s][info][gc] GC(179) Pause Young (Normal) (G1 Evacuation Pause) 12M->6M(16M) 0.832ms
[11.140s][info][gc] GC(180) Pause Young (Normal) (G1 Evacuation Pause) 12M->6M(16M) 0.916ms
[11.172s][info][gc] GC(181) Pause Young (Normal) (G1 Evacuation Pause) 12M->6M(16M) 1.060ms
[11.206s][info][gc] GC(182) Pause Young (Normal) (G1 Evacuation Pause) 12M->6M(16M) 0.909ms
[11.244s][info][gc] GC(183) Pause Young (Normal) (G1 Evacuation Pause) 12M->6M(16M) 0.964ms
[11.284s][info][gc] GC(184) Pause Young (Normal) (G1 Evacuation Pause) 12M->6M(16M) 2.276ms
[11.319s][info][gc] GC(185) Pause Young (Normal) (G1 Evacuation Pause) 12M->6M(16M) 1.056ms
[11.358s][info][gc] GC(186) Pause Young (Normal) (G1 Evacuation Pause) 12M->6M(16M) 1.044ms
[11.410s][info][gc] GC(187) Pause Young (Normal) (G1 Evacuation Pause) 12M->6M(16M) 1.515ms
[11.442s][info][gc] GC(188) Pause Young (Normal) (G1 Evacuation Pause) 12M->6M(16M) 1.274ms
[11.463s][info][gc] GC(189) Pause Young (Concurrent Start) (G1 Evacuation Pause) 11M->6M(16M) 1.457ms
[11.463s][info][gc] GC(190) Concurrent Mark Cycle
[11.477s][info][gc] GC(190) Pause Remark 7M->7M(16M) 8.191ms
[11.481s][info][gc] GC(190) Pause Cleanup 7M->7M(16M) 0.066ms
[11.481s][info][gc] GC(190) Concurrent Mark Cycle 18.408ms
[11.506s][info][gc] GC(191) Pause Young (Prepare Mixed) (G1 Evacuation Pause) 11M->6M(16M) 1.239ms
[11.513s][info][gc] GC(192) Pause Young (Mixed) (G1 Evacuation Pause) 7M->6M(16M) 2.293ms
[11.552s][info][gc] GC(193) Pause Young (Normal) (G1 Evacuation Pause) 12M->6M(16M) 1.143ms
[11.585s][info][gc] GC(194) Pause Young (Normal) (G1 Evacuation Pause) 12M->6M(16M) 1.472ms
[11.607s][info][gc] GC(195) Pause Young (Concurrent Start) (G1 Evacuation Pause) 11M->6M(16M) 1.371ms
[11.607s][info][gc] GC(196) Concurrent Mark Cycle
[11.623s][info][gc] GC(196) Pause Remark 7M->7M(16M) 10.268ms
[11.625s][info][gc] GC(196) Pause Cleanup 7M->7M(16M) 0.054ms
[11.625s][info][gc] GC(196) Concurrent Mark Cycle 18.492ms
[11.641s][info][gc] GC(197) Pause Young (Prepare Mixed) (G1 Evacuation Pause) 11M->6M(16M) 1.326ms
[11.649s][info][gc] GC(198) Pause Young (Mixed) (G1 Evacuation Pause) 7M->6M(16M) 2.641ms
[11.673s][info][gc] GC(199) Pause Young (Normal) (G1 Evacuation Pause) 11M->6M(16M) 1.183ms
[11.706s][info][gc] GC(200) Pause Young (Normal) (G1 Evacuation Pause) 11M->6M(16M) 1.084ms
[11.732s][info][gc] GC(201) Pause Young (Normal) (G1 Evacuation Pause) 11M->6M(16M) 1.082ms
[11.755s][info][gc] GC(202) Pause Young (Normal) (G1 Evacuation Pause) 11M->6M(16M) 1.018ms
[11.775s][info][gc] GC(203) Pause Young (Normal) (G1 Evacuation Pause) 11M->6M(16M) 0.834ms
[11.795s][info][gc] GC(204) Pause Young (Normal) (G1 Evacuation Pause) 11M->6M(16M) 0.944ms
[11.812s][info][gc] GC(205) Pause Young (Normal) (G1 Evacuation Pause) 11M->6M(16M) 1.016ms
[11.830s][info][gc] GC(206) Pause Young (Normal) (G1 Evacuation Pause) 11M->7M(16M) 0.949ms
[11.850s][info][gc] GC(207) Pause Young (Normal) (G1 Evacuation Pause) 12M->7M(16M) 1.092ms
[11.869s][info][gc] GC(208) Pause Young (Normal) (G1 Evacuation Pause) 12M->7M(16M) 1.198ms
[11.897s][info][gc] GC(209) Pause Young (Normal) (G1 Evacuation Pause) 12M->7M(16M) 1.119ms
[11.919s][info][gc] GC(210) Pause Young (Normal) (G1 Evacuation Pause) 12M->7M(16M) 0.964ms
[11.937s][info][gc] GC(211) Pause Young (Normal) (G1 Evacuation Pause) 12M->7M(16M) 1.089ms
[11.960s][info][gc] GC(212) Pause Young (Normal) (G1 Evacuation Pause) 12M->7M(16M) 1.076ms
[11.982s][info][gc] GC(213) Pause Young (Normal) (G1 Evacuation Pause) 12M->7M(16M) 1.149ms
[12.005s][info][gc] GC(214) Pause Young (Normal) (G1 Evacuation Pause) 12M->7M(16M) 1.146ms
[12.033s][info][gc] GC(215) Pause Young (Normal) (G1 Evacuation Pause) 12M->7M(16M) 1.355ms
[12.058s][info][gc] GC(216) Pause Young (Normal) (G1 Evacuation Pause) 12M->7M(16M) 1.147ms
[12.084s][info][gc] GC(217) Pause Young (Normal) (G1 Evacuation Pause) 12M->7M(16M) 1.346ms
[12.108s][info][gc] GC(218) Pause Young (Normal) (G1 Evacuation Pause) 12M->7M(16M) 1.046ms
[12.130s][info][gc] GC(219) Pause Young (Normal) (G1 Evacuation Pause) 12M->7M(16M) 0.933ms
[12.149s][info][gc] GC(220) Pause Young (Concurrent Start) (G1 Evacuation Pause) 11M->7M(16M) 2.265ms
[12.149s][info][gc] GC(221) Concurrent Mark Cycle
[12.168s][info][gc] GC(221) Pause Remark 8M->8M(16M) 11.766ms
[12.170s][info][gc] GC(221) Pause Cleanup 9M->9M(16M) 0.037ms
[12.170s][info][gc] GC(221) Concurrent Mark Cycle 20.691ms
[12.179s][info][gc] GC(222) Pause Young (Prepare Mixed) (G1 Evacuation Pause) 11M->7M(16M) 0.830ms
[12.184s][info][gc] GC(223) Pause Young (Mixed) (G1 Evacuation Pause) 8M->7M(16M) 1.120ms
[12.199s][info][gc] GC(224) Pause Young (Normal) (G1 Evacuation Pause) 12M->7M(16M) 0.767ms
[12.215s][info][gc] GC(225) Pause Young (Normal) (G1 Evacuation Pause) 12M->7M(16M) 1.117ms
[12.235s][info][gc] GC(226) Pause Young (Normal) (G1 Evacuation Pause) 12M->7M(16M) 0.896ms
[12.255s][info][gc] GC(227) Pause Young (Normal) (G1 Evacuation Pause) 12M->7M(16M) 0.926ms
[12.272s][info][gc] GC(228) Pause Young (Normal) (G1 Evacuation Pause) 12M->7M(16M) 0.921ms
[12.292s][info][gc] GC(229) Pause Young (Normal) (G1 Evacuation Pause) 12M->7M(16M) 1.060ms
[12.308s][info][gc] GC(230) Pause Young (Normal) (G1 Evacuation Pause) 12M->7M(16M) 0.741ms
[12.323s][info][gc] GC(231) Pause Young (Normal) (G1 Evacuation Pause) 12M->7M(16M) 0.737ms
[12.340s][info][gc] GC(232) Pause Young (Normal) (G1 Evacuation Pause) 12M->7M(16M) 1.085ms
[12.357s][info][gc] GC(233) Pause Young (Normal) (G1 Evacuation Pause) 12M->7M(16M) 1.122ms
[12.372s][info][gc] GC(234) Pause Young (Normal) (G1 Evacuation Pause) 12M->7M(16M) 0.976ms
[12.394s][info][gc] GC(235) Pause Young (Normal) (G1 Evacuation Pause) 12M->7M(16M) 1.016ms
[12.443s][info][gc] GC(236) Pause Young (Concurrent Start) (G1 Evacuation Pause) 11M->7M(16M) 1.545ms
[12.443s][info][gc] GC(237) Concurrent Mark Cycle
[12.462s][info][gc] GC(237) Pause Remark 8M->8M(16M) 11.692ms
[12.465s][info][gc] GC(237) Pause Cleanup 8M->8M(16M) 0.055ms
[12.465s][info][gc] GC(237) Concurrent Mark Cycle 22.559ms
[12.485s][info][gc] GC(238) Pause Young (Normal) (G1 Evacuation Pause) 11M->7M(16M) 1.937ms
[12.512s][info][gc] GC(239) Pause Young (Normal) (G1 Evacuation Pause) 11M->7M(16M) 1.024ms
[12.534s][info][gc] GC(240) Pause Young (Normal) (G1 Evacuation Pause) 11M->7M(16M) 1.064ms
[12.556s][info][gc] GC(241) Pause Young (Normal) (G1 Evacuation Pause) 11M->7M(16M) 1.312ms
[12.576s][info][gc] GC(242) Pause Young (Normal) (G1 Evacuation Pause) 11M->7M(16M) 0.994ms
[12.591s][info][gc] GC(243) Pause Young (Normal) (G1 Evacuation Pause) 11M->7M(16M) 0.952ms
[12.606s][info][gc] GC(244) Pause Young (Normal) (G1 Evacuation Pause) 11M->7M(16M) 0.805ms
[12.623s][info][gc] GC(245) Pause Young (Normal) (G1 Evacuation Pause) 11M->7M(16M) 0.983ms
[12.640s][info][gc] GC(246) Pause Young (Normal) (G1 Evacuation Pause) 11M->8M(16M) 1.029ms
[12.655s][info][gc] GC(247) Pause Young (Normal) (G1 Evacuation Pause) 12M->8M(16M) 0.810ms
[12.669s][info][gc] GC(248) Pause Young (Normal) (G1 Evacuation Pause) 12M->8M(16M) 1.028ms
[12.690s][info][gc] GC(249) Pause Young (Normal) (G1 Evacuation Pause) 12M->8M(16M) 1.297ms
[12.707s][info][gc] GC(250) Pause Young (Normal) (G1 Evacuation Pause) 12M->8M(16M) 1.075ms
[12.725s][info][gc] GC(251) Pause Young (Normal) (G1 Evacuation Pause) 12M->8M(16M) 1.099ms
[12.742s][info][gc] GC(252) Pause Young (Normal) (G1 Evacuation Pause) 12M->8M(16M) 0.942ms
[12.761s][info][gc] GC(253) Pause Young (Normal) (G1 Evacuation Pause) 12M->8M(16M) 1.237ms
[12.778s][info][gc] GC(254) Pause Young (Normal) (G1 Evacuation Pause) 12M->8M(16M) 1.165ms
[12.791s][info][gc] GC(255) Pause Young (Normal) (G1 Evacuation Pause) 12M->8M(16M) 1.099ms
[12.806s][info][gc] GC(256) Pause Young (Normal) (G1 Evacuation Pause) 12M->8M(16M) 1.094ms
[12.820s][info][gc] GC(257) Pause Young (Normal) (G1 Evacuation Pause) 12M->8M(16M) 0.954ms
[12.837s][info][gc] GC(258) Pause Young (Normal) (G1 Evacuation Pause) 12M->8M(16M) 0.991ms
[12.853s][info][gc] GC(259) Pause Young (Normal) (G1 Evacuation Pause) 12M->8M(16M) 0.902ms
[12.869s][info][gc] GC(260) Pause Young (Normal) (G1 Evacuation Pause) 12M->8M(16M) 1.323ms
[12.893s][info][gc] GC(261) Pause Young (Normal) (G1 Evacuation Pause) 12M->8M(16M) 1.183ms
[12.909s][info][gc] GC(262) Pause Young (Concurrent Start) (G1 Evacuation Pause) 11M->8M(16M) 1.607ms
[12.909s][info][gc] GC(263) Concurrent Mark Cycle
[12.923s][info][gc] GC(263) Pause Remark 9M->9M(16M) 8.603ms
[12.926s][info][gc] GC(263) Pause Cleanup 9M->9M(16M) 0.048ms
[12.926s][info][gc] GC(263) Concurrent Mark Cycle 17.181ms
[12.935s][info][gc] GC(264) Pause Young (Prepare Mixed) (G1 Evacuation Pause) 11M->8M(16M) 1.019ms
[12.940s][info][gc] GC(265) Pause Young (Mixed) (G1 Evacuation Pause) 9M->8M(16M) 1.091ms
[12.957s][info][gc] GC(266) Pause Young (Normal) (G1 Evacuation Pause) 12M->8M(16M) 1.007ms
[12.971s][info][gc] GC(267) Pause Young (Normal) (G1 Evacuation Pause) 12M->8M(16M) 0.953ms
[12.989s][info][gc] GC(268) Pause Young (Normal) (G1 Evacuation Pause) 12M->8M(16M) 0.984ms
[13.005s][info][gc] GC(269) Pause Young (Normal) (G1 Evacuation Pause) 12M->8M(16M) 1.062ms
[13.024s][info][gc] GC(270) Pause Young (Normal) (G1 Evacuation Pause) 12M->8M(16M) 1.009ms
[13.040s][info][gc] GC(271) Pause Young (Normal) (G1 Evacuation Pause) 12M->8M(16M) 0.776ms
[13.052s][info][gc] GC(272) Pause Young (Normal) (G1 Evacuation Pause) 12M->8M(16M) 0.801ms
[13.064s][info][gc] GC(273) Pause Young (Normal) (G1 Evacuation Pause) 12M->8M(16M) 0.800ms
[13.076s][info][gc] GC(274) Pause Young (Normal) (G1 Evacuation Pause) 12M->8M(16M) 1.157ms
[13.094s][info][gc] GC(275) Pause Young (Normal) (G1 Evacuation Pause) 12M->8M(16M) 0.857ms
[13.106s][info][gc] GC(276) Pause Young (Normal) (G1 Evacuation Pause) 12M->8M(16M) 0.874ms
[13.121s][info][gc] GC(277) Pause Young (Normal) (G1 Evacuation Pause) 12M->8M(16M) 1.066ms
[13.136s][info][gc] GC(278) Pause Young (Normal) (G1 Evacuation Pause) 12M->8M(16M) 0.960ms
[13.146s][info][gc] GC(279) Pause Young (Concurrent Start) (G1 Evacuation Pause) 11M->8M(16M) 1.512ms
[13.146s][info][gc] GC(280) Concurrent Mark Cycle
[13.159s][info][gc] GC(280) Pause Remark 9M->9M(16M) 7.328ms
[13.161s][info][gc] GC(280) Pause Cleanup 10M->10M(16M) 0.039ms
[13.161s][info][gc] GC(280) Concurrent Mark Cycle 15.026ms
[13.167s][info][gc] GC(281) Pause Young (Prepare Mixed) (G1 Evacuation Pause) 11M->8M(16M) 1.095ms
[13.172s][info][gc] GC(282) Pause Young (Mixed) (G1 Evacuation Pause) 9M->8M(16M) 1.222ms
[13.184s][info][gc] GC(283) Pause Young (Normal) (G1 Evacuation Pause) 12M->8M(16M) 0.859ms
[13.197s][info][gc] GC(284) Pause Young (Normal) (G1 Evacuation Pause) 12M->8M(16M) 0.838ms
[13.209s][info][gc] GC(285) Pause Young (Normal) (G1 Evacuation Pause) 12M->8M(16M) 0.929ms
[13.222s][info][gc] GC(286) Pause Young (Normal) (G1 Evacuation Pause) 12M->8M(16M) 1.019ms
[13.235s][info][gc] GC(287) Pause Young (Normal) (G1 Evacuation Pause) 12M->8M(16M) 1.316ms
[13.249s][info][gc] GC(288) Pause Young (Normal) (G1 Evacuation Pause) 12M->8M(16M) 1.007ms
[13.265s][info][gc] GC(289) Pause Young (Normal) (G1 Evacuation Pause) 12M->8M(16M) 1.240ms
[13.280s][info][gc] GC(290) Pause Young (Normal) (G1 Evacuation Pause) 12M->8M(16M) 1.463ms
[13.299s][info][gc] GC(291) Pause Young (Normal) (G1 Evacuation Pause) 12M->8M(16M) 0.976ms
[13.313s][info][gc] GC(292) Pause Young (Normal) (G1 Evacuation Pause) 12M->8M(16M) 0.937ms
[13.325s][info][gc] GC(293) Pause Young (Normal) (G1 Evacuation Pause) 12M->8M(16M) 0.927ms
[13.335s][info][gc] GC(294) Pause Young (Concurrent Start) (G1 Evacuation Pause) 11M->8M(16M) 0.985ms
[13.335s][info][gc] GC(295) Concurrent Mark Cycle
[13.347s][info][gc] GC(295) Pause Remark 10M->10M(16M) 6.656ms
[13.349s][info][gc] GC(295) Pause Cleanup 10M->10M(16M) 0.040ms
[13.350s][info][gc] GC(295) Concurrent Mark Cycle 14.544ms
[13.353s][info][gc] GC(296) Pause Young (Prepare Mixed) (G1 Evacuation Pause) 11M->8M(16M) 0.841ms
[13.358s][info][gc] GC(297) Pause Young (Mixed) (G1 Evacuation Pause) 9M->8M(16M) 1.064ms
[13.369s][info][gc] GC(298) Pause Young (Normal) (G1 Evacuation Pause) 12M->8M(16M) 0.915ms
[13.381s][info][gc] GC(299) Pause Young (Normal) (G1 Evacuation Pause) 12M->8M(16M) 0.959ms
[13.393s][info][gc] GC(300) Pause Young (Normal) (G1 Evacuation Pause) 12M->8M(16M) 0.878ms
[13.404s][info][gc] GC(301) Pause Young (Normal) (G1 Evacuation Pause) 12M->8M(16M) 0.760ms
[13.416s][info][gc] GC(302) Pause Young (Normal) (G1 Evacuation Pause) 12M->8M(16M) 1.021ms
[13.427s][info][gc] GC(303) Pause Young (Normal) (G1 Evacuation Pause) 12M->8M(16M) 0.737ms
[13.442s][info][gc] GC(304) Pause Young (Normal) (G1 Evacuation Pause) 12M->8M(16M) 0.908ms
[13.456s][info][gc] GC(305) Pause Young (Normal) (G1 Evacuation Pause) 12M->8M(16M) 0.738ms
[13.469s][info][gc] GC(306) Pause Young (Normal) (G1 Evacuation Pause) 12M->8M(16M) 0.789ms
[13.479s][info][gc] GC(307) Pause Young (Concurrent Start) (G1 Evacuation Pause) 11M->8M(16M) 1.802ms
[13.479s][info][gc] GC(308) Concurrent Mark Cycle
[13.499s][info][gc] GC(308) Pause Remark 9M->9M(16M) 12.234ms
[13.502s][info][gc] GC(308) Pause Cleanup 9M->9M(16M) 0.037ms
[13.503s][info][gc] GC(308) Concurrent Mark Cycle 23.388ms
[13.510s][info][gc] GC(309) Pause Young (Prepare Mixed) (G1 Evacuation Pause) 11M->8M(16M) 1.001ms
[13.516s][info][gc] GC(310) Pause Young (Mixed) (G1 Evacuation Pause) 9M->8M(16M) 1.509ms
[13.533s][info][gc] GC(311) Pause Young (Normal) (G1 Evacuation Pause) 12M->8M(16M) 1.043ms
[13.548s][info][gc] GC(312) Pause Young (Normal) (G1 Evacuation Pause) 12M->8M(16M) 1.009ms
[13.567s][info][gc] GC(313) Pause Young (Normal) (G1 Evacuation Pause) 12M->8M(16M) 0.805ms
[13.577s][info][gc] GC(314) Pause Young (Concurrent Start) (G1 Evacuation Pause) 11M->8M(16M) 1.330ms
[13.577s][info][gc] GC(315) Concurrent Mark Cycle
[13.589s][info][gc] GC(315) Pause Remark 10M->10M(16M) 6.149ms
[13.593s][info][gc] GC(315) Pause Cleanup 10M->10M(16M) 0.048ms
[13.593s][info][gc] GC(315) Concurrent Mark Cycle 15.437ms
[13.596s][info][gc] GC(316) Pause Young (Prepare Mixed) (G1 Evacuation Pause) 11M->8M(16M) 1.015ms
[13.600s][info][gc] GC(317) Pause Young (Mixed) (G1 Evacuation Pause) 9M->8M(16M) 1.305ms
[13.612s][info][gc] GC(318) Pause Young (Normal) (G1 Evacuation Pause) 12M->8M(16M) 0.942ms
[13.622s][info][gc] GC(319) Pause Young (Normal) (G1 Evacuation Pause) 12M->8M(16M) 0.656ms
[13.634s][info][gc] GC(320) Pause Young (Normal) (G1 Evacuation Pause) 12M->8M(16M) 0.662ms
[13.645s][info][gc] GC(321) Pause Young (Normal) (G1 Evacuation Pause) 12M->8M(16M) 0.962ms
[13.658s][info][gc] GC(322) Pause Young (Normal) (G1 Evacuation Pause) 12M->8M(16M) 0.733ms
[13.667s][info][gc] GC(323) Pause Young (Concurrent Start) (G1 Evacuation Pause) 11M->8M(16M) 1.107ms
[13.667s][info][gc] GC(324) Concurrent Mark Cycle
[13.680s][info][gc] GC(324) Pause Remark 10M->10M(16M) 6.831ms
[13.683s][info][gc] GC(324) Pause Cleanup 10M->10M(16M) 0.044ms
[13.683s][info][gc] GC(324) Concurrent Mark Cycle 15.901ms
[13.689s][info][gc] GC(325) Pause Young (Normal) (G1 Evacuation Pause) 11M->8M(16M) 1.446ms
[13.699s][info][gc] GC(326) Pause Young (Normal) (G1 Evacuation Pause) 11M->8M(16M) 0.678ms
[13.709s][info][gc] GC(327) Pause Young (Normal) (G1 Evacuation Pause) 11M->8M(16M) 0.910ms
[13.718s][info][gc] GC(328) Pause Young (Normal) (G1 Evacuation Pause) 11M->8M(16M) 0.743ms
[13.732s][info][gc] GC(329) Pause Young (Normal) (G1 Evacuation Pause) 11M->8M(16M) 0.704ms
[13.744s][info][gc] GC(330) Pause Young (Normal) (G1 Evacuation Pause) 11M->8M(16M) 1.118ms
[13.758s][info][gc] GC(331) Pause Young (Normal) (G1 Evacuation Pause) 11M->8M(16M) 1.145ms
[13.770s][info][gc] GC(332) Pause Young (Normal) (G1 Evacuation Pause) 11M->8M(16M) 0.973ms
[13.782s][info][gc] GC(333) Pause Young (Normal) (G1 Evacuation Pause) 11M->8M(16M) 0.957ms
[13.793s][info][gc] GC(334) Pause Young (Normal) (G1 Evacuation Pause) 11M->8M(16M) 0.926ms
[13.803s][info][gc] GC(335) Pause Young (Normal) (G1 Evacuation Pause) 11M->9M(16M) 0.737ms
[13.814s][info][gc] GC(336) Pause Young (Normal) (G1 Evacuation Pause) 12M->9M(16M) 1.122ms
[13.826s][info][gc] GC(337) Pause Young (Normal) (G1 Evacuation Pause) 12M->9M(16M) 1.169ms
[13.837s][info][gc] GC(338) Pause Young (Normal) (G1 Evacuation Pause) 12M->9M(16M) 0.928ms
[13.849s][info][gc] GC(339) Pause Young (Normal) (G1 Evacuation Pause) 12M->9M(16M) 0.865ms
[13.861s][info][gc] GC(340) Pause Young (Normal) (G1 Evacuation Pause) 12M->9M(16M) 0.910ms
[13.874s][info][gc] GC(341) Pause Young (Normal) (G1 Evacuation Pause) 12M->9M(16M) 1.069ms
[13.892s][info][gc] GC(342) Pause Young (Normal) (G1 Evacuation Pause) 12M->9M(16M) 1.471ms
[13.916s][info][gc] GC(343) Pause Young (Normal) (G1 Evacuation Pause) 12M->9M(16M) 1.301ms
[13.934s][info][gc] GC(344) Pause Young (Normal) (G1 Evacuation Pause) 12M->9M(16M) 1.016ms
[13.950s][info][gc] GC(345) Pause Young (Normal) (G1 Evacuation Pause) 12M->9M(16M) 1.059ms
[13.967s][info][gc] GC(346) Pause Young (Normal) (G1 Evacuation Pause) 12M->9M(16M) 1.382ms
[13.981s][info][gc] GC(347) Pause Young (Normal) (G1 Evacuation Pause) 12M->9M(16M) 1.333ms
[13.998s][info][gc] GC(348) Pause Young (Normal) (G1 Evacuation Pause) 12M->9M(16M) 1.061ms
[14.018s][info][gc] GC(349) Pause Young (Normal) (G1 Evacuation Pause) 12M->9M(16M) 0.936ms
[14.049s][info][gc] GC(350) Pause Young (Normal) (G1 Evacuation Pause) 12M->9M(16M) 1.780ms
[14.076s][info][gc] GC(351) Pause Young (Normal) (G1 Evacuation Pause) 12M->9M(16M) 1.559ms
[14.114s][info][gc] GC(352) Pause Young (Concurrent Start) (G1 Evacuation Pause) 11M->9M(16M) 2.112ms
[14.114s][info][gc] GC(353) Concurrent Mark Cycle
[14.132s][info][gc] GC(353) Pause Remark 10M->10M(16M) 10.218ms
[14.136s][info][gc] GC(353) Pause Cleanup 10M->10M(16M) 0.048ms
[14.136s][info][gc] GC(353) Concurrent Mark Cycle 21.832ms
[14.144s][info][gc] GC(354) Pause Young (Prepare Mixed) (G1 Evacuation Pause) 11M->9M(16M) 1.233ms
[14.154s][info][gc] GC(355) Pause Young (Mixed) (G1 Evacuation Pause) 10M->8M(16M) 2.340ms
[14.169s][info][gc] GC(356) Pause Young (Normal) (G1 Evacuation Pause) 11M->8M(16M) 1.319ms
[14.182s][info][gc] GC(357) Pause Young (Normal) (G1 Evacuation Pause) 11M->8M(16M) 1.113ms
[14.196s][info][gc] GC(358) Pause Young (Normal) (G1 Evacuation Pause) 11M->9M(16M) 1.185ms
[14.211s][info][gc] GC(359) Pause Young (Normal) (G1 Evacuation Pause) 12M->9M(16M) 1.154ms
[14.221s][info][gc] GC(360) Pause Young (Normal) (G1 Evacuation Pause) 12M->9M(16M) 0.917ms
[14.233s][info][gc] GC(361) Pause Young (Normal) (G1 Evacuation Pause) 12M->9M(16M) 0.981ms
[14.243s][info][gc] GC(362) Pause Young (Normal) (G1 Evacuation Pause) 12M->9M(16M) 0.921ms
[14.253s][info][gc] GC(363) Pause Young (Normal) (G1 Evacuation Pause) 12M->9M(16M) 0.847ms
[14.267s][info][gc] GC(364) Pause Young (Normal) (G1 Evacuation Pause) 12M->9M(16M) 1.013ms
[14.281s][info][gc] GC(365) Pause Young (Normal) (G1 Evacuation Pause) 12M->9M(16M) 1.061ms
[14.298s][info][gc] GC(366) Pause Young (Normal) (G1 Evacuation Pause) 12M->9M(16M) 1.111ms
[14.310s][info][gc] GC(367) Pause Young (Normal) (G1 Evacuation Pause) 12M->9M(16M) 0.822ms
[14.323s][info][gc] GC(368) Pause Young (Normal) (G1 Evacuation Pause) 12M->9M(16M) 1.045ms
[14.333s][info][gc] GC(369) Pause Young (Normal) (G1 Evacuation Pause) 12M->9M(16M) 1.131ms
[14.343s][info][gc] GC(370) Pause Young (Normal) (G1 Evacuation Pause) 12M->9M(16M) 0.821ms
[14.355s][info][gc] GC(371) Pause Young (Normal) (G1 Evacuation Pause) 12M->9M(16M) 1.055ms
[14.367s][info][gc] GC(372) Pause Young (Normal) (G1 Evacuation Pause) 12M->9M(16M) 1.030ms
[14.377s][info][gc] GC(373) Pause Young (Normal) (G1 Evacuation Pause) 12M->9M(16M) 0.928ms
[14.385s][info][gc] GC(374) Pause Young (Concurrent Start) (G1 Evacuation Pause) 11M->9M(16M) 1.219ms
[14.385s][info][gc] GC(375) Concurrent Mark Cycle
[14.400s][info][gc] GC(375) Pause Remark 11M->11M(16M) 8.236ms
[14.402s][info][gc] GC(375) Pause Cleanup 11M->11M(16M) 0.042ms
[14.403s][info][gc] GC(375) Concurrent Mark Cycle 17.288ms
[14.404s][info][gc] GC(376) Pause Young (Prepare Mixed) (G1 Evacuation Pause) 11M->9M(16M) 1.153ms
[14.410s][info][gc] GC(377) Pause Young (Mixed) (G1 Evacuation Pause) 10M->9M(16M) 1.440ms
[14.420s][info][gc] GC(378) Pause Young (Normal) (G1 Evacuation Pause) 12M->9M(16M) 0.782ms
[14.430s][info][gc] GC(379) Pause Young (Normal) (G1 Evacuation Pause) 12M->9M(16M) 1.073ms
[14.442s][info][gc] GC(380) Pause Young (Normal) (G1 Evacuation Pause) 12M->9M(16M) 0.701ms
[14.451s][info][gc] GC(381) Pause Young (Normal) (G1 Evacuation Pause) 12M->9M(16M) 0.901ms
[14.462s][info][gc] GC(382) Pause Young (Normal) (G1 Evacuation Pause) 12M->9M(16M) 0.789ms
[14.472s][info][gc] GC(383) Pause Young (Normal) (G1 Evacuation Pause) 12M->9M(16M) 1.127ms
[14.482s][info][gc] GC(384) Pause Young (Normal) (G1 Evacuation Pause) 12M->9M(16M) 0.934ms
[14.501s][info][gc] GC(385) Pause Young (Normal) (G1 Evacuation Pause) 12M->9M(16M) 1.439ms
[14.512s][info][gc] GC(386) Pause Young (Normal) (G1 Evacuation Pause) 12M->9M(16M) 0.870ms
[14.523s][info][gc] GC(387) Pause Young (Normal) (G1 Evacuation Pause) 12M->9M(16M) 1.030ms
[14.532s][info][gc] GC(388) Pause Young (Normal) (G1 Evacuation Pause) 12M->9M(16M) 0.772ms
[14.545s][info][gc] GC(389) Pause Young (Concurrent Start) (G1 Evacuation Pause) 11M->9M(16M) 1.241ms
[14.545s][info][gc] GC(390) Concurrent Mark Cycle
[14.560s][info][gc] GC(390) Pause Remark 11M->11M(16M) 8.924ms
[14.565s][info][gc] GC(390) Pause Cleanup 11M->11M(16M) 0.072ms
[14.565s][info][gc] GC(390) Concurrent Mark Cycle 20.256ms
[14.568s][info][gc] GC(391) Pause Young (Prepare Mixed) (G1 Evacuation Pause) 11M->9M(16M) 1.135ms
[14.574s][info][gc] GC(392) Pause Young (Mixed) (G1 Evacuation Pause) 10M->9M(16M) 1.520ms
[14.589s][info][gc] GC(393) Pause Young (Normal) (G1 Evacuation Pause) 12M->9M(16M) 1.021ms
[14.602s][info][gc] GC(394) Pause Young (Normal) (G1 Evacuation Pause) 12M->9M(16M) 0.950ms
[14.616s][info][gc] GC(395) Pause Young (Normal) (G1 Evacuation Pause) 12M->9M(16M) 0.796ms
[14.627s][info][gc] GC(396) Pause Young (Normal) (G1 Evacuation Pause) 12M->9M(16M) 1.185ms
[14.639s][info][gc] GC(397) Pause Young (Normal) (G1 Evacuation Pause) 12M->9M(16M) 0.929ms
[14.647s][info][gc] GC(398) Pause Young (Concurrent Start) (G1 Evacuation Pause) 11M->9M(16M) 1.773ms
[14.647s][info][gc] GC(399) Concurrent Mark Cycle
[14.658s][info][gc] GC(399) Pause Remark 11M->11M(16M) 5.544ms
[14.661s][info][gc] GC(400) Pause Young (Normal) (G1 Evacuation Pause) 11M->9M(16M) 1.038ms
[14.663s][info][gc] GC(399) Pause Cleanup 10M->10M(16M) 0.035ms
[14.663s][info][gc] GC(399) Concurrent Mark Cycle 16.099ms
[14.669s][info][gc] GC(401) Pause Young (Prepare Mixed) (G1 Evacuation Pause) 11M->9M(16M) 0.750ms
[14.674s][info][gc] GC(402) Pause Young (Mixed) (G1 Evacuation Pause) 10M->9M(16M) 1.983ms
[14.685s][info][gc] GC(403) Pause Young (Normal) (G1 Evacuation Pause) 12M->9M(16M) 0.893ms
[14.698s][info][gc] GC(404) Pause Young (Normal) (G1 Evacuation Pause) 12M->9M(16M) 0.674ms
[14.705s][info][gc] GC(405) Pause Young (Concurrent Start) (G1 Evacuation Pause) 11M->9M(16M) 1.063ms
[14.705s][info][gc] GC(406) Concurrent Mark Cycle
[14.717s][info][gc] GC(406) Pause Remark 11M->11M(16M) 5.786ms
[14.719s][info][gc] GC(407) Pause Young (Normal) (G1 Evacuation Pause) 11M->9M(16M) 0.716ms
[14.720s][info][gc] GC(406) Pause Cleanup 10M->10M(16M) 0.032ms
[14.720s][info][gc] GC(406) Concurrent Mark Cycle 15.625ms
[14.726s][info][gc] GC(408) Pause Young (Prepare Mixed) (G1 Evacuation Pause) 11M->9M(16M) 0.898ms
[14.730s][info][gc] GC(409) Pause Young (Mixed) (G1 Evacuation Pause) 10M->9M(16M) 1.383ms
[14.739s][info][gc] GC(410) Pause Young (Normal) (G1 Evacuation Pause) 12M->9M(16M) 0.654ms
[14.745s][info][gc] GC(411) Pause Young (Normal) (G1 Evacuation Pause) 11M->9M(16M) 0.698ms
[14.751s][info][gc] GC(412) Pause Young (Normal) (G1 Evacuation Pause) 11M->9M(16M) 1.034ms
[14.757s][info][gc] GC(413) Pause Young (Normal) (G1 Evacuation Pause) 11M->9M(16M) 1.217ms
[14.764s][info][gc] GC(414) Pause Young (Normal) (G1 Evacuation Pause) 11M->9M(16M) 1.047ms
[14.771s][info][gc] GC(415) Pause Young (Normal) (G1 Evacuation Pause) 11M->9M(16M) 0.983ms
[14.778s][info][gc] GC(416) Pause Young (Normal) (G1 Evacuation Pause) 11M->9M(16M) 0.922ms
[14.784s][info][gc] GC(417) Pause Young (Normal) (G1 Evacuation Pause) 11M->9M(16M) 0.802ms
[14.790s][info][gc] GC(418) Pause Young (Normal) (G1 Evacuation Pause) 11M->9M(16M) 0.617ms
[14.796s][info][gc] GC(419) Pause Young (Normal) (G1 Evacuation Pause) 11M->9M(16M) 0.733ms
[14.802s][info][gc] GC(420) Pause Young (Normal) (G1 Evacuation Pause) 11M->9M(16M) 0.874ms
[14.810s][info][gc] GC(421) Pause Young (Normal) (G1 Evacuation Pause) 11M->9M(16M) 0.819ms
[14.818s][info][gc] GC(422) Pause Young (Normal) (G1 Evacuation Pause) 11M->9M(16M) 0.773ms
[14.825s][info][gc] GC(423) Pause Young (Normal) (G1 Evacuation Pause) 11M->9M(16M) 0.851ms
[14.832s][info][gc] GC(424) Pause Young (Normal) (G1 Evacuation Pause) 11M->9M(16M) 0.691ms
[14.837s][info][gc] GC(425) Pause Young (Normal) (G1 Evacuation Pause) 11M->9M(16M) 0.692ms
[14.843s][info][gc] GC(426) Pause Young (Normal) (G1 Evacuation Pause) 11M->9M(16M) 0.579ms
[14.849s][info][gc] GC(427) Pause Young (Normal) (G1 Evacuation Pause) 11M->10M(16M) 0.771ms
[14.855s][info][gc] GC(428) Pause Young (Normal) (G1 Evacuation Pause) 12M->9M(16M) 0.859ms
[14.861s][info][gc] GC(429) Pause Young (Normal) (G1 Evacuation Pause) 11M->10M(16M) 0.860ms
[14.867s][info][gc] GC(430) Pause Young (Normal) (G1 Evacuation Pause) 12M->10M(16M) 0.873ms
[14.874s][info][gc] GC(431) Pause Young (Normal) (G1 Evacuation Pause) 12M->10M(16M) 0.794ms
[14.880s][info][gc] GC(432) Pause Young (Normal) (G1 Evacuation Pause) 12M->10M(16M) 0.678ms
[14.888s][info][gc] GC(433) Pause Young (Normal) (G1 Evacuation Pause) 12M->10M(16M) 1.374ms
[14.906s][info][gc] GC(434) Pause Young (Normal) (G1 Evacuation Pause) 12M->10M(16M) 0.938ms
[14.915s][info][gc] GC(435) Pause Young (Normal) (G1 Evacuation Pause) 12M->10M(16M) 0.839ms
[14.925s][info][gc] GC(436) Pause Young (Normal) (G1 Evacuation Pause) 12M->10M(16M) 0.927ms
[14.933s][info][gc] GC(437) Pause Young (Normal) (G1 Evacuation Pause) 12M->10M(16M) 0.753ms
[14.940s][info][gc] GC(438) Pause Young (Normal) (G1 Evacuation Pause) 12M->10M(16M) 0.647ms
[14.950s][info][gc] GC(439) Pause Young (Normal) (G1 Evacuation Pause) 12M->10M(16M) 0.785ms
[14.962s][info][gc] GC(440) Pause Young (Normal) (G1 Evacuation Pause) 12M->10M(16M) 0.962ms
[14.973s][info][gc] GC(441) Pause Young (Normal) (G1 Evacuation Pause) 12M->10M(16M) 1.022ms
[14.982s][info][gc] GC(442) Pause Young (Normal) (G1 Evacuation Pause) 12M->10M(16M) 0.897ms
[14.990s][info][gc] GC(443) Pause Young (Normal) (G1 Evacuation Pause) 12M->10M(16M) 0.758ms
[14.997s][info][gc] GC(444) Pause Young (Normal) (G1 Evacuation Pause) 12M->10M(16M) 0.825ms
[15.001s][info][gc] GC(445) Pause Young (Concurrent Start) (G1 Evacuation Pause) 11M->10M(16M) 1.083ms
[15.002s][info][gc] GC(446) Concurrent Mark Cycle
[15.005s][info][gc] GC(447) Pause Young (Normal) (G1 Evacuation Pause) 11M->10M(16M) 0.800ms
[15.016s][info][gc] GC(446) Pause Remark 11M->11M(16M) 7.315ms
[15.018s][info][gc] GC(448) Pause Young (Normal) (G1 Evacuation Pause) 11M->10M(16M) 0.654ms
[15.020s][info][gc] GC(446) Pause Cleanup 11M->11M(16M) 0.039ms
[15.020s][info][gc] GC(446) Concurrent Mark Cycle 18.603ms
[15.022s][info][gc] GC(449) Pause Young (Prepare Mixed) (G1 Evacuation Pause) 11M->10M(16M) 0.632ms
[15.027s][info][gc] GC(450) Pause Young (Mixed) (G1 Evacuation Pause) 11M->9M(16M) 2.162ms
[15.034s][info][gc] GC(451) Pause Young (Normal) (G1 Evacuation Pause) 11M->9M(16M) 0.783ms
[15.040s][info][gc] GC(452) Pause Young (Normal) (G1 Evacuation Pause) 11M->10M(16M) 0.617ms
[15.049s][info][gc] GC(453) Pause Young (Normal) (G1 Evacuation Pause) 12M->10M(16M) 0.831ms
[15.059s][info][gc] GC(454) Pause Young (Normal) (G1 Evacuation Pause) 12M->10M(16M) 0.773ms
[15.067s][info][gc] GC(455) Pause Young (Normal) (G1 Evacuation Pause) 12M->10M(16M) 0.703ms
[15.075s][info][gc] GC(456) Pause Young (Normal) (G1 Evacuation Pause) 12M->10M(16M) 0.652ms
[15.081s][info][gc] GC(457) Pause Young (Normal) (G1 Evacuation Pause) 12M->10M(16M) 0.677ms
[15.090s][info][gc] GC(458) Pause Young (Normal) (G1 Evacuation Pause) 12M->10M(16M) 1.072ms
[15.099s][info][gc] GC(459) Pause Young (Normal) (G1 Evacuation Pause) 12M->10M(16M) 0.667ms
[15.106s][info][gc] GC(460) Pause Young (Normal) (G1 Evacuation Pause) 12M->10M(16M) 0.621ms
[15.112s][info][gc] GC(461) Pause Young (Normal) (G1 Evacuation Pause) 12M->10M(16M) 1.056ms
[15.119s][info][gc] GC(462) Pause Young (Normal) (G1 Evacuation Pause) 12M->10M(16M) 0.842ms
[15.125s][info][gc] GC(463) Pause Young (Normal) (G1 Evacuation Pause) 12M->10M(16M) 1.246ms
[15.132s][info][gc] GC(464) Pause Young (Normal) (G1 Evacuation Pause) 12M->10M(16M) 0.938ms
[15.138s][info][gc] GC(465) Pause Young (Normal) (G1 Evacuation Pause) 12M->10M(16M) 0.728ms
[15.144s][info][gc] GC(466) Pause Young (Normal) (G1 Evacuation Pause) 12M->10M(16M) 0.786ms
[15.151s][info][gc] GC(467) Pause Young (Normal) (G1 Evacuation Pause) 12M->10M(16M) 0.666ms
[15.157s][info][gc] GC(468) Pause Young (Normal) (G1 Evacuation Pause) 12M->10M(16M) 0.692ms
[15.161s][info][gc] GC(469) Pause Young (Concurrent Start) (G1 Evacuation Pause) 11M->10M(16M) 1.252ms
[15.161s][info][gc] GC(470) Concurrent Mark Cycle
[15.167s][info][gc] GC(471) Pause Young (Normal) (G1 Evacuation Pause) 11M->10M(16M) 0.998ms
[15.177s][info][gc] GC(470) Pause Remark 10M->10M(16M) 8.327ms
[15.180s][info][gc] GC(470) Pause Cleanup 11M->11M(16M) 0.041ms
[15.181s][info][gc] GC(470) Concurrent Mark Cycle 19.677ms
[15.183s][info][gc] GC(472) Pause Young (Prepare Mixed) (G1 Evacuation Pause) 11M->10M(16M) 0.818ms
[15.190s][info][gc] GC(473) Pause Young (Mixed) (G1 Evacuation Pause) 11M->10M(16M) 1.161ms
[15.200s][info][gc] GC(474) Pause Young (Normal) (G1 Evacuation Pause) 12M->10M(16M) 0.717ms
[15.210s][info][gc] GC(475) Pause Young (Normal) (G1 Evacuation Pause) 12M->10M(16M) 1.160ms
[15.220s][info][gc] GC(476) Pause Young (Normal) (G1 Evacuation Pause) 12M->10M(16M) 0.901ms
[15.230s][info][gc] GC(477) Pause Young (Normal) (G1 Evacuation Pause) 12M->10M(16M) 0.900ms
[15.240s][info][gc] GC(478) Pause Young (Normal) (G1 Evacuation Pause) 12M->10M(16M) 0.809ms
[15.249s][info][gc] GC(479) Pause Young (Normal) (G1 Evacuation Pause) 12M->10M(16M) 0.780ms
[15.259s][info][gc] GC(480) Pause Young (Normal) (G1 Evacuation Pause) 12M->10M(16M) 0.799ms
[15.275s][info][gc] GC(481) Pause Young (Normal) (G1 Evacuation Pause) 12M->10M(16M) 1.044ms
[15.303s][info][gc] GC(482) Pause Young (Normal) (G1 Evacuation Pause) 12M->10M(16M) 0.771ms
[15.315s][info][gc] GC(483) Pause Young (Normal) (G1 Evacuation Pause) 12M->10M(16M) 0.886ms
[15.326s][info][gc] GC(484) Pause Young (Normal) (G1 Evacuation Pause) 12M->10M(16M) 1.362ms
[15.333s][info][gc] GC(485) Pause Young (Concurrent Start) (G1 Evacuation Pause) 11M->10M(16M) 1.774ms
[15.333s][info][gc] GC(486) Concurrent Mark Cycle
[15.340s][info][gc] GC(487) Pause Young (Normal) (G1 Evacuation Pause) 11M->10M(16M) 1.074ms
[15.351s][info][gc] GC(486) Pause Remark 10M->10M(16M) 7.841ms
[15.356s][info][gc] GC(488) Pause Young (Normal) (G1 Evacuation Pause) 11M->10M(16M) 1.523ms
[15.357s][info][gc] GC(486) Pause Cleanup 10M->10M(16M) 0.039ms
[15.357s][info][gc] GC(486) Concurrent Mark Cycle 23.574ms
[15.363s][info][gc] GC(489) Pause Young (Prepare Mixed) (G1 Evacuation Pause) 11M->10M(16M) 1.028ms
[15.369s][info][gc] GC(490) Pause Young (Mixed) (G1 Evacuation Pause) 11M->10M(16M) 1.785ms
[15.379s][info][gc] GC(491) Pause Young (Normal) (G1 Evacuation Pause) 12M->10M(16M) 0.877ms
[15.388s][info][gc] GC(492) Pause Young (Normal) (G1 Evacuation Pause) 12M->10M(16M) 1.170ms
[15.395s][info][gc] GC(493) Pause Young (Concurrent Start) (G1 Evacuation Pause) 11M->10M(16M) 1.284ms
[15.395s][info][gc] GC(494) Concurrent Mark Cycle
[15.401s][info][gc] GC(495) Pause Young (Normal) (G1 Evacuation Pause) 11M->10M(16M) 0.981ms
[15.412s][info][gc] GC(494) Pause Remark 10M->10M(16M) 8.320ms
[15.415s][info][gc] GC(494) Pause Cleanup 11M->11M(16M) 0.047ms
[15.415s][info][gc] GC(494) Concurrent Mark Cycle 20.702ms
[15.418s][info][gc] GC(496) Pause Young (Prepare Mixed) (G1 Evacuation Pause) 11M->10M(16M) 1.135ms
[15.426s][info][gc] GC(497) Pause Young (Mixed) (G1 Evacuation Pause) 11M->10M(16M) 1.833ms
[15.436s][info][gc] GC(498) Pause Young (Normal) (G1 Evacuation Pause) 12M->10M(16M) 0.813ms
[15.442s][info][gc] GC(499) Pause Young (Normal) (G1 Evacuation Pause) 11M->10M(16M) 0.821ms
[15.449s][info][gc] GC(500) Pause Young (Normal) (G1 Evacuation Pause) 11M->10M(16M) 0.829ms
[15.453s][info][gc] GC(501) Pause Young (Normal) (G1 Evacuation Pause) 11M->10M(16M) 0.840ms
[15.457s][info][gc] GC(502) Pause Young (Normal) (G1 Evacuation Pause) 11M->10M(16M) 0.667ms
[15.461s][info][gc] GC(503) Pause Young (Normal) (G1 Evacuation Pause) 11M->10M(16M) 0.831ms
[15.465s][info][gc] GC(504) Pause Young (Normal) (G1 Evacuation Pause) 11M->10M(16M) 1.080ms
[15.469s][info][gc] GC(505) Pause Young (Normal) (G1 Evacuation Pause) 11M->10M(16M) 0.653ms
[15.473s][info][gc] GC(506) Pause Young (Normal) (G1 Evacuation Pause) 11M->10M(16M) 0.799ms
[15.478s][info][gc] GC(507) Pause Young (Normal) (G1 Evacuation Pause) 11M->10M(16M) 0.770ms
[15.483s][info][gc] GC(508) Pause Young (Normal) (G1 Evacuation Pause) 11M->10M(16M) 0.808ms
[15.488s][info][gc] GC(509) Pause Young (Normal) (G1 Evacuation Pause) 11M->10M(16M) 0.917ms
[15.494s][info][gc] GC(510) Pause Young (Normal) (G1 Evacuation Pause) 11M->10M(16M) 1.454ms
[15.504s][info][gc] GC(511) Pause Young (Normal) (G1 Evacuation Pause) 11M->10M(16M) 1.016ms
[15.509s][info][gc] GC(512) Pause Young (Normal) (G1 Evacuation Pause) 11M->10M(16M) 0.701ms
[15.514s][info][gc] GC(513) Pause Young (Normal) (G1 Evacuation Pause) 11M->10M(16M) 1.141ms
[15.518s][info][gc] GC(514) Pause Young (Normal) (G1 Evacuation Pause) 11M->10M(16M) 0.581ms
[15.524s][info][gc] GC(515) Pause Young (Normal) (G1 Evacuation Pause) 11M->10M(16M) 0.742ms
[15.528s][info][gc] GC(516) Pause Young (Normal) (G1 Evacuation Pause) 11M->10M(16M) 0.852ms
[15.532s][info][gc] GC(517) Pause Young (Normal) (G1 Evacuation Pause) 11M->10M(16M) 0.610ms
[15.536s][info][gc] GC(518) Pause Young (Normal) (G1 Evacuation Pause) 11M->10M(16M) 0.888ms
[15.540s][info][gc] GC(519) Pause Young (Normal) (G1 Evacuation Pause) 11M->10M(16M) 0.720ms
[15.545s][info][gc] GC(520) Pause Young (Normal) (G1 Evacuation Pause) 11M->10M(16M) 0.846ms
[15.550s][info][gc] GC(521) Pause Young (Normal) (G1 Evacuation Pause) 11M->10M(16M) 0.875ms
[15.554s][info][gc] GC(522) Pause Young (Normal) (G1 Evacuation Pause) 11M->10M(16M) 0.815ms
[15.560s][info][gc] GC(523) Pause Young (Normal) (G1 Evacuation Pause) 11M->10M(16M) 0.590ms
[15.567s][info][gc] GC(524) Pause Young (Normal) (G1 Evacuation Pause) 11M->10M(16M) 0.701ms
[15.572s][info][gc] GC(525) Pause Young (Normal) (G1 Evacuation Pause) 11M->10M(16M) 0.732ms
[15.576s][info][gc] GC(526) Pause Young (Normal) (G1 Evacuation Pause) 11M->10M(16M) 0.861ms
[15.579s][info][gc] GC(527) Pause Young (Normal) (G1 Evacuation Pause) 11M->11M(16M) 0.547ms
[15.583s][info][gc] GC(528) Pause Young (Normal) (G1 Evacuation Pause) 12M->11M(16M) 1.133ms
[15.587s][info][gc] GC(529) Pause Young (Normal) (G1 Evacuation Pause) 12M->11M(16M) 0.630ms
[15.590s][info][gc] GC(530) Pause Young (Normal) (G1 Evacuation Pause) 12M->11M(16M) 0.714ms
[15.594s][info][gc] GC(531) Pause Young (Normal) (G1 Evacuation Pause) 12M->11M(16M) 0.602ms
[15.598s][info][gc] GC(532) Pause Young (Normal) (G1 Evacuation Pause) 12M->11M(16M) 0.876ms
[15.602s][info][gc] GC(533) Pause Young (Normal) (G1 Evacuation Pause) 12M->11M(16M) 0.649ms
[15.606s][info][gc] GC(534) Pause Young (Normal) (G1 Evacuation Pause) 12M->11M(16M) 0.702ms
[15.610s][info][gc] GC(535) Pause Young (Normal) (G1 Evacuation Pause) 12M->11M(16M) 0.686ms
[15.614s][info][gc] GC(536) Pause Young (Normal) (G1 Evacuation Pause) 12M->11M(16M) 0.786ms
[15.618s][info][gc] GC(537) Pause Young (Normal) (G1 Evacuation Pause) 12M->11M(16M) 1.013ms
[15.623s][info][gc] GC(538) Pause Young (Normal) (G1 Evacuation Pause) 12M->11M(16M) 0.739ms
[15.629s][info][gc] GC(539) Pause Young (Normal) (G1 Evacuation Pause) 12M->11M(16M) 0.703ms
[15.633s][info][gc] GC(540) Pause Young (Normal) (G1 Evacuation Pause) 12M->11M(16M) 0.797ms
[15.637s][info][gc] GC(541) Pause Young (Normal) (G1 Evacuation Pause) 12M->11M(16M) 0.644ms
[15.640s][info][gc] GC(542) Pause Young (Normal) (G1 Evacuation Pause) 12M->11M(16M) 0.665ms
[15.645s][info][gc] GC(543) Pause Young (Normal) (G1 Evacuation Pause) 12M->11M(16M) 0.739ms
[15.648s][info][gc] GC(544) Pause Young (Normal) (G1 Evacuation Pause) 12M->11M(16M) 0.688ms
[15.652s][info][gc] GC(545) Pause Young (Normal) (G1 Evacuation Pause) 12M->11M(16M) 0.907ms
[15.656s][info][gc] GC(546) Pause Young (Concurrent Start) (G1 Evacuation Pause) 12M->11M(16M) 0.952ms
[15.656s][info][gc] GC(547) Concurrent Mark Cycle
[15.660s][info][gc] GC(548) Pause Young (Normal) (G1 Evacuation Pause) 12M->11M(16M) 0.822ms
[15.664s][info][gc] GC(549) Pause Young (Normal) (G1 Evacuation Pause) 12M->11M(16M) 0.685ms
[15.672s][info][gc] GC(547) Pause Remark 11M->11M(16M) 7.227ms
[15.676s][info][gc] GC(550) Pause Young (Normal) (G1 Evacuation Pause) 12M->11M(16M) 0.640ms
[15.677s][info][gc] GC(547) Pause Cleanup 11M->11M(16M) 0.034ms
[15.677s][info][gc] GC(547) Concurrent Mark Cycle 21.557ms
[15.680s][info][gc] GC(551) Pause Young (Prepare Mixed) (G1 Evacuation Pause) 12M->11M(16M) 0.717ms
[15.684s][info][gc] GC(552) Pause Young (Mixed) (G1 Preventive Collection) 12M->11M(16M) 1.042ms
[15.688s][info][gc] GC(553) Pause Young (Normal) (G1 Evacuation Pause) 12M->11M(16M) 0.877ms
[15.694s][info][gc] GC(554) Pause Young (Normal) (G1 Evacuation Pause) 12M->11M(16M) 1.404ms
[15.701s][info][gc] GC(555) Pause Young (Normal) (G1 Evacuation Pause) 12M->11M(16M) 0.844ms
[15.706s][info][gc] GC(556) Pause Young (Normal) (G1 Evacuation Pause) 12M->11M(16M) 0.676ms
[15.710s][info][gc] GC(557) Pause Young (Normal) (G1 Evacuation Pause) 12M->11M(16M) 0.748ms
[15.717s][info][gc] GC(558) Pause Young (Normal) (G1 Evacuation Pause) 12M->11M(16M) 0.704ms
[15.721s][info][gc] GC(559) Pause Young (Normal) (G1 Evacuation Pause) 12M->11M(16M) 0.698ms
[15.725s][info][gc] GC(560) Pause Young (Normal) (G1 Evacuation Pause) 12M->11M(16M) 0.759ms
[15.728s][info][gc] GC(561) Pause Young (Normal) (G1 Evacuation Pause) 12M->11M(16M) 0.707ms
[15.732s][info][gc] GC(562) Pause Young (Normal) (G1 Evacuation Pause) 12M->11M(16M) 0.714ms
[15.735s][info][gc] GC(563) Pause Young (Normal) (G1 Evacuation Pause) 12M->11M(16M) 0.707ms
[15.738s][info][gc] GC(564) Pause Young (Normal) (G1 Evacuation Pause) 12M->11M(16M) 0.528ms
[15.741s][info][gc] GC(565) Pause Young (Normal) (G1 Evacuation Pause) 12M->11M(16M) 0.482ms
[15.745s][info][gc] GC(566) Pause Young (Normal) (G1 Evacuation Pause) 12M->11M(16M) 0.540ms
[15.748s][info][gc] GC(567) Pause Young (Concurrent Start) (G1 Evacuation Pause) 12M->11M(16M) 0.724ms
[15.748s][info][gc] GC(568) Concurrent Mark Cycle
[15.752s][info][gc] GC(569) Pause Young (Normal) (G1 Evacuation Pause) 12M->11M(16M) 0.741ms
[15.755s][info][gc] GC(570) Pause Young (Normal) (G1 Evacuation Pause) 12M->11M(16M) 0.629ms
[15.764s][info][gc] GC(568) Pause Remark 11M->11M(16M) 7.965ms
[15.768s][info][gc] GC(568) Pause Cleanup 12M->12M(16M) 0.050ms
[15.768s][info][gc] GC(568) Concurrent Mark Cycle 20.186ms
[15.771s][info][gc] GC(571) Pause Young (Prepare Mixed) (G1 Evacuation Pause) 12M->11M(16M) 0.921ms
[15.776s][info][gc] GC(572) Pause Young (Mixed) (G1 Preventive Collection) 12M->11M(16M) 1.895ms
[15.780s][info][gc] GC(573) Pause Young (Normal) (G1 Evacuation Pause) 12M->11M(16M) 0.674ms
[15.784s][info][gc] GC(574) Pause Young (Normal) (G1 Evacuation Pause) 12M->11M(16M) 0.837ms
[15.789s][info][gc] GC(575) Pause Young (Concurrent Start) (G1 Evacuation Pause) 12M->11M(16M) 0.856ms
[15.789s][info][gc] GC(576) Concurrent Mark Cycle
[15.794s][info][gc] GC(577) Pause Young (Normal) (G1 Evacuation Pause) 12M->11M(16M) 0.802ms
[15.798s][info][gc] GC(578) Pause Young (Normal) (G1 Evacuation Pause) 12M->11M(16M) 0.807ms
[15.804s][info][gc] GC(576) Pause Remark 11M->11M(16M) 5.623ms
[15.808s][info][gc] GC(576) Pause Cleanup 11M->11M(16M) 0.048ms
[15.808s][info][gc] GC(576) Concurrent Mark Cycle 18.736ms
[15.811s][info][gc] GC(579) Pause Young (Prepare Mixed) (G1 Evacuation Pause) 12M->11M(16M) 0.724ms
[15.815s][info][gc] GC(580) Pause Young (Mixed) (G1 Preventive Collection) 12M->11M(16M) 1.370ms
[15.819s][info][gc] GC(581) Pause Young (Normal) (G1 Evacuation Pause) 12M->11M(16M) 0.818ms
[15.824s][info][gc] GC(582) Pause Young (Normal) (G1 Evacuation Pause) 12M->11M(16M) 1.045ms
[15.830s][info][gc] GC(583) Pause Young (Concurrent Start) (G1 Evacuation Pause) 12M->11M(16M) 1.016ms
[15.830s][info][gc] GC(584) Concurrent Mark Cycle
[15.834s][info][gc] GC(585) Pause Young (Normal) (G1 Evacuation Pause) 12M->11M(16M) 0.872ms
[15.838s][info][gc] GC(586) Pause Young (Normal) (G1 Evacuation Pause) 12M->11M(16M) 0.665ms
[15.845s][info][gc] GC(584) Pause Remark 12M->12M(16M) 5.507ms
[15.848s][info][gc] GC(587) Pause Young (Normal) (G1 Evacuation Pause) 12M->11M(16M) 0.627ms
[15.849s][info][gc] GC(584) Pause Cleanup 11M->11M(16M) 0.034ms
[15.849s][info][gc] GC(584) Concurrent Mark Cycle 19.524ms
[15.852s][info][gc] GC(588) Pause Young (Normal) (G1 Evacuation Pause) 12M->11M(16M) 0.799ms
[15.855s][info][gc] GC(589) Pause Young (Concurrent Start) (G1 Evacuation Pause) 12M->11M(16M) 0.719ms
[15.856s][info][gc] GC(590) Concurrent Mark Cycle
[15.859s][info][gc] GC(591) Pause Young (Normal) (G1 Evacuation Pause) 12M->11M(16M) 0.606ms
[15.862s][info][gc] GC(592) Pause Young (Normal) (G1 Evacuation Pause) 12M->11M(16M) 0.574ms
[15.869s][info][gc] GC(590) Pause Remark 12M->12M(16M) 5.484ms
[15.873s][info][gc] GC(593) Pause Young (Normal) (G1 Evacuation Pause) 12M->11M(16M) 0.748ms
[15.874s][info][gc] GC(590) Pause Cleanup 11M->11M(16M) 0.042ms
[15.874s][info][gc] GC(590) Concurrent Mark Cycle 18.333ms
[15.879s][info][gc] GC(594) Pause Young (Normal) (G1 Evacuation Pause) 12M->11M(16M) 0.598ms
[15.883s][info][gc] GC(595) Pause Young (Concurrent Start) (G1 Evacuation Pause) 12M->11M(16M) 1.051ms
[15.884s][info][gc] GC(596) Concurrent Mark Cycle
[15.889s][info][gc] GC(597) Pause Young (Normal) (G1 Evacuation Pause) 12M->11M(16M) 1.304ms
[15.905s][info][gc] GC(596) Pause Remark 12M->12M(16M) 11.878ms
[15.910s][info][gc] GC(598) Pause Young (Normal) (G1 Evacuation Pause) 12M->11M(16M) 1.068ms
[15.911s][info][gc] GC(596) Pause Cleanup 11M->11M(16M) 0.047ms
[15.911s][info][gc] GC(596) Concurrent Mark Cycle 27.655ms
[15.915s][info][gc] GC(599) Pause Young (Normal) (G1 Evacuation Pause) 12M->11M(16M) 0.779ms
[15.920s][info][gc] GC(600) Pause Young (Concurrent Start) (G1 Evacuation Pause) 12M->11M(16M) 0.830ms
[15.920s][info][gc] GC(601) Concurrent Mark Cycle
[15.924s][info][gc] GC(602) Pause Young (Normal) (G1 Evacuation Pause) 12M->11M(16M) 0.911ms
[15.930s][info][gc] GC(603) Pause Young (Normal) (G1 Evacuation Pause) 12M->11M(16M) 0.929ms
[15.936s][info][gc] GC(601) Pause Remark 11M->11M(16M) 5.391ms
[15.940s][info][gc] GC(601) Pause Cleanup 12M->12M(16M) 0.048ms
[15.940s][info][gc] GC(601) Concurrent Mark Cycle 20.360ms
[15.942s][info][gc] GC(604) Pause Young (Normal) (G1 Evacuation Pause) 12M->11M(16M) 0.715ms
[15.946s][info][gc] GC(605) Pause Young (Concurrent Start) (G1 Evacuation Pause) 12M->11M(16M) 0.962ms
[15.946s][info][gc] GC(606) Concurrent Mark Cycle
[15.950s][info][gc] GC(607) Pause Young (Normal) (G1 Evacuation Pause) 12M->11M(16M) 0.645ms
[15.953s][info][gc] GC(608) Pause Young (Normal) (G1 Evacuation Pause) 12M->11M(16M) 0.660ms
[15.960s][info][gc] GC(606) Pause Remark 12M->12M(16M) 5.757ms
[15.964s][info][gc] GC(609) Pause Young (Normal) (G1 Evacuation Pause) 12M->11M(16M) 0.787ms
[15.965s][info][gc] GC(606) Pause Cleanup 12M->12M(16M) 0.045ms
[15.965s][info][gc] GC(606) Concurrent Mark Cycle 19.403ms
[15.969s][info][gc] GC(610) Pause Young (Normal) (G1 Evacuation Pause) 12M->11M(16M) 0.632ms
[15.973s][info][gc] GC(611) Pause Young (Concurrent Start) (G1 Evacuation Pause) 12M->11M(16M) 0.983ms
[15.973s][info][gc] GC(612) Concurrent Mark Cycle
[15.976s][info][gc] GC(613) Pause Young (Normal) (G1 Evacuation Pause) 12M->11M(16M) 0.618ms
[15.980s][info][gc] GC(614) Pause Young (Normal) (G1 Evacuation Pause) 12M->11M(16M) 0.744ms
[15.987s][info][gc] GC(612) Pause Remark 12M->12M(16M) 5.859ms
[15.991s][info][gc] GC(615) Pause Young (Normal) (G1 Evacuation Pause) 12M->11M(16M) 0.574ms
[15.991s][info][gc] GC(612) Pause Cleanup 12M->12M(16M) 0.030ms
[15.991s][info][gc] GC(612) Concurrent Mark Cycle 18.623ms
[15.995s][info][gc] GC(616) Pause Young (Normal) (G1 Evacuation Pause) 12M->11M(16M) 0.646ms
[15.998s][info][gc] GC(617) Pause Young (Concurrent Start) (G1 Evacuation Pause) 12M->11M(16M) 0.608ms
[15.998s][info][gc] GC(618) Concurrent Mark Cycle
[16.002s][info][gc] GC(619) Pause Young (Normal) (G1 Evacuation Pause) 12M->12M(16M) 0.767ms
[16.005s][info][gc] GC(620) Pause Young (Normal) (G1 Evacuation Pause) 13M->12M(16M) 0.503ms
[16.011s][info][gc] GC(618) Pause Remark 12M->12M(16M) 4.605ms
[16.014s][info][gc] GC(621) Pause Young (Normal) (G1 Evacuation Pause) 13M->12M(16M) 0.728ms
[16.016s][info][gc] GC(618) Pause Cleanup 12M->12M(16M) 0.038ms
[16.016s][info][gc] GC(618) Concurrent Mark Cycle 17.771ms
[16.019s][info][gc] GC(622) Pause Young (Normal) (G1 Evacuation Pause) 13M->12M(16M) 0.664ms
[16.022s][info][gc] GC(623) Pause Young (Concurrent Start) (G1 Evacuation Pause) 13M->12M(16M) 0.712ms
[16.022s][info][gc] GC(624) Concurrent Mark Cycle
[16.026s][info][gc] GC(625) Pause Young (Normal) (G1 Evacuation Pause) 13M->12M(16M) 0.740ms
[16.030s][info][gc] GC(626) Pause Young (Normal) (G1 Evacuation Pause) 13M->12M(16M) 0.543ms
[16.037s][info][gc] GC(624) Pause Remark 12M->12M(16M) 4.859ms
[16.039s][info][gc] GC(627) Pause Young (Normal) (G1 Evacuation Pause) 13M->12M(16M) 0.538ms
[16.041s][info][gc] GC(624) Pause Cleanup 12M->12M(16M) 0.035ms
[16.041s][info][gc] GC(624) Concurrent Mark Cycle 18.770ms
[16.044s][info][gc] GC(628) Pause Young (Normal) (G1 Evacuation Pause) 13M->12M(16M) 0.607ms
[16.047s][info][gc] GC(629) Pause Young (Concurrent Start) (G1 Evacuation Pause) 13M->12M(16M) 0.869ms
[16.047s][info][gc] GC(630) Concurrent Mark Cycle
[16.051s][info][gc] GC(631) Pause Young (Normal) (G1 Evacuation Pause) 13M->12M(16M) 0.632ms
[16.054s][info][gc] GC(632) Pause Young (Normal) (G1 Evacuation Pause) 13M->12M(16M) 0.728ms
[16.061s][info][gc] GC(630) Pause Remark 12M->12M(16M) 5.123ms
[16.065s][info][gc] GC(633) Pause Young (Normal) (G1 Evacuation Pause) 13M->12M(16M) 0.577ms
[16.066s][info][gc] GC(630) Pause Cleanup 12M->12M(16M) 0.031ms
[16.066s][info][gc] GC(630) Concurrent Mark Cycle 18.740ms
[16.069s][info][gc] GC(634) Pause Young (Normal) (G1 Evacuation Pause) 13M->12M(16M) 0.681ms
[16.072s][info][gc] GC(635) Pause Young (Concurrent Start) (G1 Evacuation Pause) 13M->12M(16M) 0.774ms
[16.072s][info][gc] GC(636) Concurrent Mark Cycle
[16.076s][info][gc] GC(637) Pause Young (Normal) (G1 Evacuation Pause) 13M->12M(16M) 0.802ms
[16.080s][info][gc] GC(638) Pause Young (Normal) (G1 Evacuation Pause) 13M->12M(16M) 0.588ms
[16.087s][info][gc] GC(636) Pause Remark 12M->12M(16M) 5.542ms
[16.091s][info][gc] GC(636) Pause Cleanup 13M->13M(16M) 0.071ms
[16.093s][info][gc] GC(639) Pause Young (Prepare Mixed) (G1 Preventive Collection) 13M->12M(16M) 0.959ms
[16.093s][info][gc] GC(636) Concurrent Mark Cycle 20.521ms
[16.099s][info][gc] GC(640) Pause Young (Mixed) (G1 Preventive Collection) 13M->12M(16M) 1.533ms
[16.104s][info][gc] GC(641) Pause Young (Normal) (G1 Evacuation Pause) 13M->12M(16M) 0.753ms
[16.108s][info][gc] GC(642) Pause Young (Normal) (G1 Evacuation Pause) 13M->12M(16M) 0.635ms
[16.113s][info][gc] GC(643) Pause Young (Concurrent Start) (G1 Evacuation Pause) 13M->12M(16M) 1.305ms
[16.113s][info][gc] GC(644) Concurrent Mark Cycle
[16.119s][info][gc] GC(645) Pause Young (Normal) (G1 Evacuation Pause) 13M->12M(16M) 0.873ms
[16.129s][info][gc] GC(644) Pause Remark 12M->12M(16M) 7.154ms
[16.132s][info][gc] GC(646) Pause Young (Normal) (G1 Evacuation Pause) 13M->12M(16M) 0.912ms
[16.134s][info][gc] GC(644) Pause Cleanup 12M->12M(16M) 0.033ms
[16.134s][info][gc] GC(644) Concurrent Mark Cycle 20.830ms
[16.137s][info][gc] GC(647) Pause Young (Normal) (G1 Evacuation Pause) 13M->12M(16M) 0.632ms
[16.141s][info][gc] GC(648) Pause Young (Concurrent Start) (G1 Evacuation Pause) 13M->12M(16M) 0.892ms
[16.141s][info][gc] GC(649) Concurrent Mark Cycle
[16.145s][info][gc] GC(650) Pause Young (Normal) (G1 Evacuation Pause) 13M->12M(16M) 0.917ms
[16.149s][info][gc] GC(651) Pause Young (Normal) (G1 Evacuation Pause) 13M->12M(16M) 0.610ms
[16.156s][info][gc] GC(649) Pause Remark 12M->12M(16M) 5.283ms
[16.159s][info][gc] GC(652) Pause Young (Normal) (G1 Evacuation Pause) 13M->12M(16M) 0.807ms
[16.160s][info][gc] GC(649) Pause Cleanup 12M->12M(16M) 0.036ms
[16.161s][info][gc] GC(649) Concurrent Mark Cycle 19.284ms
[16.163s][info][gc] GC(653) Pause Young (Normal) (G1 Evacuation Pause) 13M->12M(16M) 0.540ms
[16.167s][info][gc] GC(654) Pause Young (Concurrent Start) (G1 Evacuation Pause) 13M->12M(16M) 1.205ms
[16.167s][info][gc] GC(655) Concurrent Mark Cycle
[16.172s][info][gc] GC(656) Pause Young (Normal) (G1 Evacuation Pause) 13M->12M(16M) 0.816ms
[16.178s][info][gc] GC(657) Pause Young (Normal) (G1 Evacuation Pause) 13M->12M(16M) 0.689ms
[16.184s][info][gc] GC(655) Pause Remark 12M->12M(16M) 5.778ms
[16.188s][info][gc] GC(655) Pause Cleanup 12M->12M(16M) 0.062ms
[16.188s][info][gc] GC(655) Concurrent Mark Cycle 20.996ms
[16.191s][info][gc] GC(658) Pause Young (Normal) (G1 Evacuation Pause) 13M->12M(16M) 0.740ms
[16.196s][info][gc] GC(659) Pause Young (Concurrent Start) (G1 Evacuation Pause) 13M->12M(16M) 0.851ms
[16.196s][info][gc] GC(660) Concurrent Mark Cycle
[16.200s][info][gc] GC(661) Pause Young (Normal) (G1 Evacuation Pause) 13M->12M(16M) 0.959ms
[16.205s][info][gc] GC(662) Pause Young (Normal) (G1 Preventive Collection) 13M->12M(16M) 0.870ms
[16.213s][info][gc] GC(660) Pause Remark 12M->12M(16M) 7.666ms
[16.217s][info][gc] GC(660) Pause Cleanup 12M->12M(16M) 0.039ms
[16.217s][info][gc] GC(660) Concurrent Mark Cycle 21.251ms
[16.220s][info][gc] GC(663) Pause Young (Prepare Mixed) (G1 Preventive Collection) 13M->12M(16M) 0.698ms
[16.225s][info][gc] GC(664) Pause Young (Mixed) (G1 Preventive Collection) 13M->12M(16M) 1.512ms
[16.230s][info][gc] GC(665) Pause Young (Normal) (G1 Evacuation Pause) 13M->12M(16M) 0.670ms
[16.234s][info][gc] GC(666) Pause Young (Normal) (G1 Evacuation Pause) 13M->12M(16M) 0.680ms
[16.239s][info][gc] GC(667) Pause Young (Concurrent Start) (G1 Evacuation Pause) 13M->12M(16M) 0.722ms
[16.239s][info][gc] GC(668) Concurrent Mark Cycle
[16.244s][info][gc] GC(669) Pause Young (Normal) (G1 Evacuation Pause) 13M->12M(16M) 0.955ms
[16.253s][info][gc] GC(668) Pause Remark 13M->13M(16M) 5.543ms
[16.255s][info][gc] GC(670) Pause Young (Normal) (G1 Evacuation Pause) 13M->12M(16M) 0.827ms
[16.257s][info][gc] GC(668) Pause Cleanup 12M->12M(16M) 0.050ms
[16.257s][info][gc] GC(668) Concurrent Mark Cycle 18.433ms
[16.261s][info][gc] GC(671) Pause Young (Normal) (G1 Evacuation Pause) 13M->12M(16M) 0.661ms
[16.266s][info][gc] GC(672) Pause Young (Concurrent Start) (G1 Preventive Collection) 13M->12M(16M) 1.090ms
[16.266s][info][gc] GC(673) Concurrent Mark Cycle
[16.271s][info][gc] GC(674) Pause Young (Normal) (G1 Preventive Collection) 13M->12M(16M) 0.973ms
[16.280s][info][gc] GC(673) Pause Remark 13M->13M(16M) 5.592ms
[16.282s][info][gc] GC(675) Pause Young (Normal) (G1 Preventive Collection) 13M->12M(16M) 0.590ms
[16.285s][info][gc] GC(673) Pause Cleanup 12M->12M(16M) 0.048ms
[16.285s][info][gc] GC(673) Concurrent Mark Cycle 19.095ms
[16.290s][info][gc] GC(676) Pause Young (Prepare Mixed) (G1 Preventive Collection) 13M->12M(16M) 0.796ms
[16.297s][info][gc] GC(677) Pause Young (Mixed) (G1 Preventive Collection) 13M->12M(16M) 2.178ms
[16.306s][info][gc] GC(678) Pause Young (Normal) (G1 Evacuation Pause) 13M->12M(16M) 1.434ms
[16.310s][info][gc] GC(679) Pause Young (Normal) (G1 Preventive Collection) 13M->12M(16M) 0.615ms
[16.316s][info][gc] GC(680) Pause Young (Concurrent Start) (G1 Preventive Collection) 13M->12M(16M) 1.005ms
[16.316s][info][gc] GC(681) Concurrent Mark Cycle
[16.325s][info][gc] GC(682) Pause Young (Normal) (G1 Preventive Collection) 13M->12M(16M) 0.994ms
[16.334s][info][gc] GC(681) Pause Remark 12M->12M(16M) 7.289ms
[16.338s][info][gc] GC(681) Pause Cleanup 13M->13M(16M) 0.035ms
[16.338s][info][gc] GC(681) Concurrent Mark Cycle 22.473ms
[16.342s][info][gc] GC(683) Pause Young (Normal) (G1 Preventive Collection) 13M->12M(16M) 0.862ms
[16.351s][info][gc] GC(684) Pause Young (Concurrent Start) (G1 Preventive Collection) 13M->12M(16M) 0.897ms
[16.351s][info][gc] GC(685) Concurrent Mark Cycle
[16.358s][info][gc] GC(686) Pause Young (Normal) (G1 Preventive Collection) 13M->12M(16M) 1.024ms
[16.370s][info][gc] GC(685) Pause Remark 13M->13M(16M) 8.331ms
[16.374s][info][gc] GC(687) Pause Young (Normal) (G1 Preventive Collection) 13M->12M(16M) 0.776ms
[16.375s][info][gc] GC(685) Pause Cleanup 12M->12M(16M) 0.043ms
[16.375s][info][gc] GC(685) Concurrent Mark Cycle 23.538ms
[16.379s][info][gc] GC(688) Pause Young (Normal) (G1 Preventive Collection) 13M->12M(16M) 0.757ms
[16.383s][info][gc] GC(689) Pause Young (Concurrent Start) (G1 Preventive Collection) 13M->12M(16M) 0.954ms
[16.383s][info][gc] GC(690) Concurrent Mark Cycle
[16.388s][info][gc] GC(691) Pause Young (Normal) (G1 Preventive Collection) 13M->12M(16M) 0.731ms
[16.393s][info][gc] GC(692) Pause Young (Normal) (G1 Preventive Collection) 13M->12M(16M) 0.579ms
[16.398s][info][gc] GC(690) Pause Remark 13M->13M(16M) 4.347ms
[16.402s][info][gc] GC(693) Pause Young (Normal) (G1 Preventive Collection) 13M->12M(16M) 0.652ms
[16.403s][info][gc] GC(690) Pause Cleanup 13M->13M(16M) 0.037ms
[16.403s][info][gc] GC(690) Concurrent Mark Cycle 20.560ms
[16.405s][info][gc] GC(694) Pause Young (Normal) (G1 Preventive Collection) 13M->12M(16M) 0.689ms
[16.409s][info][gc] GC(695) Pause Young (Concurrent Start) (G1 Preventive Collection) 13M->12M(16M) 0.913ms
[16.409s][info][gc] GC(696) Concurrent Mark Cycle
[16.413s][info][gc] GC(697) Pause Young (Normal) (G1 Preventive Collection) 13M->12M(16M) 0.599ms
[16.416s][info][gc] GC(698) Pause Young (Normal) (G1 Preventive Collection) 13M->12M(16M) 0.715ms
[16.423s][info][gc] GC(696) Pause Remark 13M->13M(16M) 4.873ms
[16.426s][info][gc] GC(699) Pause Young (Normal) (G1 Preventive Collection) 13M->12M(16M) 0.596ms
[16.427s][info][gc] GC(696) Pause Cleanup 12M->12M(16M) 0.038ms
[16.427s][info][gc] GC(696) Concurrent Mark Cycle 18.310ms
[16.430s][info][gc] GC(700) Pause Young (Normal) (G1 Preventive Collection) 13M->12M(16M) 0.761ms
[16.434s][info][gc] GC(701) Pause Young (Concurrent Start) (G1 Preventive Collection) 13M->12M(16M) 0.644ms
[16.434s][info][gc] GC(702) Concurrent Mark Cycle
[16.438s][info][gc] GC(703) Pause Young (Normal) (G1 Preventive Collection) 13M->12M(16M) 0.873ms
[16.442s][info][gc] GC(704) Pause Young (Normal) (G1 Preventive Collection) 13M->12M(16M) 0.550ms
[16.448s][info][gc] GC(702) Pause Remark 13M->13M(16M) 4.574ms
[16.452s][info][gc] GC(705) Pause Young (Normal) (G1 Preventive Collection) 13M->12M(16M) 0.664ms
[16.453s][info][gc] GC(702) Pause Cleanup 13M->13M(16M) 0.041ms
[16.453s][info][gc] GC(702) Concurrent Mark Cycle 19.536ms
[16.456s][info][gc] GC(706) Pause Young (Normal) (G1 Preventive Collection) 13M->12M(16M) 0.544ms
[16.459s][info][gc] GC(707) Pause Young (Concurrent Start) (G1 Preventive Collection) 13M->12M(16M) 0.850ms
[16.459s][info][gc] GC(708) Concurrent Mark Cycle
[16.463s][info][gc] GC(709) Pause Young (Normal) (G1 Preventive Collection) 13M->12M(16M) 0.591ms
[16.466s][info][gc] GC(710) Pause Young (Normal) (G1 Preventive Collection) 13M->12M(16M) 0.765ms
[16.474s][info][gc] GC(708) Pause Remark 13M->13M(16M) 4.923ms
[16.476s][info][gc] GC(711) Pause Young (Normal) (G1 Preventive Collection) 13M->12M(16M) 0.531ms
[16.478s][info][gc] GC(708) Pause Cleanup 13M->13M(16M) 0.037ms
[16.478s][info][gc] GC(708) Concurrent Mark Cycle 18.582ms
[16.481s][info][gc] GC(712) Pause Young (Normal) (G1 Preventive Collection) 13M->12M(16M) 0.744ms
[16.484s][info][gc] GC(713) Pause Young (Concurrent Start) (G1 Preventive Collection) 13M->12M(16M) 0.740ms
[16.484s][info][gc] GC(714) Concurrent Mark Cycle
[16.489s][info][gc] GC(715) Pause Young (Normal) (G1 Preventive Collection) 13M->12M(16M) 0.777ms
[16.493s][info][gc] GC(716) Pause Young (Normal) (G1 Preventive Collection) 13M->13M(16M) 0.716ms
[16.503s][info][gc] GC(714) Pause Remark 13M->13M(16M) 7.742ms
[16.507s][info][gc] GC(714) Pause Cleanup 14M->14M(16M) 0.057ms
[16.508s][info][gc] GC(714) Concurrent Mark Cycle 23.111ms
[16.509s][info][gc] GC(717) Pause Young (Normal) (G1 Preventive Collection) 14M->13M(16M) 0.735ms
[16.513s][info][gc] GC(718) Pause Young (Concurrent Start) (G1 Preventive Collection) 14M->13M(16M) 1.003ms
[16.513s][info][gc] GC(719) Concurrent Mark Cycle
[16.517s][info][gc] GC(720) Pause Young (Normal) (G1 Preventive Collection) 14M->13M(16M) 0.827ms
[16.521s][info][gc] GC(721) Pause Young (Normal) (G1 Preventive Collection) 14M->13M(16M) 0.905ms
[16.528s][info][gc] GC(719) Pause Remark 13M->13M(16M) 5.432ms
[16.532s][info][gc] GC(722) Pause Young (Normal) (G1 Preventive Collection) 14M->13M(16M) 0.709ms
[16.533s][info][gc] GC(719) Pause Cleanup 13M->13M(16M) 0.035ms
[16.533s][info][gc] GC(719) Concurrent Mark Cycle 19.866ms
[16.537s][info][gc] GC(723) Pause Young (Normal) (G1 Preventive Collection) 14M->13M(16M) 0.815ms
[16.541s][info][gc] GC(724) Pause Young (Concurrent Start) (G1 Preventive Collection) 14M->13M(16M) 1.114ms
[16.542s][info][gc] GC(725) Concurrent Mark Cycle
[16.546s][info][gc] GC(726) Pause Young (Normal) (G1 Preventive Collection) 14M->13M(16M) 0.660ms
[16.551s][info][gc] GC(727) Pause Young (Normal) (G1 Preventive Collection) 14M->13M(16M) 0.614ms
[16.557s][info][gc] GC(725) Pause Remark 13M->13M(16M) 4.952ms
[16.560s][info][gc] GC(728) Pause Young (Normal) (G1 Preventive Collection) 14M->13M(16M) 0.593ms
[16.561s][info][gc] GC(725) Pause Cleanup 13M->13M(16M) 0.036ms
[16.561s][info][gc] GC(725) Concurrent Mark Cycle 19.421ms
[16.564s][info][gc] GC(729) Pause Young (Normal) (G1 Preventive Collection) 14M->13M(16M) 0.898ms
[16.568s][info][gc] GC(730) Pause Young (Concurrent Start) (G1 Preventive Collection) 14M->13M(16M) 0.695ms
[16.568s][info][gc] GC(731) Concurrent Mark Cycle
[16.572s][info][gc] GC(732) Pause Young (Normal) (G1 Preventive Collection) 14M->13M(16M) 0.613ms
[16.576s][info][gc] GC(733) Pause Young (Normal) (G1 Preventive Collection) 14M->13M(16M) 0.599ms
[16.583s][info][gc] GC(731) Pause Remark 14M->14M(16M) 3.987ms
[16.585s][info][gc] GC(734) Pause Young (Normal) (G1 Preventive Collection) 14M->13M(16M) 0.635ms
[16.587s][info][gc] GC(731) Pause Cleanup 13M->13M(16M) 0.036ms
[16.587s][info][gc] GC(731) Concurrent Mark Cycle 18.968ms
[16.590s][info][gc] GC(735) Pause Young (Normal) (G1 Preventive Collection) 14M->13M(16M) 0.814ms
[16.594s][info][gc] GC(736) To-space exhausted
[16.594s][info][gc] GC(736) Pause Young (Concurrent Start) (G1 Preventive Collection) 14M->13M(16M) 1.233ms
[16.594s][info][gc] GC(737) Concurrent Mark Cycle
[16.598s][info][gc] GC(738) To-space exhausted
[16.598s][info][gc] GC(738) Pause Young (Normal) (G1 Evacuation Pause) 14M->14M(16M) 1.367ms
[16.654s][info][gc] GC(739) Pause Full (G1 Compaction Pause) 14M->11M(16M) 56.116ms
[16.654s][info][gc] GC(737) Concurrent Mark Cycle 60.697ms
[16.659s][info][gc] GC(740) Pause Young (Normal) (G1 Evacuation Pause) 12M->11M(16M) 0.583ms
[16.663s][info][gc] GC(741) Pause Young (Concurrent Start) (G1 Evacuation Pause) 12M->11M(16M) 0.622ms
[16.663s][info][gc] GC(742) Concurrent Mark Cycle
[16.668s][info][gc] GC(743) Pause Young (Normal) (G1 Evacuation Pause) 12M->11M(16M) 0.827ms
[16.672s][info][gc] GC(744) Pause Young (Normal) (G1 Evacuation Pause) 12M->11M(16M) 0.776ms
[16.679s][info][gc] GC(742) Pause Remark 11M->11M(16M) 4.452ms
[16.682s][info][gc] GC(745) Pause Young (Normal) (G1 Evacuation Pause) 12M->11M(16M) 0.545ms
[16.683s][info][gc] GC(742) Pause Cleanup 11M->11M(16M) 0.037ms
[16.683s][info][gc] GC(742) Concurrent Mark Cycle 19.446ms
[16.687s][info][gc] GC(746) Pause Young (Prepare Mixed) (G1 Evacuation Pause) 12M->11M(16M) 0.723ms
[16.693s][info][gc] GC(747) Pause Young (Mixed) (G1 Preventive Collection) 12M->11M(16M) 1.133ms
[16.699s][info][gc] GC(748) Pause Young (Concurrent Start) (G1 Evacuation Pause) 12M->11M(16M) 1.192ms
[16.699s][info][gc] GC(749) Concurrent Mark Cycle
[16.709s][info][gc] GC(750) Pause Young (Normal) (G1 Evacuation Pause) 12M->11M(16M) 1.148ms
[16.715s][info][gc] GC(749) Pause Remark 11M->11M(16M) 3.472ms
[16.720s][info][gc] GC(751) Pause Young (Normal) (G1 Evacuation Pause) 12M->11M(16M) 0.906ms
[16.720s][info][gc] GC(749) Pause Cleanup 11M->11M(16M) 0.040ms
[16.720s][info][gc] GC(749) Concurrent Mark Cycle 20.675ms
[16.726s][info][gc] GC(752) Pause Young (Normal) (G1 Evacuation Pause) 12M->11M(16M) 0.672ms
[16.732s][info][gc] GC(753) Pause Young (Concurrent Start) (G1 Evacuation Pause) 12M->11M(16M) 0.837ms
[16.732s][info][gc] GC(754) Concurrent Mark Cycle
[16.737s][info][gc] GC(755) Pause Young (Normal) (G1 Evacuation Pause) 12M->11M(16M) 0.881ms
[16.745s][info][gc] GC(754) Pause Remark 12M->12M(16M) 3.937ms
[16.747s][info][gc] GC(756) Pause Young (Normal) (G1 Evacuation Pause) 12M->11M(16M) 0.781ms
[16.750s][info][gc] GC(754) Pause Cleanup 12M->12M(16M) 0.058ms
[16.751s][info][gc] GC(754) Concurrent Mark Cycle 18.892ms
[16.754s][info][gc] GC(757) Pause Young (Normal) (G1 Evacuation Pause) 12M->11M(16M) 0.874ms
[16.760s][info][gc] GC(758) Pause Young (Concurrent Start) (G1 Evacuation Pause) 12M->11M(16M) 1.076ms
[16.760s][info][gc] GC(759) Concurrent Mark Cycle
[16.773s][info][gc] GC(759) Pause Remark 12M->12M(16M) 4.526ms
[16.777s][info][gc] GC(760) Pause Young (Normal) (G1 Evacuation Pause) 12M->11M(16M) 1.389ms
[16.780s][info][gc] GC(759) Pause Cleanup 11M->11M(16M) 0.131ms
[16.780s][info][gc] GC(759) Concurrent Mark Cycle 20.314ms
[16.790s][info][gc] GC(761) Pause Young (Normal) (G1 Evacuation Pause) 12M->11M(16M) 1.074ms
[16.801s][info][gc] GC(762) Pause Young (Concurrent Start) (G1 Evacuation Pause) 12M->11M(16M) 1.818ms
[16.801s][info][gc] GC(763) Concurrent Mark Cycle
[16.810s][info][gc] GC(764) Pause Young (Normal) (G1 Evacuation Pause) 12M->11M(16M) 1.101ms
[16.820s][info][gc] GC(763) Pause Remark 12M->12M(16M) 7.501ms
[16.825s][info][gc] GC(763) Pause Cleanup 12M->12M(16M) 0.043ms
[16.825s][info][gc] GC(763) Concurrent Mark Cycle 23.755ms
[16.834s][info][gc] GC(765) Pause Young (Normal) (G1 Evacuation Pause) 12M->11M(16M) 1.027ms
[16.844s][info][gc] GC(766) Pause Young (Concurrent Start) (G1 Evacuation Pause) 12M->11M(16M) 1.285ms
[16.844s][info][gc] GC(767) Concurrent Mark Cycle
[16.856s][info][gc] GC(768) Pause Young (Normal) (G1 Evacuation Pause) 12M->11M(16M) 1.631ms
[16.868s][info][gc] GC(767) Pause Remark 11M->11M(16M) 11.320ms
[16.914s][info][gc] GC(769) Pause Full (System.gc()) 11M->11M(16M) 43.243ms
[16.915s][info][gc] GC(767) Concurrent Mark Cycle 71.034ms
[16.921s][info][gc] GC(770) Pause Young (Normal) (G1 Evacuation Pause) 12M->11M(16M) 0.739ms
[16.928s][info][gc] GC(771) Pause Young (Concurrent Start) (G1 Evacuation Pause) 12M->11M(16M) 0.924ms
[16.928s][info][gc] GC(772) Concurrent Mark Cycle
[16.935s][info][gc] GC(773) Pause Young (Normal) (G1 Evacuation Pause) 12M->11M(16M) 0.675ms
[16.944s][info][gc] GC(772) Pause Remark 12M->12M(16M) 5.379ms
[16.949s][info][gc] GC(774) Pause Young (Normal) (G1 Evacuation Pause) 12M->11M(16M) 1.045ms
[16.951s][info][gc] GC(772) Pause Cleanup 12M->12M(16M) 0.049ms
[16.951s][info][gc] GC(772) Concurrent Mark Cycle 23.074ms
[16.954s][info][gc] GC(775) Pause Young (Prepare Mixed) (G1 Evacuation Pause) 12M->11M(16M) 0.683ms
[16.961s][info][gc] GC(776) Pause Young (Mixed) (G1 Preventive Collection) 12M->11M(16M) 1.861ms
[16.968s][info][gc] GC(777) Pause Young (Normal) (G1 Evacuation Pause) 12M->11M(16M) 0.813ms
[16.975s][info][gc] GC(778) Pause Young (Normal) (G1 Evacuation Pause) 12M->11M(16M) 0.727ms
[16.980s][info][gc] GC(779) Pause Young (Concurrent Start) (G1 Evacuation Pause) 12M->11M(16M) 1.041ms
[16.980s][info][gc] GC(780) Concurrent Mark Cycle
[16.984s][info][gc] GC(781) Pause Young (Normal) (G1 Evacuation Pause) 12M->11M(16M) 0.921ms
[16.988s][info][gc] GC(782) Pause Young (Normal) (G1 Evacuation Pause) 12M->11M(16M) 0.970ms
[16.992s][info][gc] GC(780) Pause Remark 12M->12M(16M) 2.342ms
[16.996s][info][gc] GC(783) Pause Young (Normal) (G1 Evacuation Pause) 12M->11M(16M) 0.776ms
[16.998s][info][gc] GC(780) Pause Cleanup 12M->12M(16M) 0.031ms
[16.998s][info][gc] GC(780) Concurrent Mark Cycle 17.998ms
[17.000s][info][gc] GC(784) Pause Young (Normal) (G1 Evacuation Pause) 12M->11M(16M) 0.778ms
[17.004s][info][gc] GC(785) Pause Young (Concurrent Start) (G1 Evacuation Pause) 12M->11M(16M) 0.695ms
[17.004s][info][gc] GC(786) Concurrent Mark Cycle
[17.009s][info][gc] GC(787) Pause Young (Normal) (G1 Evacuation Pause) 12M->11M(16M) 1.034ms
[17.013s][info][gc] GC(788) Pause Young (Normal) (G1 Evacuation Pause) 12M->12M(16M) 0.753ms
[17.017s][info][gc] GC(786) Pause Remark 12M->12M(16M) 2.241ms
[17.020s][info][gc] GC(789) Pause Young (Normal) (G1 Evacuation Pause) 13M->12M(16M) 0.829ms
[17.022s][info][gc] GC(786) Pause Cleanup 12M->12M(16M) 0.044ms
[17.022s][info][gc] GC(786) Concurrent Mark Cycle 17.655ms
[17.024s][info][gc] GC(790) Pause Young (Normal) (G1 Evacuation Pause) 13M->12M(16M) 0.727ms
[17.029s][info][gc] GC(791) Pause Young (Concurrent Start) (G1 Evacuation Pause) 13M->12M(16M) 1.009ms
[17.029s][info][gc] GC(792) Concurrent Mark Cycle
[17.033s][info][gc] GC(793) Pause Young (Normal) (G1 Evacuation Pause) 13M->12M(16M) 0.597ms
[17.036s][info][gc] GC(794) Pause Young (Normal) (G1 Evacuation Pause) 13M->12M(16M) 0.558ms
[17.043s][info][gc] GC(792) Pause Remark 12M->12M(16M) 4.588ms
[17.046s][info][gc] GC(795) Pause Young (Normal) (G1 Evacuation Pause) 13M->12M(16M) 0.640ms
[17.047s][info][gc] GC(792) Pause Cleanup 12M->12M(16M) 0.032ms
[17.047s][info][gc] GC(792) Concurrent Mark Cycle 18.367ms
[17.051s][info][gc] GC(796) Pause Young (Normal) (G1 Evacuation Pause) 13M->12M(16M) 0.733ms
[17.054s][info][gc] GC(797) Pause Young (Concurrent Start) (G1 Evacuation Pause) 13M->12M(16M) 0.762ms
[17.054s][info][gc] GC(798) Concurrent Mark Cycle
[17.059s][info][gc] GC(799) Pause Young (Normal) (G1 Evacuation Pause) 13M->12M(16M) 0.731ms
[17.063s][info][gc] GC(800) Pause Young (Normal) (G1 Evacuation Pause) 13M->12M(16M) 0.842ms
[17.070s][info][gc] GC(798) Pause Remark 12M->12M(16M) 5.224ms
[17.074s][info][gc] GC(801) Pause Young (Normal) (G1 Evacuation Pause) 13M->12M(16M) 0.815ms
[17.075s][info][gc] GC(798) Pause Cleanup 12M->12M(16M) 0.044ms
[17.075s][info][gc] GC(798) Concurrent Mark Cycle 21.126ms
[17.079s][info][gc] GC(802) Pause Young (Normal) (G1 Evacuation Pause) 13M->12M(16M) 0.652ms
[17.084s][info][gc] GC(803) Pause Young (Concurrent Start) (G1 Evacuation Pause) 13M->12M(16M) 1.067ms
[17.084s][info][gc] GC(804) Concurrent Mark Cycle
[17.088s][info][gc] GC(805) Pause Young (Normal) (G1 Evacuation Pause) 13M->12M(16M) 0.822ms
[17.093s][info][gc] GC(806) Pause Young (Normal) (G1 Evacuation Pause) 13M->12M(16M) 0.709ms
[17.101s][info][gc] GC(804) Pause Remark 12M->12M(16M) 7.117ms
[17.102s][info][gc] GC(804) Pause Cleanup 12M->12M(16M) 0.007ms
[17.102s][info][gc] GC(804) Concurrent Mark Cycle 18.328ms
[17.110s][info][gc] GC(807) Pause Young (Normal) (G1 Evacuation Pause) 13M->12M(16M) 1.283ms
[17.115s][info][gc] GC(808) Pause Young (Concurrent Start) (G1 Evacuation Pause) 13M->12M(16M) 0.899ms
[17.115s][info][gc] GC(809) Concurrent Mark Cycle
[17.119s][info][gc] GC(810) Pause Young (Normal) (G1 Preventive Collection) 13M->12M(16M) 0.980ms
[17.123s][info][gc] GC(811) Pause Young (Normal) (G1 Preventive Collection) 13M->12M(16M) 0.765ms
[17.132s][info][gc] GC(809) Pause Remark 13M->13M(16M) 5.924ms
[17.135s][info][gc] GC(812) Pause Young (Normal) (G1 Preventive Collection) 13M->12M(16M) 0.709ms
[17.137s][info][gc] GC(809) Pause Cleanup 12M->12M(16M) 0.037ms
[17.137s][info][gc] GC(809) Concurrent Mark Cycle 21.549ms
[17.140s][info][gc] GC(813) Pause Young (Prepare Mixed) (G1 Preventive Collection) 13M->12M(16M) 0.675ms
[17.144s][info][gc] GC(814) Pause Young (Mixed) (G1 Preventive Collection) 13M->12M(16M) 1.316ms
[17.149s][info][gc] GC(815) Pause Young (Normal) (G1 Evacuation Pause) 13M->12M(16M) 0.688ms
[17.152s][info][gc] GC(816) Pause Young (Normal) (G1 Evacuation Pause) 13M->12M(16M) 0.665ms
[17.156s][info][gc] GC(817) Pause Young (Concurrent Start) (G1 Preventive Collection) 13M->12M(16M) 0.948ms
[17.156s][info][gc] GC(818) Concurrent Mark Cycle
[17.160s][info][gc] GC(819) Pause Young (Normal) (G1 Preventive Collection) 13M->12M(16M) 0.818ms
[17.164s][info][gc] GC(820) Pause Young (Normal) (G1 Preventive Collection) 13M->12M(16M) 0.751ms
[17.173s][info][gc] GC(818) Pause Remark 13M->13M(16M) 6.626ms
[17.176s][info][gc] GC(821) Pause Young (Normal) (G1 Preventive Collection) 13M->12M(16M) 0.650ms
[17.179s][info][gc] GC(818) Pause Cleanup 12M->12M(16M) 0.035ms
[17.179s][info][gc] GC(818) Concurrent Mark Cycle 22.442ms
[17.182s][info][gc] GC(822) Pause Young (Normal) (G1 Preventive Collection) 13M->12M(16M) 0.683ms
[17.185s][info][gc] GC(823) Pause Young (Concurrent Start) (G1 Preventive Collection) 13M->12M(16M) 0.786ms
[17.185s][info][gc] GC(824) Concurrent Mark Cycle
[17.190s][info][gc] GC(825) Pause Young (Normal) (G1 Preventive Collection) 13M->12M(16M) 0.702ms
[17.193s][info][gc] GC(826) Pause Young (Normal) (G1 Preventive Collection) 13M->12M(16M) 0.637ms
[17.200s][info][gc] GC(824) Pause Remark 13M->13M(16M) 4.181ms
[17.203s][info][gc] GC(827) Pause Young (Normal) (G1 Preventive Collection) 13M->12M(16M) 0.840ms
[17.205s][info][gc] GC(824) Pause Cleanup 13M->13M(16M) 0.033ms
[17.205s][info][gc] GC(824) Concurrent Mark Cycle 19.948ms
[17.208s][info][gc] GC(828) Pause Young (Normal) (G1 Preventive Collection) 13M->12M(16M) 0.799ms
[17.212s][info][gc] GC(829) Pause Young (Concurrent Start) (G1 Preventive Collection) 13M->12M(16M) 0.913ms
[17.212s][info][gc] GC(830) Concurrent Mark Cycle
[17.215s][info][gc] GC(831) Pause Young (Normal) (G1 Preventive Collection) 13M->12M(16M) 0.808ms
[17.219s][info][gc] GC(832) Pause Young (Normal) (G1 Preventive Collection) 13M->12M(16M) 0.556ms
[17.226s][info][gc] GC(830) Pause Remark 13M->13M(16M) 4.966ms
[17.229s][info][gc] GC(833) Pause Young (Normal) (G1 Preventive Collection) 13M->12M(16M) 0.714ms
[17.231s][info][gc] GC(830) Pause Cleanup 12M->12M(16M) 0.034ms
[17.231s][info][gc] GC(830) Concurrent Mark Cycle 19.262ms
[17.235s][info][gc] GC(834) Pause Young (Normal) (G1 Preventive Collection) 13M->12M(16M) 0.756ms
[17.239s][info][gc] GC(835) Pause Young (Concurrent Start) (G1 Preventive Collection) 13M->12M(16M) 0.888ms
[17.239s][info][gc] GC(836) Concurrent Mark Cycle
[17.242s][info][gc] GC(837) Pause Young (Normal) (G1 Preventive Collection) 13M->12M(16M) 0.806ms
[17.246s][info][gc] GC(838) Pause Young (Normal) (G1 Preventive Collection) 13M->12M(16M) 0.677ms
[17.254s][info][gc] GC(836) Pause Remark 13M->13M(16M) 4.911ms
[17.256s][info][gc] GC(839) Pause Young (Normal) (G1 Preventive Collection) 13M->12M(16M) 0.786ms
[17.259s][info][gc] GC(836) Pause Cleanup 12M->12M(16M) 0.051ms
[17.259s][info][gc] GC(836) Concurrent Mark Cycle 20.569ms
[17.264s][info][gc] GC(840) Pause Young (Normal) (G1 Preventive Collection) 13M->12M(16M) 0.789ms
[17.269s][info][gc] GC(841) Pause Young (Concurrent Start) (G1 Preventive Collection) 13M->12M(16M) 0.798ms
[17.269s][info][gc] GC(842) Concurrent Mark Cycle
[17.273s][info][gc] GC(843) Pause Young (Normal) (G1 Preventive Collection) 13M->12M(16M) 0.762ms
[17.277s][info][gc] GC(844) Pause Young (Normal) (G1 Preventive Collection) 13M->12M(16M) 0.778ms
[17.285s][info][gc] GC(842) Pause Remark 13M->13M(16M) 5.774ms
[17.289s][info][gc] GC(845) Pause Young (Normal) (G1 Preventive Collection) 13M->12M(16M) 0.651ms
[17.290s][info][gc] GC(842) Pause Cleanup 13M->13M(16M) 0.045ms
[17.290s][info][gc] GC(842) Concurrent Mark Cycle 21.843ms
[17.295s][info][gc] GC(846) Pause Young (Normal) (G1 Preventive Collection) 13M->12M(16M) 0.832ms
[17.299s][info][gc] GC(847) Pause Young (Concurrent Start) (G1 Preventive Collection) 13M->12M(16M) 1.553ms
[17.300s][info][gc] GC(848) Concurrent Mark Cycle
[17.306s][info][gc] GC(849) Pause Young (Normal) (G1 Preventive Collection) 13M->12M(16M) 1.178ms
[17.317s][info][gc] GC(848) Pause Remark 13M->13M(16M) 4.798ms
[17.319s][info][gc] GC(850) Pause Young (Normal) (G1 Preventive Collection) 13M->12M(16M) 0.731ms
[17.322s][info][gc] GC(848) Pause Cleanup 13M->13M(16M) 0.044ms
[17.322s][info][gc] GC(848) Concurrent Mark Cycle 22.340ms
[17.325s][info][gc] GC(851) Pause Young (Normal) (G1 Preventive Collection) 13M->12M(16M) 0.686ms
[17.328s][info][gc] GC(852) Pause Young (Concurrent Start) (G1 Preventive Collection) 13M->12M(16M) 0.741ms
[17.329s][info][gc] GC(853) Concurrent Mark Cycle
[17.332s][info][gc] GC(854) Pause Young (Normal) (G1 Preventive Collection) 13M->12M(16M) 0.706ms
[17.337s][info][gc] GC(855) Pause Young (Normal) (G1 Preventive Collection) 13M->13M(16M) 0.750ms
[17.343s][info][gc] GC(853) Pause Remark 13M->13M(16M) 4.522ms
[17.348s][info][gc] GC(853) Pause Cleanup 13M->13M(16M) 0.036ms
[17.348s][info][gc] GC(853) Concurrent Mark Cycle 19.263ms
[17.349s][info][gc] GC(856) Pause Young (Normal) (G1 Preventive Collection) 14M->13M(16M) 0.604ms
[17.353s][info][gc] GC(857) Pause Young (Concurrent Start) (G1 Preventive Collection) 14M->13M(16M) 0.877ms
[17.353s][info][gc] GC(858) Concurrent Mark Cycle
[17.357s][info][gc] GC(859) Pause Young (Normal) (G1 Preventive Collection) 14M->13M(16M) 0.642ms
[17.361s][info][gc] GC(860) Pause Young (Normal) (G1 Preventive Collection) 14M->13M(16M) 0.741ms
[17.368s][info][gc] GC(858) Pause Remark 13M->13M(16M) 4.241ms
[17.371s][info][gc] GC(861) Pause Young (Normal) (G1 Preventive Collection) 14M->13M(16M) 0.672ms
[17.372s][info][gc] GC(858) Pause Cleanup 13M->13M(16M) 0.031ms
[17.373s][info][gc] GC(858) Concurrent Mark Cycle 19.189ms
[17.375s][info][gc] GC(862) Pause Young (Normal) (G1 Preventive Collection) 14M->13M(16M) 0.743ms
[17.379s][info][gc] GC(863) Pause Young (Concurrent Start) (G1 Preventive Collection) 14M->13M(16M) 0.753ms
[17.379s][info][gc] GC(864) Concurrent Mark Cycle
[17.383s][info][gc] GC(865) Pause Young (Normal) (G1 Preventive Collection) 14M->13M(16M) 0.999ms
[17.387s][info][gc] GC(866) Pause Young (Normal) (G1 Preventive Collection) 14M->13M(16M) 0.558ms
[17.393s][info][gc] GC(864) Pause Remark 13M->13M(16M) 3.871ms
[17.395s][info][gc] GC(867) Pause Young (Normal) (G1 Preventive Collection) 14M->13M(16M) 0.795ms
[17.398s][info][gc] GC(864) Pause Cleanup 13M->13M(16M) 0.042ms
[17.398s][info][gc] GC(864) Concurrent Mark Cycle 18.979ms
[17.400s][info][gc] GC(868) Pause Young (Normal) (G1 Preventive Collection) 14M->13M(16M) 0.558ms
[17.404s][info][gc] GC(869) Pause Young (Concurrent Start) (G1 Preventive Collection) 14M->13M(16M) 0.873ms
[17.404s][info][gc] GC(870) Concurrent Mark Cycle
[17.407s][info][gc] GC(871) Pause Young (Normal) (G1 Preventive Collection) 14M->13M(16M) 0.541ms
[17.412s][info][gc] GC(872) Pause Young (Normal) (G1 Preventive Collection) 14M->13M(16M) 0.661ms
[17.418s][info][gc] GC(870) Pause Remark 14M->14M(16M) 4.244ms
[17.420s][info][gc] GC(873) Pause Young (Normal) (G1 Preventive Collection) 14M->13M(16M) 0.533ms
[17.423s][info][gc] GC(870) Pause Cleanup 13M->13M(16M) 0.036ms
[17.423s][info][gc] GC(870) Concurrent Mark Cycle 18.700ms
[17.424s][info][gc] GC(874) Pause Young (Normal) (G1 Preventive Collection) 14M->13M(16M) 0.600ms
[17.428s][info][gc] GC(875) Pause Young (Concurrent Start) (G1 Preventive Collection) 14M->13M(16M) 0.688ms
[17.428s][info][gc] GC(876) Concurrent Mark Cycle
[17.431s][info][gc] GC(877) Pause Young (Normal) (G1 Preventive Collection) 14M->13M(16M) 0.663ms
[17.435s][info][gc] GC(878) To-space exhausted
[17.435s][info][gc] GC(878) Pause Young (Normal) (G1 Preventive Collection) 14M->13M(16M) 0.821ms
[17.439s][info][gc] GC(879) To-space exhausted
[17.439s][info][gc] GC(879) Pause Young (Normal) (G1 Evacuation Pause) 14M->14M(16M) 1.150ms
[17.470s][info][gc] GC(880) Pause Full (G1 Compaction Pause) 14M->12M(16M) 31.698ms
[17.471s][info][gc] GC(876) Concurrent Mark Cycle 43.280ms
[17.475s][info][gc] GC(881) Pause Young (Normal) (G1 Evacuation Pause) 13M->12M(16M) 0.431ms
[17.478s][info][gc] GC(882) Pause Young (Concurrent Start) (G1 Preventive Collection) 13M->12M(16M) 0.664ms
[17.478s][info][gc] GC(883) Concurrent Mark Cycle
[17.482s][info][gc] GC(884) Pause Young (Normal) (G1 Preventive Collection) 13M->12M(16M) 0.563ms
[17.485s][info][gc] GC(885) Pause Young (Normal) (G1 Preventive Collection) 13M->12M(16M) 0.568ms
[17.490s][info][gc] GC(883) Pause Remark 13M->13M(16M) 2.266ms
[17.492s][info][gc] GC(886) Pause Young (Normal) (G1 Preventive Collection) 13M->12M(16M) 0.622ms
[17.494s][info][gc] GC(883) Pause Cleanup 13M->13M(16M) 0.043ms
[17.495s][info][gc] GC(883) Concurrent Mark Cycle 16.605ms
[17.495s][info][gc] GC(887) Pause Young (Prepare Mixed) (G1 Preventive Collection) 13M->12M(16M) 0.691ms
[17.501s][info][gc] GC(888) To-space exhausted
[17.501s][info][gc] GC(888) Pause Young (Mixed) (G1 Preventive Collection) 13M->12M(16M) 2.425ms
[17.511s][info][gc] GC(889) Pause Young (Concurrent Start) (G1 Preventive Collection) 13M->12M(16M) 1.283ms
[17.511s][info][gc] GC(890) Concurrent Mark Cycle
[17.515s][info][gc] GC(891) Pause Young (Normal) (G1 Preventive Collection) 13M->12M(16M) 0.654ms
[17.520s][info][gc] GC(892) Pause Young (Normal) (G1 Preventive Collection) 13M->13M(16M) 0.678ms
[17.524s][info][gc] GC(890) Pause Remark 13M->13M(16M) 2.396ms
[17.527s][info][gc] GC(893) Pause Young (Normal) (G1 Preventive Collection) 14M->13M(16M) 0.655ms
[17.528s][info][gc] GC(890) Pause Cleanup 13M->13M(16M) 0.040ms
[17.528s][info][gc] GC(890) Concurrent Mark Cycle 17.132ms
[17.531s][info][gc] GC(894) Pause Young (Prepare Mixed) (G1 Preventive Collection) 14M->13M(16M) 0.632ms
[17.535s][info][gc] GC(895) To-space exhausted
[17.535s][info][gc] GC(895) Pause Young (Mixed) (G1 Preventive Collection) 14M->13M(16M) 2.039ms
[17.539s][info][gc] GC(896) Pause Young (Concurrent Start) (G1 Preventive Collection) 14M->13M(16M) 0.882ms
[17.539s][info][gc] GC(897) Concurrent Mark Cycle
[17.543s][info][gc] GC(898) Pause Young (Normal) (G1 Preventive Collection) 14M->13M(16M) 0.676ms
[17.547s][info][gc] GC(899) To-space exhausted
[17.547s][info][gc] GC(899) Pause Young (Normal) (G1 Preventive Collection) 14M->13M(16M) 0.817ms
[17.552s][info][gc] GC(900) To-space exhausted
[17.552s][info][gc] GC(900) Pause Young (Normal) (G1 Evacuation Pause) 14M->14M(16M) 1.540ms
[17.597s][info][gc] GC(901) Pause Full (G1 Compaction Pause) 14M->12M(16M) 45.500ms
[17.598s][info][gc] GC(897) Concurrent Mark Cycle 58.171ms
[17.602s][info][gc] GC(902) Pause Young (Normal) (G1 Evacuation Pause) 13M->12M(16M) 0.555ms
[17.607s][info][gc] GC(903) Pause Young (Concurrent Start) (G1 Preventive Collection) 13M->13M(16M) 1.216ms
[17.607s][info][gc] GC(904) Concurrent Mark Cycle
[17.613s][info][gc] GC(905) Pause Young (Normal) (G1 Preventive Collection) 14M->13M(16M) 0.949ms
[17.618s][info][gc] GC(906) Pause Young (Normal) (G1 Preventive Collection) 14M->13M(16M) 0.626ms
[17.622s][info][gc] GC(904) Pause Remark 13M->13M(16M) 2.447ms
[17.623s][info][gc] GC(904) Pause Cleanup 13M->13M(16M) 0.006ms
[17.623s][info][gc] GC(904) Concurrent Mark Cycle 15.571ms
[17.626s][info][gc] GC(907) Pause Young (Normal) (G1 Preventive Collection) 14M->13M(16M) 0.700ms
[17.630s][info][gc] GC(908) Pause Young (Concurrent Start) (G1 Preventive Collection) 14M->13M(16M) 1.279ms
[17.630s][info][gc] GC(909) Concurrent Mark Cycle
[17.635s][info][gc] GC(910) Pause Young (Normal) (G1 Preventive Collection) 14M->13M(16M) 0.602ms
[17.638s][info][gc] GC(911) Pause Young (Normal) (G1 Preventive Collection) 14M->13M(16M) 0.593ms
[17.642s][info][gc] GC(909) Pause Remark 13M->13M(16M) 2.497ms
[17.642s][info][gc] GC(909) Pause Cleanup 13M->13M(16M) 0.003ms
[17.642s][info][gc] GC(909) Concurrent Mark Cycle 11.970ms
[17.645s][info][gc] GC(912) Pause Young (Normal) (G1 Preventive Collection) 14M->13M(16M) 0.724ms
[17.649s][info][gc] GC(913) Pause Young (Concurrent Start) (G1 Preventive Collection) 14M->13M(16M) 0.659ms
[17.649s][info][gc] GC(914) Concurrent Mark Cycle
[17.652s][info][gc] GC(915) Pause Young (Normal) (G1 Preventive Collection) 14M->13M(16M) 0.847ms
[17.656s][info][gc] GC(916) Pause Young (Normal) (G1 Preventive Collection) 14M->13M(16M) 0.656ms
[17.659s][info][gc] GC(917) Pause Young (Normal) (G1 Preventive Collection) 14M->13M(16M) 0.666ms
[17.662s][info][gc] GC(914) Pause Remark 13M->13M(16M) 2.367ms
[17.663s][info][gc] GC(914) Pause Cleanup 13M->13M(16M) 0.003ms
[17.663s][info][gc] GC(914) Concurrent Mark Cycle 13.877ms
[17.665s][info][gc] GC(918) Pause Young (Normal) (G1 Preventive Collection) 14M->13M(16M) 0.641ms
[17.669s][info][gc] GC(919) Pause Young (Concurrent Start) (G1 Preventive Collection) 14M->13M(16M) 0.707ms
[17.670s][info][gc] GC(920) Concurrent Mark Cycle
[17.673s][info][gc] GC(921) To-space exhausted
[17.673s][info][gc] GC(921) Pause Young (Normal) (G1 Preventive Collection) 14M->13M(16M) 0.891ms
[17.678s][info][gc] GC(922) To-space exhausted
[17.678s][info][gc] GC(922) Pause Young (Normal) (G1 Evacuation Pause) 14M->14M(16M) 0.888ms
[17.715s][info][gc] GC(923) Pause Full (G1 Compaction Pause) 14M->13M(16M) 37.033ms
[17.715s][info][gc] GC(920) Concurrent Mark Cycle 45.537ms
[17.719s][info][gc] GC(924) Pause Young (Normal) (G1 Preventive Collection) 14M->13M(16M) 0.536ms
[17.722s][info][gc] GC(925) To-space exhausted
[17.722s][info][gc] GC(925) Pause Young (Concurrent Start) (G1 Evacuation Pause) 14M->14M(16M) 0.996ms
[17.722s][info][gc] GC(927) Concurrent Mark Cycle
[17.752s][info][gc] GC(926) Pause Full (G1 Compaction Pause) 14M->13M(16M) 29.653ms
[17.752s][info][gc] GC(927) Concurrent Mark Cycle 29.875ms
[17.757s][info][gc] GC(928) Pause Young (Normal) (G1 Preventive Collection) 14M->13M(16M) 0.511ms
[17.760s][info][gc] GC(929) To-space exhausted
[17.760s][info][gc] GC(929) Pause Young (Concurrent Start) (G1 Evacuation Pause) 14M->14M(16M) 1.002ms
[17.760s][info][gc] GC(931) Concurrent Mark Cycle
[17.791s][info][gc] GC(930) Pause Full (G1 Compaction Pause) 14M->13M(16M) 30.903ms
[17.791s][info][gc] GC(931) Concurrent Mark Cycle 31.127ms
[17.796s][info][gc] GC(932) Pause Young (Normal) (G1 Preventive Collection) 14M->13M(16M) 0.477ms
[17.799s][info][gc] GC(933) To-space exhausted
[17.799s][info][gc] GC(933) Pause Young (Concurrent Start) (G1 Evacuation Pause) 14M->14M(16M) 0.805ms
[17.799s][info][gc] GC(935) Concurrent Mark Cycle
[17.829s][info][gc] GC(934) Pause Full (G1 Compaction Pause) 14M->13M(16M) 29.304ms
[17.829s][info][gc] GC(935) Concurrent Mark Cycle 29.515ms
[17.834s][info][gc] GC(936) Pause Young (Normal) (G1 Preventive Collection) 14M->13M(16M) 0.501ms
[17.836s][info][gc] GC(937) To-space exhausted
[17.836s][info][gc] GC(937) Pause Young (Concurrent Start) (G1 Evacuation Pause) 14M->14M(16M) 0.857ms
[17.836s][info][gc] GC(939) Concurrent Mark Cycle
[17.865s][info][gc] GC(938) Pause Full (G1 Compaction Pause) 14M->13M(16M) 28.749ms
[17.865s][info][gc] GC(939) Concurrent Mark Cycle 28.958ms
[17.870s][info][gc] GC(940) Pause Young (Normal) (G1 Preventive Collection) 14M->13M(16M) 0.442ms
[17.873s][info][gc] GC(941) To-space exhausted
[17.873s][info][gc] GC(941) Pause Young (Concurrent Start) (G1 Evacuation Pause) 14M->14M(16M) 0.997ms
[17.873s][info][gc] GC(943) Concurrent Mark Cycle
[17.908s][info][gc] GC(942) Pause Full (G1 Compaction Pause) 14M->13M(16M) 34.578ms
[17.908s][info][gc] GC(943) Concurrent Mark Cycle 34.784ms
[17.936s][info][gc] GC(944) Pause Full (System.gc()) 13M->13M(16M) 26.907ms
[17.941s][info][gc] GC(945) Pause Young (Concurrent Start) (G1 Preventive Collection) 14M->13M(16M) 0.553ms
[17.941s][info][gc] GC(946) Concurrent Mark Cycle
[17.945s][info][gc] GC(947) To-space exhausted
[17.945s][info][gc] GC(947) Pause Young (Normal) (G1 Evacuation Pause) 14M->14M(16M) 0.973ms
[17.974s][info][gc] GC(948) Pause Full (G1 Compaction Pause) 14M->13M(16M) 28.925ms
[17.974s][info][gc] GC(946) Concurrent Mark Cycle 33.164ms
[17.979s][info][gc] GC(949) Pause Young (Normal) (G1 Preventive Collection) 14M->13M(16M) 0.470ms
[17.983s][info][gc] GC(950) To-space exhausted
[17.983s][info][gc] GC(950) Pause Young (Concurrent Start) (G1 Evacuation Pause) 14M->14M(16M) 1.062ms
[17.983s][info][gc] GC(952) Concurrent Mark Cycle
[18.013s][info][gc] GC(951) Pause Full (G1 Compaction Pause) 14M->13M(16M) 30.213ms
[18.013s][info][gc] GC(952) Concurrent Mark Cycle 30.429ms
[18.018s][info][gc] GC(953) Pause Young (Normal) (G1 Preventive Collection) 14M->13M(16M) 0.460ms
[18.021s][info][gc] GC(954) To-space exhausted
[18.021s][info][gc] GC(954) Pause Young (Concurrent Start) (G1 Evacuation Pause) 14M->14M(16M) 0.883ms
[18.021s][info][gc] GC(956) Concurrent Mark Cycle
[18.051s][info][gc] GC(955) Pause Full (G1 Compaction Pause) 14M->13M(16M) 30.441ms
[18.052s][info][gc] GC(956) Concurrent Mark Cycle 30.637ms
[18.056s][info][gc] GC(957) Pause Young (Normal) (G1 Preventive Collection) 14M->13M(16M) 0.513ms
[18.060s][info][gc] GC(958) To-space exhausted
[18.060s][info][gc] GC(958) Pause Young (Concurrent Start) (G1 Evacuation Pause) 14M->14M(16M) 0.953ms
[18.060s][info][gc] GC(960) Concurrent Mark Cycle
[18.090s][info][gc] GC(959) Pause Full (G1 Compaction Pause) 14M->13M(16M) 30.057ms
[18.090s][info][gc] GC(960) Concurrent Mark Cycle 30.256ms
[18.093s][info][gc] GC(961) Pause Young (Normal) (G1 Preventive Collection) 14M->13M(16M) 0.609ms
[18.098s][info][gc] GC(962) To-space exhausted
[18.098s][info][gc] GC(962) Pause Young (Concurrent Start) (G1 Evacuation Pause) 14M->14M(16M) 1.238ms
[18.098s][info][gc] GC(964) Concurrent Mark Cycle
[18.136s][info][gc] GC(963) Pause Full (G1 Compaction Pause) 14M->13M(16M) 37.976ms
[18.136s][info][gc] GC(964) Concurrent Mark Cycle 38.227ms
[18.141s][info][gc] GC(965) Pause Young (Normal) (G1 Preventive Collection) 14M->13M(16M) 0.418ms
[18.144s][info][gc] GC(966) To-space exhausted
[18.144s][info][gc] GC(966) Pause Young (Concurrent Start) (G1 Evacuation Pause) 14M->14M(16M) 0.910ms
[18.144s][info][gc] GC(968) Concurrent Mark Cycle
[18.174s][info][gc] GC(967) Pause Full (G1 Compaction Pause) 14M->13M(16M) 29.808ms
[18.174s][info][gc] GC(968) Concurrent Mark Cycle 30.025ms
[18.179s][info][gc] GC(969) Pause Young (Normal) (G1 Preventive Collection) 14M->13M(16M) 0.461ms
[18.182s][info][gc] GC(970) To-space exhausted
[18.182s][info][gc] GC(970) Pause Young (Concurrent Start) (G1 Evacuation Pause) 14M->14M(16M) 0.882ms
[18.182s][info][gc] GC(972) Concurrent Mark Cycle
[18.214s][info][gc] GC(971) Pause Full (G1 Compaction Pause) 14M->13M(16M) 31.931ms
[18.214s][info][gc] GC(972) Concurrent Mark Cycle 32.134ms
[18.218s][info][gc] GC(973) Pause Young (Normal) (G1 Preventive Collection) 14M->13M(16M) 0.482ms
[18.221s][info][gc] GC(974) To-space exhausted
[18.221s][info][gc] GC(974) Pause Young (Concurrent Start) (G1 Evacuation Pause) 14M->14M(16M) 1.137ms
[18.221s][info][gc] GC(976) Concurrent Mark Cycle
[18.258s][info][gc] GC(975) Pause Full (G1 Compaction Pause) 14M->13M(16M) 37.071ms
[18.259s][info][gc] GC(976) Concurrent Mark Cycle 37.300ms
[18.264s][info][gc] GC(977) Pause Young (Normal) (G1 Preventive Collection) 14M->13M(16M) 0.520ms
[18.269s][info][gc] GC(978) To-space exhausted
[18.269s][info][gc] GC(978) Pause Young (Concurrent Start) (G1 Evacuation Pause) 14M->14M(16M) 1.015ms
[18.269s][info][gc] GC(980) Concurrent Mark Cycle
[18.311s][info][gc] GC(979) Pause Full (G1 Compaction Pause) 14M->13M(16M) 42.674ms
[18.312s][info][gc] GC(980) Concurrent Mark Cycle 42.940ms
[18.317s][info][gc] GC(981) Pause Young (Normal) (G1 Preventive Collection) 14M->13M(16M) 0.481ms
[18.321s][info][gc] GC(982) To-space exhausted
[18.321s][info][gc] GC(982) Pause Young (Concurrent Start) (G1 Evacuation Pause) 14M->14M(16M) 1.104ms
[18.321s][info][gc] GC(984) Concurrent Mark Cycle
[18.355s][info][gc] GC(983) Pause Full (G1 Compaction Pause) 14M->13M(16M) 33.344ms
[18.355s][info][gc] GC(984) Concurrent Mark Cycle 33.581ms
[18.359s][info][gc] GC(985) Pause Young (Normal) (G1 Preventive Collection) 14M->13M(16M) 0.535ms
[18.363s][info][gc] GC(986) To-space exhausted
[18.363s][info][gc] GC(986) Pause Young (Concurrent Start) (G1 Evacuation Pause) 14M->14M(16M) 1.303ms
[18.363s][info][gc] GC(988) Concurrent Mark Cycle
[18.399s][info][gc] GC(987) Pause Full (G1 Compaction Pause) 14M->13M(16M) 36.070ms
[18.400s][info][gc] GC(988) Concurrent Mark Cycle 36.309ms
[18.406s][info][gc] GC(989) Pause Young (Normal) (G1 Preventive Collection) 14M->13M(16M) 0.511ms
[18.410s][info][gc] GC(990) To-space exhausted
[18.410s][info][gc] GC(990) Pause Young (Concurrent Start) (G1 Evacuation Pause) 14M->14M(16M) 1.015ms
[18.410s][info][gc] GC(992) Concurrent Mark Cycle
[18.444s][info][gc] GC(991) Pause Full (G1 Compaction Pause) 14M->13M(16M) 34.141ms
[18.444s][info][gc] GC(992) Concurrent Mark Cycle 34.343ms
[18.450s][info][gc] GC(993) Pause Young (Normal) (G1 Preventive Collection) 14M->13M(16M) 0.538ms
[18.453s][info][gc] GC(994) To-space exhausted
[18.453s][info][gc] GC(994) Pause Young (Concurrent Start) (G1 Evacuation Pause) 14M->14M(16M) 1.142ms
[18.453s][info][gc] GC(996) Concurrent Mark Cycle
[18.489s][info][gc] GC(995) Pause Full (G1 Compaction Pause) 14M->13M(16M) 35.824ms
[18.489s][info][gc] GC(996) Concurrent Mark Cycle 36.028ms
[18.492s][info][gc] GC(997) Pause Young (Normal) (G1 Preventive Collection) 14M->13M(16M) 0.469ms
[18.496s][info][gc] GC(998) To-space exhausted
[18.496s][info][gc] GC(998) Pause Young (Concurrent Start) (G1 Evacuation Pause) 14M->14M(16M) 0.915ms
[18.496s][info][gc] GC(1000) Concurrent Mark Cycle
[18.541s][info][gc] GC(999) Pause Full (G1 Compaction Pause) 14M->13M(16M) 45.477ms
[18.542s][info][gc] GC(1000) Concurrent Mark Cycle 45.829ms
[18.547s][info][gc] GC(1001) Pause Young (Normal) (G1 Preventive Collection) 14M->13M(16M) 0.493ms
[18.550s][info][gc] GC(1002) To-space exhausted
[18.550s][info][gc] GC(1002) Pause Young (Concurrent Start) (G1 Evacuation Pause) 14M->14M(16M) 0.973ms
[18.550s][info][gc] GC(1004) Concurrent Mark Cycle
[18.593s][info][gc] GC(1003) Pause Full (G1 Compaction Pause) 14M->13M(16M) 42.093ms
[18.593s][info][gc] GC(1004) Concurrent Mark Cycle 42.526ms
[18.626s][info][gc] GC(1005) Pause Full (System.gc()) 14M->13M(16M) 31.856ms
[18.631s][info][gc] GC(1006) Pause Young (Concurrent Start) (G1 Preventive Collection) 14M->13M(16M) 0.605ms
[18.631s][info][gc] GC(1007) Concurrent Mark Cycle
[18.635s][info][gc] GC(1008) To-space exhausted
[18.635s][info][gc] GC(1008) Pause Young (Normal) (G1 Evacuation Pause) 14M->14M(16M) 0.905ms
[18.667s][info][gc] GC(1009) Pause Full (G1 Compaction Pause) 14M->13M(16M) 31.795ms
[18.667s][info][gc] GC(1007) Concurrent Mark Cycle 35.838ms
[18.672s][info][gc] GC(1010) Pause Young (Normal) (G1 Preventive Collection) 14M->13M(16M) 0.512ms
[18.675s][info][gc] GC(1011) To-space exhausted
[18.675s][info][gc] GC(1011) Pause Young (Concurrent Start) (G1 Evacuation Pause) 14M->14M(16M) 0.974ms
[18.675s][info][gc] GC(1013) Concurrent Mark Cycle
[18.711s][info][gc] GC(1012) Pause Full (G1 Compaction Pause) 14M->13M(16M) 36.022ms
[18.711s][info][gc] GC(1013) Concurrent Mark Cycle 36.373ms
[18.717s][info][gc] GC(1014) Pause Young (Normal) (G1 Preventive Collection) 14M->14M(16M) 0.639ms
[18.721s][info][gc] GC(1015) To-space exhausted
[18.721s][info][gc] GC(1015) Pause Young (Concurrent Start) (G1 Evacuation Pause) 15M->15M(16M) 1.243ms
[18.721s][info][gc] GC(1017) Concurrent Mark Cycle
[18.753s][info][gc] GC(1016) Pause Full (G1 Compaction Pause) 15M->13M(16M) 32.240ms
[18.754s][info][gc] GC(1017) Concurrent Mark Cycle 32.501ms
[18.764s][info][gc] GC(1018) Pause Young (Normal) (G1 Preventive Collection) 14M->14M(16M) 0.632ms
[18.768s][info][gc] GC(1019) To-space exhausted
[18.768s][info][gc] GC(1019) Pause Young (Concurrent Start) (G1 Evacuation Pause) 15M->15M(16M) 1.115ms
[18.768s][info][gc] GC(1021) Concurrent Mark Cycle
[18.801s][info][gc] GC(1020) Pause Full (G1 Compaction Pause) 15M->13M(16M) 32.500ms
[18.801s][info][gc] GC(1021) Concurrent Mark Cycle 32.734ms
[18.810s][info][gc] GC(1022) Pause Young (Normal) (G1 Preventive Collection) 14M->14M(16M) 0.712ms
[18.814s][info][gc] GC(1023) To-space exhausted
[18.814s][info][gc] GC(1023) Pause Young (Concurrent Start) (G1 Evacuation Pause) 15M->15M(16M) 1.271ms
[18.814s][info][gc] GC(1025) Concurrent Mark Cycle
[18.853s][info][gc] GC(1024) Pause Full (G1 Compaction Pause) 15M->13M(16M) 38.054ms
[18.853s][info][gc] GC(1025) Concurrent Mark Cycle 38.298ms
[18.860s][info][gc] GC(1026) Pause Young (Normal) (G1 Preventive Collection) 14M->14M(16M) 0.662ms
[18.865s][info][gc] GC(1027) To-space exhausted
[18.865s][info][gc] GC(1027) Pause Young (Concurrent Start) (G1 Evacuation Pause) 15M->15M(16M) 1.175ms
[18.865s][info][gc] GC(1029) Concurrent Mark Cycle
[18.905s][info][gc] GC(1028) Pause Full (G1 Compaction Pause) 15M->14M(16M) 39.885ms
[18.906s][info][gc] GC(1029) Concurrent Mark Cycle 40.471ms
[18.917s][info][gc] GC(1030) To-space exhausted
[18.917s][info][gc] GC(1030) Pause Young (Normal) (G1 Evacuation Pause) 15M->15M(16M) 1.536ms
[18.957s][info][gc] GC(1031) Pause Full (G1 Compaction Pause) 15M->14M(16M) 39.012ms
[18.964s][info][gc] GC(1032) To-space exhausted
[18.964s][info][gc] GC(1032) Pause Young (Concurrent Start) (G1 Evacuation Pause) 15M->15M(16M) 1.669ms
[18.964s][info][gc] GC(1034) Concurrent Mark Cycle
[19.003s][info][gc] GC(1033) Pause Full (G1 Compaction Pause) 15M->14M(16M) 38.758ms
[19.003s][info][gc] GC(1034) Concurrent Mark Cycle 38.969ms
[19.013s][info][gc] GC(1035) To-space exhausted
[19.013s][info][gc] GC(1035) Pause Young (Normal) (G1 Evacuation Pause) 15M->15M(16M) 1.589ms
[19.052s][info][gc] GC(1036) Pause Full (G1 Compaction Pause) 15M->14M(16M) 38.731ms
[19.061s][info][gc] GC(1037) To-space exhausted
[19.062s][info][gc] GC(1037) Pause Young (Concurrent Start) (G1 Evacuation Pause) 15M->15M(16M) 1.294ms
[19.062s][info][gc] GC(1039) Concurrent Mark Cycle
[19.100s][info][gc] GC(1038) Pause Full (G1 Compaction Pause) 15M->14M(16M) 38.630ms
[19.100s][info][gc] GC(1039) Concurrent Mark Cycle 38.877ms
[19.112s][info][gc] GC(1040) To-space exhausted
[19.112s][info][gc] GC(1040) Pause Young (Normal) (G1 Evacuation Pause) 15M->15M(16M) 1.036ms
[19.154s][info][gc] GC(1041) Pause Full (G1 Compaction Pause) 15M->14M(16M) 41.905ms
[19.163s][info][gc] GC(1042) To-space exhausted
[19.163s][info][gc] GC(1042) Pause Young (Concurrent Start) (G1 Evacuation Pause) 15M->15M(16M) 1.179ms
[19.163s][info][gc] GC(1044) Concurrent Mark Cycle
[19.202s][info][gc] GC(1043) Pause Full (G1 Compaction Pause) 15M->14M(16M) 39.197ms
[19.202s][info][gc] GC(1044) Concurrent Mark Cycle 39.429ms
[19.211s][info][gc] GC(1045) To-space exhausted
[19.211s][info][gc] GC(1045) Pause Young (Normal) (G1 Evacuation Pause) 15M->15M(16M) 0.992ms
[19.249s][info][gc] GC(1046) Pause Full (G1 Compaction Pause) 15M->14M(16M) 38.614ms
[19.256s][info][gc] GC(1047) To-space exhausted
[19.257s][info][gc] GC(1047) Pause Young (Concurrent Start) (G1 Evacuation Pause) 15M->15M(16M) 1.398ms
[19.257s][info][gc] GC(1049) Concurrent Mark Cycle
[19.291s][info][gc] GC(1048) Pause Full (G1 Compaction Pause) 15M->14M(16M) 34.196ms
[19.291s][info][gc] GC(1049) Concurrent Mark Cycle 34.432ms
[19.300s][info][gc] GC(1050) To-space exhausted
[19.300s][info][gc] GC(1050) Pause Young (Normal) (G1 Evacuation Pause) 15M->15M(16M) 1.160ms
[19.338s][info][gc] GC(1051) Pause Full (G1 Compaction Pause) 15M->14M(16M) 38.161ms
[19.346s][info][gc] GC(1052) To-space exhausted
[19.346s][info][gc] GC(1052) Pause Young (Concurrent Start) (G1 Evacuation Pause) 15M->15M(16M) 1.355ms
[19.346s][info][gc] GC(1054) Concurrent Mark Cycle
[19.385s][info][gc] GC(1053) Pause Full (G1 Compaction Pause) 15M->14M(16M) 38.760ms
[19.385s][info][gc] GC(1054) Concurrent Mark Cycle 39.126ms
[19.394s][info][gc] GC(1055) To-space exhausted
[19.394s][info][gc] GC(1055) Pause Young (Normal) (G1 Evacuation Pause) 15M->15M(16M) 0.957ms
[19.434s][info][gc] GC(1056) Pause Full (G1 Compaction Pause) 15M->14M(16M) 39.455ms
[19.444s][info][gc] GC(1057) To-space exhausted
[19.444s][info][gc] GC(1057) Pause Young (Concurrent Start) (G1 Evacuation Pause) 15M->15M(16M) 1.390ms
[19.444s][info][gc] GC(1059) Concurrent Mark Cycle
[19.483s][info][gc] GC(1058) Pause Full (G1 Compaction Pause) 15M->14M(16M) 39.558ms
[19.483s][info][gc] GC(1059) Concurrent Mark Cycle 39.792ms
[19.493s][info][gc] GC(1060) To-space exhausted
[19.493s][info][gc] GC(1060) Pause Young (Normal) (G1 Evacuation Pause) 15M->15M(16M) 1.194ms
[19.534s][info][gc] GC(1061) Pause Full (G1 Compaction Pause) 15M->14M(16M) 41.034ms
[19.542s][info][gc] GC(1062) To-space exhausted
[19.543s][info][gc] GC(1062) Pause Young (Concurrent Start) (G1 Evacuation Pause) 15M->15M(16M) 1.514ms
[19.543s][info][gc] GC(1064) Concurrent Mark Cycle
[19.582s][info][gc] GC(1063) Pause Full (G1 Compaction Pause) 15M->14M(16M) 39.652ms
[19.582s][info][gc] GC(1064) Concurrent Mark Cycle 39.897ms
[19.594s][info][gc] GC(1065) To-space exhausted
[19.594s][info][gc] GC(1065) Pause Young (Normal) (G1 Evacuation Pause) 15M->15M(16M) 1.140ms
[19.631s][info][gc] GC(1066) Pause Full (G1 Compaction Pause) 15M->14M(16M) 36.470ms
[19.640s][info][gc] GC(1067) To-space exhausted
[19.640s][info][gc] GC(1067) Pause Young (Concurrent Start) (G1 Evacuation Pause) 15M->15M(16M) 1.200ms
[19.640s][info][gc] GC(1069) Concurrent Mark Cycle
[19.681s][info][gc] GC(1068) Pause Full (G1 Compaction Pause) 15M->14M(16M) 40.596ms
[19.681s][info][gc] GC(1069) Concurrent Mark Cycle 40.827ms
[19.691s][info][gc] GC(1070) To-space exhausted
[19.691s][info][gc] GC(1070) Pause Young (Normal) (G1 Evacuation Pause) 15M->15M(16M) 1.289ms
[19.734s][info][gc] GC(1071) Pause Full (G1 Compaction Pause) 15M->14M(16M) 42.862ms
[19.745s][info][gc] GC(1072) To-space exhausted
[19.745s][info][gc] GC(1072) Pause Young (Concurrent Start) (G1 Evacuation Pause) 15M->15M(16M) 1.492ms
[19.745s][info][gc] GC(1074) Concurrent Mark Cycle
[19.785s][info][gc] GC(1073) Pause Full (G1 Compaction Pause) 15M->14M(16M) 39.492ms
[19.785s][info][gc] GC(1074) Concurrent Mark Cycle 39.740ms
[19.791s][info][gc] GC(1075) To-space exhausted
[19.791s][info][gc] GC(1075) Pause Young (Normal) (G1 Evacuation Pause) 15M->15M(16M) 1.140ms
[19.832s][info][gc] GC(1076) Pause Full (G1 Compaction Pause) 15M->14M(16M) 40.586ms
[19.841s][info][gc] GC(1077) To-space exhausted
[19.841s][info][gc] GC(1077) Pause Young (Concurrent Start) (G1 Evacuation Pause) 15M->15M(16M) 1.137ms
[19.841s][info][gc] GC(1079) Concurrent Mark Cycle
[19.878s][info][gc] GC(1078) Pause Full (G1 Compaction Pause) 15M->14M(16M) 37.213ms
[19.878s][info][gc] GC(1079) Concurrent Mark Cycle 37.477ms
[19.888s][info][gc] GC(1080) To-space exhausted
[19.888s][info][gc] GC(1080) Pause Young (Normal) (G1 Evacuation Pause) 15M->15M(16M) 1.172ms
[19.931s][info][gc] GC(1081) Pause Full (G1 Compaction Pause) 15M->14M(16M) 42.638ms
[19.939s][info][gc] GC(1082) To-space exhausted
[19.939s][info][gc] GC(1082) Pause Young (Concurrent Start) (G1 Evacuation Pause) 15M->15M(16M) 1.500ms
[19.939s][info][gc] GC(1084) Concurrent Mark Cycle
[19.980s][info][gc] GC(1083) Pause Full (G1 Compaction Pause) 15M->14M(16M) 40.893ms
[19.980s][info][gc] GC(1084) Concurrent Mark Cycle 41.154ms
[19.987s][info][gc] GC(1085) To-space exhausted
[19.987s][info][gc] GC(1085) Pause Young (Normal) (G1 Evacuation Pause) 15M->15M(16M) 1.228ms
[20.027s][info][gc] GC(1086) Pause Full (G1 Compaction Pause) 15M->14M(16M) 39.910ms
[20.034s][info][gc] GC(1087) To-space exhausted
[20.034s][info][gc] GC(1087) Pause Young (Concurrent Start) (G1 Evacuation Pause) 15M->15M(16M) 1.292ms
[20.034s][info][gc] GC(1089) Concurrent Mark Cycle
[20.076s][info][gc] GC(1088) Pause Full (G1 Compaction Pause) 15M->14M(16M) 42.248ms
[20.076s][info][gc] GC(1089) Concurrent Mark Cycle 42.483ms
[20.084s][info][gc] GC(1090) To-space exhausted
[20.084s][info][gc] GC(1090) Pause Young (Normal) (G1 Evacuation Pause) 15M->15M(16M) 1.063ms
[20.138s][info][gc] GC(1091) Pause Full (G1 Compaction Pause) 15M->14M(16M) 54.022ms
[20.146s][info][gc] GC(1092) To-space exhausted
[20.146s][info][gc] GC(1092) Pause Young (Concurrent Start) (G1 Evacuation Pause) 15M->15M(16M) 1.375ms
[20.146s][info][gc] GC(1094) Concurrent Mark Cycle
[20.189s][info][gc] GC(1093) Pause Full (G1 Compaction Pause) 15M->14M(16M) 43.513ms
[20.190s][info][gc] GC(1094) Concurrent Mark Cycle 43.739ms
[20.196s][info][gc] GC(1095) To-space exhausted
[20.196s][info][gc] GC(1095) Pause Young (Normal) (G1 Evacuation Pause) 15M->15M(16M) 1.146ms
[20.236s][info][gc] GC(1096) Pause Full (G1 Compaction Pause) 15M->14M(16M) 39.605ms
[20.244s][info][gc] GC(1097) To-space exhausted
[20.244s][info][gc] GC(1097) Pause Young (Concurrent Start) (G1 Evacuation Pause) 15M->15M(16M) 1.258ms
[20.244s][info][gc] GC(1099) Concurrent Mark Cycle
[20.282s][info][gc] GC(1098) Pause Full (G1 Compaction Pause) 15M->14M(16M) 38.375ms
[20.282s][info][gc] GC(1099) Concurrent Mark Cycle 38.579ms
[20.291s][info][gc] GC(1100) To-space exhausted
[20.291s][info][gc] GC(1100) Pause Young (Normal) (G1 Evacuation Pause) 15M->15M(16M) 1.131ms
[20.331s][info][gc] GC(1101) Pause Full (G1 Compaction Pause) 15M->14M(16M) 40.137ms
[20.353s][info][gc] GC(1102) To-space exhausted
[20.353s][info][gc] GC(1102) Pause Young (Concurrent Start) (G1 Evacuation Pause) 15M->15M(16M) 1.472ms
[20.353s][info][gc] GC(1104) Concurrent Mark Cycle
[20.387s][info][gc] GC(1103) Pause Full (G1 Compaction Pause) 15M->14M(16M) 34.206ms
[20.388s][info][gc] GC(1104) Concurrent Mark Cycle 34.424ms
[20.395s][info][gc] GC(1105) To-space exhausted
[20.395s][info][gc] GC(1105) Pause Young (Normal) (G1 Evacuation Pause) 15M->15M(16M) 0.972ms
[20.426s][info][gc] GC(1106) Pause Full (G1 Compaction Pause) 15M->14M(16M) 31.671ms
[20.434s][info][gc] GC(1107) To-space exhausted
[20.434s][info][gc] GC(1107) Pause Young (Concurrent Start) (G1 Evacuation Pause) 15M->15M(16M) 1.171ms
[20.434s][info][gc] GC(1109) Concurrent Mark Cycle
[20.467s][info][gc] GC(1108) Pause Full (G1 Compaction Pause) 15M->14M(16M) 32.846ms
[20.467s][info][gc] GC(1109) Concurrent Mark Cycle 33.049ms
[20.474s][info][gc] GC(1110) To-space exhausted
[20.474s][info][gc] GC(1110) Pause Young (Normal) (G1 Evacuation Pause) 15M->15M(16M) 1.032ms
[20.510s][info][gc] GC(1111) Pause Full (G1 Compaction Pause) 15M->14M(16M) 36.061ms
[20.522s][info][gc] GC(1112) To-space exhausted
[20.522s][info][gc] GC(1112) Pause Young (Concurrent Start) (G1 Evacuation Pause) 15M->15M(16M) 1.300ms
[20.523s][info][gc] GC(1114) Concurrent Mark Cycle
[20.555s][info][gc] GC(1113) Pause Full (G1 Compaction Pause) 15M->14M(16M) 32.553ms
[20.555s][info][gc] GC(1114) Concurrent Mark Cycle 32.780ms
[20.563s][info][gc] GC(1115) To-space exhausted
[20.563s][info][gc] GC(1115) Pause Young (Normal) (G1 Evacuation Pause) 15M->15M(16M) 1.048ms
[20.594s][info][gc] GC(1116) Pause Full (G1 Compaction Pause) 15M->14M(16M) 31.323ms
[20.602s][info][gc] GC(1117) To-space exhausted
[20.602s][info][gc] GC(1117) Pause Young (Concurrent Start) (G1 Evacuation Pause) 15M->15M(16M) 0.979ms
[20.602s][info][gc] GC(1119) Concurrent Mark Cycle
[20.634s][info][gc] GC(1118) Pause Full (G1 Compaction Pause) 15M->14M(16M) 32.271ms
[20.634s][info][gc] GC(1119) Concurrent Mark Cycle 32.487ms
[20.643s][info][gc] GC(1120) To-space exhausted
[20.643s][info][gc] GC(1120) Pause Young (Normal) (G1 Evacuation Pause) 15M->15M(16M) 0.962ms
[20.676s][info][gc] GC(1121) Pause Full (G1 Compaction Pause) 15M->14M(16M) 33.315ms
[20.683s][info][gc] GC(1122) To-space exhausted
[20.684s][info][gc] GC(1122) Pause Young (Concurrent Start) (G1 Evacuation Pause) 15M->15M(16M) 1.089ms
[20.684s][info][gc] GC(1124) Concurrent Mark Cycle
[20.721s][info][gc] GC(1123) Pause Full (G1 Compaction Pause) 15M->14M(16M) 37.029ms
[20.721s][info][gc] GC(1124) Concurrent Mark Cycle 37.271ms
[20.729s][info][gc] GC(1125) To-space exhausted
[20.729s][info][gc] GC(1125) Pause Young (Normal) (G1 Evacuation Pause) 15M->15M(16M) 0.898ms
[20.762s][info][gc] GC(1126) Pause Full (G1 Compaction Pause) 15M->14M(16M) 33.322ms
[20.771s][info][gc] GC(1127) To-space exhausted
[20.771s][info][gc] GC(1127) Pause Young (Concurrent Start) (G1 Evacuation Pause) 15M->15M(16M) 1.828ms
[20.772s][info][gc] GC(1129) Concurrent Mark Cycle
[20.808s][info][gc] GC(1128) Pause Full (G1 Compaction Pause) 15M->14M(16M) 36.009ms
[20.808s][info][gc] GC(1129) Concurrent Mark Cycle 36.251ms
[20.815s][info][gc] GC(1130) To-space exhausted
[20.815s][info][gc] GC(1130) Pause Young (Normal) (G1 Evacuation Pause) 15M->15M(16M) 1.032ms
[20.851s][info][gc] GC(1131) Pause Full (G1 Compaction Pause) 15M->14M(16M) 35.552ms
[20.859s][info][gc] GC(1132) To-space exhausted
[20.859s][info][gc] GC(1132) Pause Young (Concurrent Start) (G1 Evacuation Pause) 15M->15M(16M) 1.222ms
[20.859s][info][gc] GC(1134) Concurrent Mark Cycle
[20.895s][info][gc] GC(1133) Pause Full (G1 Compaction Pause) 15M->14M(16M) 36.156ms
[20.896s][info][gc] GC(1134) Concurrent Mark Cycle 36.416ms
[20.904s][info][gc] GC(1135) To-space exhausted
[20.905s][info][gc] GC(1135) Pause Young (Normal) (G1 Evacuation Pause) 15M->15M(16M) 1.464ms
[20.948s][info][gc] GC(1136) Pause Full (G1 Compaction Pause) 15M->15M(16M) 43.798ms
[20.992s][info][gc] GC(1137) Pause Full (G1 Compaction Pause) 15M->14M(16M) 42.949ms
[21.000s][info][gc] GC(1138) To-space exhausted
[21.000s][info][gc] GC(1138) Pause Young (Concurrent Start) (G1 Evacuation Pause) 15M->15M(16M) 1.772ms
[21.000s][info][gc] GC(1140) Concurrent Mark Cycle
[21.036s][info][gc] GC(1139) Pause Full (G1 Compaction Pause) 15M->14M(16M) 35.833ms
[21.036s][info][gc] GC(1140) Concurrent Mark Cycle 36.059ms
[21.043s][info][gc] GC(1141) To-space exhausted
[21.043s][info][gc] GC(1141) Pause Young (Normal) (G1 Evacuation Pause) 15M->15M(16M) 1.416ms
[21.079s][info][gc] GC(1142) Pause Full (G1 Compaction Pause) 15M->14M(16M) 35.827ms
[21.086s][info][gc] GC(1143) To-space exhausted
[21.086s][info][gc] GC(1143) Pause Young (Concurrent Start) (G1 Evacuation Pause) 15M->15M(16M) 1.233ms
[21.086s][info][gc] GC(1145) Concurrent Mark Cycle
[21.131s][info][gc] GC(1144) Pause Full (G1 Compaction Pause) 15M->14M(16M) 44.336ms
[21.131s][info][gc] GC(1145) Concurrent Mark Cycle 44.598ms
[21.138s][info][gc] GC(1146) To-space exhausted
[21.138s][info][gc] GC(1146) Pause Young (Normal) (G1 Evacuation Pause) 15M->15M(16M) 0.956ms
[21.174s][info][gc] GC(1147) Pause Full (G1 Compaction Pause) 15M->14M(16M) 35.697ms
[21.183s][info][gc] GC(1148) To-space exhausted
[21.183s][info][gc] GC(1148) Pause Young (Concurrent Start) (G1 Evacuation Pause) 15M->15M(16M) 1.073ms
[21.183s][info][gc] GC(1150) Concurrent Mark Cycle
[21.224s][info][gc] GC(1149) Pause Full (G1 Compaction Pause) 15M->14M(16M) 40.441ms
[21.224s][info][gc] GC(1150) Concurrent Mark Cycle 40.770ms
[21.231s][info][gc] GC(1151) To-space exhausted
[21.232s][info][gc] GC(1151) Pause Young (Normal) (G1 Evacuation Pause) 15M->15M(16M) 1.050ms
[21.268s][info][gc] GC(1152) Pause Full (G1 Compaction Pause) 15M->14M(16M) 36.778ms
[21.276s][info][gc] GC(1153) To-space exhausted
[21.276s][info][gc] GC(1153) Pause Young (Concurrent Start) (G1 Evacuation Pause) 15M->15M(16M) 1.088ms
[21.276s][info][gc] GC(1155) Concurrent Mark Cycle
[21.318s][info][gc] GC(1154) Pause Full (G1 Compaction Pause) 15M->15M(16M) 41.477ms
[21.360s][info][gc] GC(1156) Pause Full (G1 Compaction Pause) 15M->15M(16M) 41.838ms
[21.360s][info][gc] GC(1155) Concurrent Mark Cycle 83.943ms
[21.361s][info][gc] GC(1157) Pause Young (Normal) (G1 Evacuation Pause) 15M->15M(16M) 0.403ms
[21.394s][info][gc] GC(1158) Pause Full (G1 Compaction Pause) 15M->15M(16M) 32.812ms
[21.431s][info][gc] GC(1159) Pause Full (G1 Compaction Pause) 15M->15M(16M) 37.351ms
[21.433s][info][gc] GC(1160) Pause Young (Concurrent Start) (G1 Evacuation Pause) 15M->15M(16M) 0.551ms
[21.433s][info][gc] GC(1162) Concurrent Mark Cycle
[21.471s][info][gc] GC(1161) Pause Full (G1 Compaction Pause) 15M->15M(16M) 38.838ms
[21.523s][info][gc] GC(1163) Pause Full (G1 Compaction Pause) 15M->15M(16M) 51.335ms
[21.523s][info][gc] GC(1162) Concurrent Mark Cycle 90.679ms
[21.524s][info][gc] GC(1164) Pause Young (Normal) (G1 Evacuation Pause) 15M->15M(16M) 0.370ms
[21.554s][info][gc] GC(1165) Pause Full (G1 Compaction Pause) 15M->15M(16M) 29.671ms
[21.593s][info][gc] GC(1166) Pause Full (G1 Compaction Pause) 15M->15M(16M) 39.586ms
[21.595s][info][gc] GC(1167) Pause Young (Concurrent Start) (G1 Evacuation Pause) 15M->15M(16M) 0.595ms
[21.595s][info][gc] GC(1169) Concurrent Mark Cycle
[21.628s][info][gc] GC(1168) Pause Full (G1 Compaction Pause) 15M->15M(16M) 32.893ms
[21.668s][info][gc] GC(1170) Pause Full (G1 Compaction Pause) 15M->15M(16M) 40.477ms
[21.669s][info][gc] GC(1169) Concurrent Mark Cycle 73.840ms
[21.670s][info][gc] GC(1171) Pause Young (Normal) (G1 Evacuation Pause) 15M->15M(16M) 0.433ms
[21.700s][info][gc] GC(1172) Pause Full (G1 Compaction Pause) 15M->15M(16M) 30.033ms
[21.747s][info][gc] GC(1173) Pause Full (G1 Compaction Pause) 15M->15M(16M) 47.460ms
[21.748s][info][gc] GC(1174) Pause Young (Concurrent Start) (G1 Evacuation Pause) 15M->15M(16M) 0.634ms
[21.748s][info][gc] GC(1176) Concurrent Mark Cycle
[21.782s][info][gc] GC(1175) Pause Full (G1 Compaction Pause) 15M->15M(16M) 33.026ms
[21.826s][info][gc] GC(1177) Pause Full (G1 Compaction Pause) 15M->14M(16M) 44.434ms
[21.826s][info][gc] GC(1176) Concurrent Mark Cycle 77.863ms
[21.827s][info][gc] GC(1178) Pause Young (Normal) (G1 Evacuation Pause) 14M->14M(16M) 0.422ms
[21.862s][info][gc] GC(1179) Pause Full (G1 Compaction Pause) 14M->14M(16M) 35.028ms
